Date,Close,Volume,MA_5,MA_20,BBands_up,BBands_down,RSI,EMA_12,EMA_26,DIF,DEM,OSC,RDP,BIAS_6,BIAS_12,BIAS_24,PSY_12,PSY_24,W%R,%K,%D,PROC,MO,LAG,BBands_up_L1,BIAS_24_L1
2012/1/3,12397.37988,152560000,12268.94785,12097.36348,12435.41014,11759.31682,67.46739774,12175.45649,12054.89511,120.561377,94.81575493,25.74562207,1.471818586,1.012429119,2.231558248,2.744964255,0.583333333,0.541666667,0,100,94.73223219,4.853895734,179.8203125,12217.55957,12388.40108,1.561329146
2012/1/4,12418.41992,145130000,12294.36191,12113.39297,12479.26613,11747.51981,61.34058242,12212.83548,12081.82288,131.0126029,102.0551245,28.95747834,0.169713595,1.013189185,2.019746714,2.613612455,0.583333333,0.541666667,0,100,95.17183994,4.630711684,21.04003906,12397.37988,12435.41014,2.744964255
2012/1/5,12415.7002,158440000,12347.21992,12126.67148,12515.47208,11737.87088,61.33283019,12244.04544,12106.55453,137.4909059,109.1422808,28.34862508,-0.021900746,0.821101439,1.615271483,2.460609373,0.583333333,0.5,0.417033536,98.98141307,99.66047102,4.629129526,-2.719726563,12418.41992,12479.26613,2.613612455
2012/1/6,12359.91992,131120000,12361.7959,12134.84897,12535.85746,11733.84049,72.44595453,12261.87228,12125.32234,136.549943,114.6238132,21.9261298,-0.449272071,0.08569961,0.750805589,1.88121133,0.583333333,0.5,8.970189215,78.09068898,92.35736735,5.045444925,-55.78027344,12415.7002,12515.47208,2.460609373
2012/1/9,12392.69043,122200000,12396.82207,12154.59849,12565.4295,11743.76747,64.60828,12281.99815,12145.12738,136.8707683,119.0732042,17.79756405,0.265135276,0.208179488,0.81993312,2.020543166,0.583333333,0.541666667,3.945272023,90.36383852,89.14531352,2.388635013,32.77050781,12359.91992,12535.85746,1.88121133
2012/1/10,12462.46973,141230000,12409.84004,12168.50898,12600.70002,11736.31794,83.83576725,12309.76301,12168.63422,141.1287859,123.4843206,17.64446534,0.563068183,0.440904446,1.144376069,2.466826772,0.583333333,0.541666667,0,100,89.4848425,2.929774552,69.77929688,12392.69043,12565.4295,2.020543166
2012/1/11,12449.4502,130260000,12416.04609,12189.91201,12633.09765,11746.72637,63.34387763,12331.25334,12189.4354,141.8179393,127.1510443,14.66689496,-0.104469913,0.265844791,0.847870142,2.254924958,0.5,0.5,3.670270315,94.68395617,95.01593156,2.299160581,-13.01953125,12462.46973,12600.70002,2.466826772
2012/1/12,12471.01953,128230000,12427.10996,12215.71597,12661.26293,11770.16901,63.44305011,12352.75583,12210.29349,142.4623462,130.2133047,12.24904149,0.173255329,0.368695612,0.902019704,2.33589716,0.5,0.5,0,100,98.22798539,1.439885564,21.56933594,12449.4502,12633.09765,2.254924958
2012/1/13,12422.05957,161470000,12439.53789,12245.64492,12661.18664,11830.1032,51.31457825,12363.41795,12225.97986,137.438083,131.6582603,5.779822613,-0.392589883,-0.033869049,0.417390418,1.786451038,0.5,0.5,15.31868736,55.93147338,83.53847652,1.063430503,-48.95996094,12471.01953,12661.26293,2.33589716
2012/1/17,12482.07031,148670000,12457.41387,12276.30796,12665.78511,11886.83081,74.81628151,12381.67216,12244.94953,136.7226301,132.6711343,4.051495839,0.483098168,0.28476539,0.678245113,2.174291172,0.583333333,0.5,0,100,85.31049113,2.721166943,60.01074219,12422.05957,12661.18664,1.786451038
2012/1/18,12578.9502,154170000,12480.70996,12311.93599,12674.3265,11949.54547,80.02071371,12412.02262,12269.69032,142.3323073,134.6033689,7.728938378,0.776152356,0.8116922,1.260979423,2.771880846,0.583333333,0.541666667,0,100,85.31049113,2.375756531,96.87988281,12482.07031,12665.78511,2.174291172
2012/1/19,12623.98047,148030000,12515.61602,12354.82202,12644.46298,12065.18107,78.2885937,12444.63152,12295.93403,148.6974914,137.4221934,11.27529803,0.357981173,0.954786245,1.347159899,2.905411071,0.666666667,0.583333333,0,100,100,3.326530934,45.03027344,12578.9502,12674.3265,2.771880846
2012/1/20,12720.48047,255110000,12565.5082,12385.66704,12692.59201,12078.74207,86.72992681,12487.06982,12327.38192,159.6879065,141.875336,17.81257045,0.764418166,1.360347739,1.901607293,3.377084546,0.666666667,0.625,0,100,100,2.606200576,96.5,12623.98047,12644.46298,2.905411071
2012/1/23,12708.82031,149860000,12622.86035,12415.72104,12725.60314,12105.83895,83.11610246,12521.18528,12355.63661,165.5486704,146.6100029,18.93866749,-0.091664433,0.94862995,1.611213877,2.989379047,0.583333333,0.583333333,3.233896873,96.09271458,98.69757153,2.338464897,-11.66015625,12720.48047,12692.59201,3.377084546
2012/1/24,12675.75,125420000,12661.59629,12441.02603,12749.0494,12133.00265,86.96479949,12544.96447,12379.34872,165.6157548,150.4111533,15.20460156,-0.260215438,0.348922103,1.171510653,2.441426384,0.583333333,0.583333333,12.40581343,85.01094629,93.70122029,2.094523874,-33.0703125,12708.82031,12725.60314,2.989379047
2012/1/25,12758.84961,135430000,12697.57617,12464.26851,12793.80847,12134.72855,87.78657707,12577.86988,12407.45989,170.4099835,154.4109193,15.9990642,0.655579428,0.639262337,1.565278843,2.769512809,0.666666667,0.625,0,100,93.70122029,3.22760738,83.09960938,12675.75,12749.0494,2.441426384
2012/1/26,12734.62988,130840000,12719.70605,12486.43252,12825.94758,12146.91746,76.51400744,12601.9868,12431.69471,170.2920935,157.5871542,12.70493936,-0.189826883,0.243062781,1.143057198,2.357645526,0.583333333,0.583333333,6.071176782,92.8086571,92.60653446,2.759202734,-24.21972656,12758.84961,12793.80847,2.769512809
2012/1/27,12660.45996,164410000,12707.70195,12511.88501,12822.18853,12201.58149,55.65188447,12610.98267,12448.64028,162.34239,158.5382013,3.804188672,-0.582426993,-0.388453175,0.422376707,1.573465279,0.5,0.541666667,26.87073106,64.45194798,85.75353503,1.588691798,-74.16992188,12734.62988,12825.94758,2.357645526
2012/1/30,12653.71973,130430000,12696.68184,12530.21899,12828.3064,12232.13159,35.67119819,12617.5576,12463.83135,153.7262516,157.5758114,-3.849559811,-0.053238464,-0.35425021,0.233576364,1.355377773,0.5,0.5,31.21525895,41.56185368,66.27415292,1.640791586,-6.740234375,12660.45996,12822.18853,1.573465279
2012/1/31,12632.91016,168070000,12688.11387,12550.98652,12814.97298,12287.00007,34.32316876,12619.91953,12476.35571,143.5638269,154.7734145,-11.20958755,-0.164454174,-0.418909376,-0.03808623,1.074369161,0.416666667,0.458333333,37.3940552,6.62100126,37.54493431,1.298134644,-20.80957031,12653.71973,12828.3064,1.355377773
2012/2/1,12716.45996,143500000,12679.63594,12566.94053,12830.4325,12303.44855,56.95685405,12634.77191,12494.14121,140.6307,151.9448716,-11.31417158,0.661366254,0.186102938,0.428069083,1.59885605,0.5,0.5,12.58637237,66.34124781,38.17470092,2.369980509,83.54980469,12632.91016,12814.97298,1.074369161
2012/2/2,12705.41016,114360000,12673.79199,12581.29004,12842.11082,12320.46926,37.88435651,12645.63933,12509.79076,135.8485712,148.7256115,-12.87704036,-0.086893717,0.169336419,0.193533654,1.323706215,0.416666667,0.5,15.86729028,57.56734542,43.50986483,1.789285256,-11.04980469,12716.45996,12830.4325,1.59885605
2012/2/3,12862.23047,142840000,12714.14609,12603.61655,12879.90461,12327.32849,68.06659016,12678.96104,12535.8974,143.0636396,147.5932171,-4.529577532,1.234279811,1.235967033,1.241730728,2.378650685,0.416666667,0.5,0,100,74.63619774,2.252018404,156.8203125,12705.41016,12842.11082,1.323706215
2012/2/6,12845.12988,108040000,12752.42813,12627.87705,12899.48142,12356.27268,81.18683537,12704.52548,12558.80351,145.7219668,147.2189671,-1.49700024,-0.132951948,0.857045831,0.960674271,2.030176186,0.333333333,0.5,6.0366314,92.54292577,83.3700904,1.751819995,-17.10058594,12862.23047,12879.90461,2.378650685
2012/2/7,12878.2002,116150000,12801.48613,12652.15254,12922.11832,12382.18676,84.8139263,12731.24467,12582.46253,148.7821403,147.5316017,1.250538546,0.257454092,0.820534388,1.116144306,2.130333443,0.333333333,0.5,0,100,97.51430859,1.239888123,33.0703125,12845.12988,12899.48142,2.030176186
2012/2/8,12883.9502,138250000,12834.98418,12673.22656,12946.45757,12399.99556,90.84066002,12754.73783,12604.79495,149.9428785,148.0138571,1.929021447,0.044649096,0.536237362,1.045504342,2.018999612,0.416666667,0.5,0,100,97.51430859,1.378018404,5.75,12878.2002,12922.11832,2.130333443
2012/2/9,12890.45996,157080000,12871.99414,12695.27705,12963.85327,12426.70084,87.7766847,12775.61815,12625.95532,149.6628356,148.3436528,1.319182846,0.050526163,0.359926731,0.954892547,1.910915575,0.5,0.541666667,0,100,100,1.69386396,6.509765625,12883.9502,12946.45757,2.018999612
2012/2/10,12801.23047,123620000,12859.79414,12711.7876,12963.24282,12460.33238,65.53101772,12779.55851,12638.93866,140.6198473,146.7988917,-6.179044421,-0.692213408,-0.45854439,0.228346385,1.058562148,0.416666667,0.541666667,34.64552897,65.35447103,88.45149034,0.332168343,-89.22949219,12890.45996,12963.85327,1.910915575
2012/2/13,12874.04004,112240000,12865.57617,12734.38662,12957.23987,12511.53337,52.63054856,12794.09413,12656.35358,137.7405503,144.9872234,-7.246673081,0.568770092,0.092298449,0.706811996,1.472688517,0.5,0.541666667,6.375435576,91.12675536,85.49374213,1.09473269,72.80957031,12801.23047,12963.24282,1.058562148
2012/2/14,12878.28027,120050000,12865.59219,12754.19712,12952.94852,12555.44572,57.83292107,12807.04584,12672.79259,134.2532503,142.8404288,-8.587178452,0.032936315,0.082273884,0.597142121,1.367683746,0.583333333,0.541666667,4.729061051,93.41815706,83.29979449,1.720477085,4.240234375,12874.04004,12957.23987,1.472688517
2012/2/15,12780.9502,127560000,12844.99219,12764.29712,12946.21723,12582.377,32.37388934,12803.03113,12680.80427,122.2268609,138.7177152,-16.49085429,-0.755769218,-0.54884702,-0.245757039,0.492321612,0.583333333,0.541666667,42.51984029,0,61.51497081,1.005478796,-97.33007813,12878.28027,12952.94852,1.367683746
2012/2/16,12904.08008,134450000,12847.71621,12778.3021,12957.96977,12598.63443,52.55943202,12818.57712,12697.34322,121.2339042,135.220953,-13.98704882,0.963385984,0.383045672,0.537941042,1.316707065,0.666666667,0.541666667,0,100,64.47271902,2.146535664,123.1298828,12780.9502,12946.21723,0.492321612
2012/2/17,12949.87012,234650000,12877.44414,12789.77158,12982.05451,12597.48865,56.86776094,12838.77604,12716.04891,122.7271303,132.7221885,-9.995058147,0.35484931,0.661717554,0.742029783,1.500965389,0.666666667,0.583333333,0,100,66.66666667,1.835496333,45.79003906,12904.08008,12957.96977,1.316707065
2012/2/21,12965.69043,164780000,12895.77422,12802.61509,13005.57264,12599.65753,72.89762576,12858.30133,12734.54088,123.7604563,130.929842,-7.169385738,0.122165801,0.570413497,0.695194009,1.464709375,0.75,0.583333333,0,100,100,2.048578285,15.8203125,12949.87012,12982.05451,1.500965389
2012/2/22,12938.66992,124200000,12907.85215,12815.76108,13018.20548,12613.31669,60.31335417,12870.66573,12749.66155,121.0041845,128.9447105,-7.940526029,-0.208400069,0.27704124,0.435658775,1.134632927,0.666666667,0.541666667,10.38131221,85.37378287,95.12459429,0.594293916,-27.02050781,12965.69043,13005.57264,1.464709375
2012/2/23,12984.69043,120480000,12948.6002,12827.05313,13040.43854,12613.66771,64.98264739,12888.20799,12767.07109,121.1368989,127.3831482,-6.246249345,0.355681906,0.49557769,0.701978972,1.375256724,0.75,0.541666667,0,100,95.12459429,1.08648607,46.02050781,12938.66992,13018.20548,1.134632927
2012/2/24,12982.9502,89440000,12964.37422,12839.46914,13058.71574,12620.22254,88.91777987,12902.78372,12783.06214,119.7215777,125.8508341,-6.129256369,-0.013402201,0.220968669,0.62036419,1.275199015,0.666666667,0.5,0.854143699,99.1458563,94.83987972,0.813390058,-1.740234375,12984.69043,13040.43854,1.375256724
2012/2/27,12981.50977,143530000,12970.70215,12855.52163,13066.86163,12644.18163,78.08842284,12914.89542,12797.76196,117.1334534,124.107358,-6.973904581,-0.011094779,0.110120837,0.545847862,1.174290729,0.583333333,0.5,1.561136941,98.43886306,99.19490645,0.757217847,-1.440429688,12982.9502,13058.71574,1.275199015
2012/2/28,13005.12012,114490000,12978.58809,12873.09165,13072.49303,12673.69027,73.88624312,12928.77614,12813.12183,115.6543133,122.416749,-6.762435729,0.181876777,0.221028603,0.654226679,1.250007128,0.583333333,0.541666667,0,100,99.19490645,0.889496237,23.61035156,12981.50977,13066.86163,1.174290729
2012/2/29,12952.07031,182460000,12981.26816,12889.04966,13057.72798,12720.37134,45.54554107,12932.35986,12823.41431,108.9455517,119.7225096,-10.77695783,-0.407914761,-0.170324168,0.146214506,0.773829221,0.583333333,0.5,23.66499673,47.49625477,81.97837261,1.178323007,-53.04980469,13005.12012,13072.49303,1.250007128
2012/3/1,12980.2998,139670000,12980.39004,12902.24165,13055.42173,12749.06157,63.50822934,12939.73523,12835.03545,104.6997801,116.7179637,-12.01818359,0.217953512,-0.006216466,0.2958169,0.913098787,0.583333333,0.541666667,11.07209758,62.64824748,70.04816742,0.825380108,28.22949219,12952.07031,13057.72798,0.773829221
2012/3/2,12977.57031,93900000,12979.31406,12915.84966,13042.77397,12788.92535,46.78694506,12945.55602,12845.59359,99.96242364,113.3668557,-13.40443202,-0.02102796,-0.018103133,0.210659432,0.788347366,0.5,0.541666667,12.28969723,58.54067161,56.22839129,0.770988338,-2.729492188,12980.2998,13055.42173,0.913098787
2012/3/5,12962.80957,108630000,12975.57402,12920.87861,13046.8733,12794.88392,41.86699476,12948.21041,12854.27626,93.93415158,109.4803149,-15.54616327,-0.113740414,-0.105989106,-0.020320817,0.573116223,0.5,0.541666667,18.87431932,36.32743038,52.50544982,1.422894012,-14.76074219,12977.57031,13042.77397,0.788347366
2012/3/6,12759.15039,142330000,12926.38008,12916.57964,13057.59158,12775.5677,15.89988738,12919.12425,12847.2299,71.89435541,101.963123,-30.06876756,-1.571103692,-1.393817224,-1.499350657,-1.047374538,0.416666667,0.541666667,100,0,31.62270066,-1.12313072,-203.6591797,12962.80957,13046.8733,0.573116223
2012/3/7,12837.33008,175110000,12903.43203,12914.53613,13058.85926,12770.213,27.95765415,12906.54053,12846.49658,60.04395621,93.57928961,-33.5353334,0.612734274,-0.574744318,-0.823999236,-0.479928728,0.416666667,0.541666667,68.21572777,31.78427223,22.70390087,-0.869043767,78.1796875,12759.15039,13057.59158,-1.047374538
2012/3/8,12907.94043,103530000,12888.96016,12915.73564,13059.41936,12772.05193,44.4583972,12906.7559,12851.04797,55.7079284,86.00501737,-30.29708897,0.55003923,0.029114579,-0.241402655,0.002048742,0.416666667,0.583333333,39.50880007,60.49119993,30.75849072,-0.445406284,70.61035156,12837.33008,13058.85926,-0.479928728
2012/3/9,12922.01953,103240000,12877.85,12917.31362,13060.54482,12774.08242,42.41178939,12909.10415,12856.30513,52.79902664,79.36381922,-26.56479258,0.109073184,0.213653443,-0.121882347,0.091806213,0.5,0.583333333,33.78488365,66.21511635,52.83019617,-0.128687034,14.07910156,12907.94043,13059.41936,0.002048742
2012/3/12,12959.70996,100000000,12877.23008,12925.2376,13059.13476,12791.34044,47.86858881,12916.88966,12863.96474,52.92491821,74.07603902,-21.15112081,0.291676,0.529160062,0.185558128,0.346641879,0.5,0.625,18.46168506,90.6896232,72.46531316,-0.192384015,37.69042969,12922.01953,13060.54482,0.091806213
2012/3/13,13177.67969,163130000,12960.93594,12940.41958,13111.38052,12769.45864,67.26728518,12957.0112,12887.20289,69.80831665,73.22249455,-3.414177895,1.681902814,1.93678941,1.74294836,1.935885242,0.583333333,0.625,0,100,85.63491318,1.499886307,217.9697266,12959.70996,13059.13476,0.346641879
2012/3/14,13194.09961,163610000,13032.28984,12956.21055,13157.03056,12755.39054,100,12993.48634,12909.93598,83.55036542,75.28806872,8.262296698,0.124604045,1.494662314,1.730575813,1.960976211,0.666666667,0.625,0,100,96.89654107,1.637635742,16.41992188,13177.67969,13111.38052,1.935885242
2012/3/15,13252.75977,161650000,13101.25371,12979.80103,13202.39411,12757.20794,100,13033.37456,12935.33033,98.04422959,79.8393009,18.2049287,0.444593856,1.405803392,2.020533897,2.294954145,0.666666667,0.625,0,100,100,1.904170405,58.66015625,13194.09961,13157.03056,1.960976211
2012/3/16,13232.62012,392620000,13163.37383,12996.22803,13241.39137,12751.06469,94.481668,13064.02772,12957.3518,106.6759264,85.20662599,21.46930039,-0.151965695,0.834190122,1.682495536,1.997987377,0.666666667,0.625,4.080078187,95.91992181,98.63997394,2.166061471,-20.13964844,13252.75977,13202.39411,2.294954145
2012/3/19,13239.12988,147120000,13219.25781,13010.69102,13276.47063,12744.9114,94.36479245,13090.96652,12978.22425,112.7422693,90.71375464,22.02851461,0.049194835,0.479129071,1.56418307,1.928647885,0.666666667,0.625,2.761269032,96.71908792,97.54633658,1.994022342,6.509765625,13232.62012,13241.39137,1.997987377
2012/3/20,13170.19043,131660000,13217.75996,13020.91602,13294.60124,12747.23079,77.07919772,13103.15481,12992.44397,110.7108462,94.71317296,15.99767328,-0.520724955,-0.309509033,0.911050474,1.303016912,0.666666667,0.583333333,16.72766769,76.05431966,89.56444313,1.484254083,-68.93945313,13239.12988,13276.47063,1.928647885
2012/3/21,13124.62012,124860000,13203.86406,13030.21353,13304.72373,12755.70332,37.73128181,13106.45717,13002.23479,104.2223748,96.61501334,7.607361508,-0.346011037,-0.587904448,0.458096699,0.841426572,0.666666667,0.583333333,25.95972745,61.25670991,78.01003916,1.248267561,-45.5703125,13170.19043,13294.60124,1.303016912
2012/3/22,13046.13965,122060000,13162.54004,13033.28599,13307.06391,12759.50807,23.41716407,13097.17755,13005.487,91.69054505,95.63011968,-3.939574632,-0.597963736,-0.997429308,-0.32506666,0.192864636,0.666666667,0.541666667,41.85903422,29.49317356,55.60140104,2.24928188,-78.48046875,13124.62012,13304.72373,0.841426572
2012/3/23,13080.73047,129930000,13132.16211,13038.175,13311.6749,12764.6751,16.16666411,13094.64723,13011.06059,83.58663506,93.22142276,-9.634787696,0.26514219,-0.518481511,-0.215421212,0.416469105,0.666666667,0.541666667,34.85130259,16.74126449,35.83038265,1.896035929,34.59082031,13046.13965,13307.06391,0.192864636
2012/3/26,13241.62988,122080000,13132.66211,13051.18101,13337.12184,12765.24017,51.14050486,13117.25994,13028.1398,89.12014448,92.4011671,-3.28102262,1.230049151,0.693690669,0.798159657,1.562000019,0.666666667,0.541666667,2.679125529,94.61335955,46.94926587,2.585148692,160.8994141,13080.73047,13311.6749,0.416469105
2012/3/27,13197.73047,129280000,13138.17012,13060.81152,13352.80844,12768.8146,45.21261098,13129.64003,13040.70207,88.93795337,91.70852436,-2.770570987,-0.33152576,0.412550726,0.288585441,1.141560352,0.583333333,0.541666667,15.95887792,73.36692205,61.5738487,2.133652072,-43.89941406,13241.62988,13337.12184,1.562000019
2012/3/28,13126.20996,141540000,13138.48809,13069.51851,13358.39463,12780.64238,44.94431971,13129.11232,13047.03599,82.07633346,89.78208618,-7.705752718,-0.541915203,-0.075872889,-0.359949244,0.548021921,0.5,0.5,38.26259751,40.95872756,69.64633638,1.284750974,-71.52050781,13197.73047,13352.80844,1.141560352
2012/3/29,13145.82031,136250000,13158.42422,13077.79453,13365.45378,12790.13528,52.59170473,13131.68278,13054.35335,77.32943612,87.29155617,-9.962120044,0.14939843,0.046501702,-0.190973555,0.645919956,0.5,0.541666667,36.49190391,50.99009901,55.10524954,-0.241767714,19.61035156,13126.20996,13358.39463,0.548021921
2012/3/30,13212.04004,171190000,13184.68613,13089.51802,13378.98904,12800.04699,70.90793626,13144.04544,13066.03384,78.01159519,85.43556397,-7.423968784,0.503732175,0.339322762,0.300411535,1.078572385,0.5,0.583333333,19.70753241,84.86377397,58.93753351,0.135973126,66.21972656,13145.82031,13365.45378,0.645919956
2012/4/2,13264.49023,108790000,13189.2582,13104.60205,13397.51059,12811.69351,72.16111177,13162.57541,13080.73432,81.84109043,84.71666926,-2.875578832,0.396987862,0.503890623,0.691119629,1.396008322,0.5,0.583333333,0,100,78.61795766,0.088513404,52.45019531,13212.04004,13378.98904,1.078572385
2012/4/3,13199.5498,123980000,13189.62207,13126.62202,13375.20107,12878.04298,43.39693767,13168.26378,13089.53546,78.72831208,83.51899783,-4.790685746,-0.489581043,0.065016692,0.219120641,0.82012227,0.5,0.583333333,29.7413581,70.2586419,85.04080529,-0.249915075,-64.94042969,13264.49023,13397.51059,1.396008322
2012/4/4,13074.75,125000000,13179.33008,13138.49302,13350.69112,12926.29492,34.60978173,13153.87704,13088.44024,65.43679691,79.90255764,-14.46576074,-0.945485312,-0.726828096,-0.625080428,-0.163127502,0.416666667,0.541666667,86.89705757,0,56.75288063,-1.241621498,-124.7998047,13199.5498,13375.20107,0.82012227
2012/4/5,13060.13965,109530000,13162.19395,13146.10298,13334.23415,12957.9718,40.35838269,13139.4559,13086.3439,53.11200003,74.54444612,-21.43244609,-0.111744787,-0.754782645,-0.666887954,-0.300881266,0.416666667,0.541666667,93.58829291,0,23.4195473,-0.835605087,-14.61035156,13074.75,13350.69112,-0.163127502
2012/4/9,12929.58984,105580000,13105.70391,13146.48149,13332.82976,12960.13323,26.16351172,13107.16882,13074.73249,32.43632575,66.12282205,-33.6864963,-0.999604967,-1.477028502,-1.538114185,-1.287048174,0.416666667,0.541666667,100,0,1.89E-14,-1.48598795,-130.5498047,13060.13965,13334.23415,-0.300881266
2012/4/10,12715.92969,159290000,12995.9918,13134.29248,13387.72815,12880.85681,8.726997977,13046.97818,13048.15451,-1.176324125,52.66299281,-53.83931694,-1.652489822,-2.490746773,-2.961841183,-2.904920089,0.416666667,0.541666667,100,0,1.89E-14,-2.531093257,-213.6601563,12929.58984,13332.82976,-1.287048174
2012/4/11,12805.38965,125210000,12917.15977,13115.67798,13405.6824,12825.67356,14.02148675,13009.81072,13030.17192,-20.36120878,38.05815249,-58.41936127,0.703526703,-1.225180267,-2.107743414,-2.211893059,0.416666667,0.541666667,83.69187113,16.30812887,5.436042958,-2.10493459,89.45996094,12715.92969,13387.72815,-2.904920089
2012/4/12,12986.58008,119780000,12899.52578,13105.302,13398.17601,12812.428,35.88240397,13006.23677,13026.9429,-20.70612733,26.30529653,-47.01142386,1.414954442,0.447455096,-0.561044396,-0.853044536,0.416666667,0.541666667,50.66171051,49.33828949,21.88213945,-1.92612093,181.1904297,12805.38965,13405.6824,-2.211893059
2012/4/13,12849.58984,140990000,12857.41582,13085.14351,13389.90359,12780.38343,35.31170049,12982.13724,13013.80564,-31.66839131,14.71055896,-46.37895027,-1.054859967,-0.322803705,-1.390931685,-1.876297987,0.416666667,0.5,75.63438402,24.36561598,30.00401145,-2.637882519,-136.9902344,12986.58008,13398.17601,-0.853044536
2012/4/16,12921.41016,120990000,12855.77988,13069.58301,13374.41418,12764.75184,41.57858482,12972.79461,13006.96153,-34.16691062,4.935065047,-39.10197566,0.558930778,0.414425516,-0.709733576,-1.315828519,0.5,0.5,62.54187985,42.48799036,38.73063194,-1.56023563,71.8203125,12849.58984,13389.90359,-1.876297987
2012/4/17,13115.54004,115320000,12935.70195,13063.40352,13359.11026,12767.69677,60.47900764,12994.75545,13015.00438,-20.24892899,-0.101733761,-20.14719523,1.502389294,1.678157747,0.801538062,0.186602835,0.5,0.5,27.15291797,100,55.61786878,-0.230341452,194.1298828,12921.41016,13374.41418,-1.315828519
2012/4/18,13032.75,113520000,12981.17402,13056.53149,13348.35476,12764.70823,70.94317357,13000.60076,13016.31887,-15.71810401,-3.22500781,-12.4930962,-0.631236219,0.62441432,0.280394362,-0.394659271,0.416666667,0.458333333,42.24515155,79.28230869,73.92343302,-1.357020101,-82.79003906,13115.54004,13359.11026,0.186602835
2012/4/19,12964.09961,139810000,12976.67793,13048.50547,13341.22491,12755.78603,60.78821069,12994.9852,13012.45078,-17.4655731,-6.073120867,-11.39245223,-0.526752916,-0.109634138,-0.055329331,-0.828172014,0.333333333,0.416666667,54.75979392,62.10297629,80.46176166,-2.26462246,-68.65039063,13032.75,13348.35476,-0.394659271
2012/4/20,13029.25977,212080000,13012.61191,13047.66147,13340.50064,12754.8223,53.44446021,13000.25821,13013.69589,-13.43767376,-7.546031446,-5.891642314,0.502619991,0.337440944,0.557023963,-0.265067592,0.416666667,0.458333333,42.88140481,78.40889929,73.26472809,-1.290120054,65.16015625,12964.09961,13341.22491,-0.828172014
2012/4/23,12927.16992,139370000,13013.76387,13039.98345,13336.97487,12742.99203,56.63485181,12989.01386,13007.28656,-18.27269545,-9.691364246,-8.581331201,-0.78354293,-0.547773694,-0.136096725,-0.947978638,0.416666667,0.416666667,56.32104065,39.26491055,59.92559538,-1.128741109,-102.0898438,13029.25977,13340.50064,-0.265067592
2012/4/24,13001.55957,134110000,12990.96777,13027.97993,13310.45221,12745.50766,56.82459592,12990.94397,13006.86233,-15.91836504,-10.9367644,-4.981600633,0.575451927,-0.078162147,0.47646321,-0.324318877,0.5,0.458333333,28.52290195,57.1421752,58.27199501,-0.448540978,74.38964844,12927.16992,13336.97487,-0.947978638
2012/4/25,13090.71973,135260000,13002.56172,13022.62939,13295.94292,12749.31587,47.42656142,13006.29409,13013.07399,-6.779907208,-10.10539296,3.325485757,0.685765087,0.639062331,1.060627054,0.370091193,0.583333333,0.5,6.211128516,90.66730804,62.35813126,1.246210319,89.16015625,13001.55957,13310.45221,-0.324318877
2012/4/26,13204.62012,107570000,13050.66582,13026.5499,13307.82759,12745.27221,66.74003321,13036.80578,13027.26259,9.543188146,-6.175676743,15.71886489,0.870085014,1.29164562,1.620454167,1.192163033,0.666666667,0.541666667,0,100,82.60316108,3.843135671,113.9003906,13090.71973,13295.94292,0.370091193
2012/4/27,13228.30957,110850000,13090.47578,13030.67437,13321.09716,12740.25157,78.20407772,13066.2679,13042.15496,24.11294073,-0.117953248,24.23089398,0.179402761,1.131753573,1.52739487,1.325956555,0.666666667,0.541666667,0,100,96.88910268,3.302671246,23.68945313,13204.62012,13307.82759,1.192163033
2012/4/30,13213.62988,127870000,13147.76777,13030.75386,13321.37598,12740.13174,72.05863453,13088.93898,13054.85681,34.0821685,6.722071102,27.3600974,-0.110971757,0.782765666,1.267669817,1.222559026,0.583333333,0.5,3.471032397,95.12528902,98.37509634,1.748341775,-14.6796875,13228.30957,13321.09716,1.325956555
2012/5/1,13279.32031,123400000,13203.31992,13031.49536,13324.56453,12738.4262,96.15221186,13118.22841,13071.48374,46.74467846,14.72659257,32.01808589,0.497141439,0.832419664,1.492566797,1.699293434,0.666666667,0.541666667,0,100,98.37509634,3.344312729,65.69042969,13213.62988,13321.37598,1.222559026
2012/5/2,13268.57031,100770000,13238.89004,13034.94639,13337.32751,12732.56526,91.99997542,13141.35794,13086.08274,55.27519562,22.83631318,32.43888244,-0.080952938,0.411491775,1.186672434,1.570823669,0.583333333,0.541666667,2.501568025,96.94732697,97.35753866,2.686704872,-10.75,13279.32031,13324.56453,1.699293434
2012/5/3,13206.58984,102090000,13239.28398,13041.53838,13352.72314,12730.35362,69.93015685,13151.39361,13095.00919,56.38442158,29.54593486,26.83848672,-0.467122435,-0.203399069,0.655764876,1.076771921,0.5,0.5,20.32087312,79.34675903,92.09802867,0.694213158,-61.98046875,13268.57031,13337.32751,1.570823669
2012/5/4,13038.26953,113790000,13201.27598,13040.44487,13351.51417,12729.37557,25.89892839,13133.98991,13090.80626,43.18365435,32.27347876,10.91017559,-1.274517604,-1.268475049,-0.630594114,-0.15614109,0.5,0.458333333,68.45109012,13.21639647,63.17016082,0.04235124,-168.3203125,13206.58984,13352.72314,1.076771921
2012/5/7,13008.53027,110080000,13160.25605,13044.39189,13351.71539,12737.06839,18.70668654,13114.68843,13084.71174,29.97668904,31.81412082,-1.837431774,-0.228092062,-1.219679316,-0.88521657,-0.302454088,0.5,0.416666667,76.8961348,0,30.85438517,0.342720786,-29.73925781,13038.26953,13351.51417,-0.15614109
2012/5/8,12932.08984,138620000,13090.80996,13055.1999,13328.92485,12781.47495,15.90872003,13086.59634,13073.40641,13.1899248,28.08928162,-14.89935681,-0.587617725,-1.448980341,-1.406804014,-0.803571836,0.416666667,0.416666667,98.60289183,0,4.405465491,-0.745782367,-76.44042969,13008.53027,13351.71539,-0.302454088
2012/5/9,12835.05957,147460000,13004.10781,13056.6834,13325.24971,12788.11708,0,13047.89837,13055.75109,-7.852717705,20.90088175,-28.75359946,-0.750306212,-1.63337144,-2.089257376,-1.47237003,0.416666667,0.416666667,100,0,2.37E-15,-0.712532999,-97.03027344,12932.08984,13328.92485,-0.803571836
2012/5/10,12855.04004,151650000,12933.79785,13050.1064,13331.36064,12768.85215,4.405921938,13018.22786,13040.88361,-22.65574533,12.18955634,-34.84530166,0.155671025,-0.957089341,-1.84541533,-1.254212345,0.416666667,0.458333333,95.50253559,4.497464406,1.499154802,-1.126938122,19.98046875,12835.05957,13325.24971,-1.47237003
2012/5/11,12820.59961,148370000,12890.26387,13048.65688,13334.29449,12763.01928,4.690788539,12987.82351,13024.56627,-36.74275856,2.403093357,-39.14585192,-0.267913827,-0.730409361,-1.939844091,-1.484400161,0.333333333,0.458333333,100,0,1.499154802,-2.06344741,-34.44042969,12855.04004,13331.36064,-1.254212345
2012/5/14,12695.34961,143190000,12827.62773,13037.35386,13357.98553,12716.72219,5.218455888,12942.82753,13000.17985,-57.35232439,-9.547990192,-47.80433419,-0.976943387,-1.263270731,-2.581614028,-2.440413405,0.25,0.458333333,100,0,1.499154802,-3.856760007,-125.25,12820.59961,13334.29449,-1.484400161
2012/5/15,12632,156060000,12767.60977,13013.17686,13376.64115,12649.71256,4.797332627,12895.00791,12972.90727,-77.89936247,-23.21826465,-54.68109782,-0.498998541,-1.274113462,-2.696695774,-2.873311102,0.166666667,0.416666667,100,0,2.37E-15,-4.507828964,-63.34960938,12695.34961,13357.98553,-2.440413405
2012/5/16,12598.5498,143130000,12720.30781,12991.46685,13397.08673,12585.84696,5.349509105,12849.39897,12945.17709,-95.77811886,-37.73023549,-58.04788337,-0.264805219,-1.105883595,-2.56967964,-3.009935194,0.166666667,0.375,100,0,2.37E-15,-4.654891075,-33.45019531,12632,13376.64115,-2.873311102
2012/5/17,12442.49023,147430000,12637.79785,12965.38638,13436.48297,12494.28978,4.619438217,12786.79763,12907.94103,-121.1433995,-54.41286829,-66.7305312,-1.238710588,-1.826688964,-3.254813517,-4.086111425,0.083333333,0.375,100,0,2.37E-15,-6.301753843,-156.0595703,12598.5498,13397.08673,-3.009935194
2012/5/18,12369.37988,240720000,12547.55391,12932.39238,13468.86826,12395.9165,0,12722.57951,12868.04761,-145.4680958,-72.6239138,-72.84418203,-0.587586168,-1.776229237,-3.259636935,-4.480325112,0.083333333,0.333333333,100,0,2.37E-15,-6.776844894,-73.11035156,12442.49023,13436.48297,-4.086111425
2012/5/21,12504.48047,142110000,12509.38008,12911.25791,13479.26845,12343.24737,23.04211249,12689.02581,12841.11671,-152.0908956,-88.51731015,-63.57358541,1.092217938,-0.286231722,-1.753447914,-3.246810556,0.166666667,0.333333333,84.97530874,27.81792663,9.27264221,-5.316356329,135.1005859,12369.37988,13468.86826,-4.480325112
2012/5/22,12502.80957,133650000,12483.54199,12886.32041,13479.51818,12293.12264,29.19571085,12660.37716,12816.05692,-155.6797602,-101.9498002,-53.72996007,-0.013362398,-0.043774372,-1.420969459,-3.094175322,0.166666667,0.333333333,84.06257764,27.47387979,18.43060214,-4.10683304,-1.670898438,12504.48047,13479.26845,-3.246810556
2012/5/23,12496.15039,152190000,12463.06211,12856.59194,13465.22909,12247.9548,33.27184485,12635.1115,12792.36014,-157.2486371,-113.0095676,-44.23906954,-0.053261466,0.084152641,-1.140657121,-2.99919854,0.166666667,0.333333333,81.04762002,28.09507217,27.79562619,-3.938799173,-6.659179688,12502.80957,13479.51818,-3.094175322
2012/5/24,12529.75,126810000,12480.51406,12822.84844,13425.36407,12220.3328,41.5312935,12618.90204,12772.90754,-154.0054961,-121.2087533,-32.79674286,0.268879682,0.445506291,-0.611216974,-2.580993681,0.25,0.333333333,74.90886033,49.19785616,34.92226937,-3.111174208,33.59960938,12496.15039,13465.22909,-2.99919854
2012/5/25,12454.83008,93000000,12497.6041,12784.17446,13376.83806,12191.51087,51.89808389,12593.6602,12749.34624,-155.6860433,-128.1042113,-27.58183205,-0.597936287,-0.171552741,-0.956563999,-3.015092183,0.25,0.333333333,84.81452236,32.53756652,36.61016495,-2.96242873,-74.91992188,12529.75,13425.36407,-2.580993681
2012/5/29,12580.69043,107510000,12512.84609,12752.52749,13317.00847,12188.04651,77.96514664,12591.66485,12736.85322,-145.1883694,-131.5210429,-13.66732652,1.010534474,0.553401857,0.226523065,-1.90106893,0.25,0.333333333,56.49003853,92.20692888,57.98078385,-2.134179346,125.8603516,12454.83008,13376.83806,-3.015092183
2012/5/30,12419.86035,122830000,12496.25625,12709.55449,13236.70097,12182.40801,39.51527618,12565.23339,12713.37227,-148.1388776,-134.8446099,-13.29426779,-1.278388329,-0.620036472,-0.790817772,-2.943608521,0.25,0.291666667,89.60580396,23.88923293,49.54457611,-3.125745051,-160.8300781,12580.69043,13317.00847,-1.90106893
2012/5/31,12393.4502,205140000,12475.71621,12665.79849,13142.98787,12188.60911,37.23270354,12538.80521,12689.67434,-150.8691301,-138.0495139,-12.81961623,-0.212644551,-0.686520357,-0.802430245,-2.893512014,0.25,0.25,94.66550085,11.39096598,42.49570926,-2.37803151,-26.41015625,12419.86035,13236.70097,-2.943608521
2012/6/1,12118.57031,162940000,12393.48027,12611.39751,13077.52251,12145.27251,22.89446675,12474.15368,12647.37033,-173.2166505,-145.0829412,-28.13370925,-2.217944789,-2.397043994,-2.669259731,-4.702017785,0.25,0.208333333,100,0,11.7600663,-4.064516209,-274.8798828,12393.4502,13142.98787,-2.893512014
2012/6/4,12101.45996,126440000,12322.80625,12564.55703,13037.90649,12091.20757,18.50858284,12416.81619,12606.93253,-190.1163409,-154.0896212,-36.02671972,-0.141191173,-1.971275832,-2.482240946,-4.488515171,0.25,0.208333333,100,0,3.796988659,-3.94561161,-17.11035156,12118.57031,13077.52251,-4.702017785
2012/6/5,12127.9502,108970000,12232.2582,12520.52803,12984.21775,12056.83831,24.12209562,12372.37527,12571.45236,-199.07709,-163.0871149,-35.98997506,0.218901145,-1.321201647,-2.061905948,-3.915629725,0.333333333,0.208333333,94.67093631,5.527660719,1.842553573,-2.527950861,26.49023438,12101.45996,13037.90649,-4.488515171
2012/6/6,12414.79004,140110000,12231.24414,12494.66304,12919.74143,12069.58464,39.53389799,12378.90062,12559.84774,-180.9471242,-166.6591168,-14.28800744,2.365113965,1.240429181,0.223814418,-1.365133903,0.416666667,0.25,34.61808074,65.38191926,23.63652666,0.367117484,286.8398438,12127.9502,12984.21775,-3.915629725
2012/6/7,12460.95996,131150000,12244.74609,12475.95806,12871.36337,12080.55275,53.03139001,12391.52513,12552.52272,-160.9975889,-165.5268112,4.529222295,0.371894504,1.560205228,0.626002751,-0.753342799,0.416666667,0.291666667,24.9839016,75.0160984,48.64189279,-0.348039312,46.16992188,12414.79004,12919.74143,-1.365133903
2012/6/8,12554.2002,111810000,12331.87207,12460.91606,12818.58078,12103.25135,60.79249519,12416.55206,12552.64698,-136.0949133,-159.6404316,23.5455183,0.748258839,2.097199656,1.343898055,0.150162909,0.5,0.333333333,5.527660719,94.47233928,78.29011898,0.411032614,93.24023438,12460.95996,12871.36337,-0.753342799
2012/6/11,12411.23047,121060000,12393.82617,12440.44761,12758.04405,12122.85117,73.87813771,12415.73336,12542.17168,-126.4383233,-153.00001,26.56168665,-1.138819872,0.53569438,0.247041136,-0.793404212,0.5,0.333333333,35.36084869,68.42124563,79.30322777,-0.679568661,-142.9697266,12554.2002,12818.58078,0.150162909
2012/6/12,12573.7998,111360000,12482.99609,12434.37012,12736.49809,12132.24215,81.14550573,12440.05127,12544.5145,-104.4632323,-143.2926544,38.82942214,1.309856717,1.207181092,1.530030446,0.626137094,0.5,0.375,1.437852025,100,87.63119497,0.351561721,162.5693359,12411.23047,12758.04405,-0.793404212
2012/6/13,12496.37988,125780000,12499.31406,12427.58911,12717.51136,12137.66686,72.76480456,12448.71721,12540.94898,-92.23176463,-133.0804765,40.84871185,-0.615724149,0.089330837,0.876681803,0.119626104,0.5,0.375,17.59290203,83.60927563,84.01017375,0.333603947,-77.41992188,12573.7998,12736.49809,0.626137094
2012/6/14,12651.91016,128640000,12537.5041,12430.25713,12727.31758,12133.19668,67.48932897,12479.97766,12549.16832,-69.19065829,-120.3025128,51.11185454,1.244602636,1.015297267,2.083287602,1.434500952,0.5,0.375,0,100,94.53642521,0.566103482,155.5302734,12496.37988,12717.51136,0.119626104
2012/6/15,12767.16992,284290000,12580.09805,12446.49111,12777.94678,12115.03545,70.49627607,12524.16109,12565.31659,-41.15550071,-104.4731104,63.3176097,0.91100683,1.521879018,2.77327167,2.376848884,0.583333333,0.416666667,0,100,94.53642521,2.796404794,115.2597656,12651.91016,12727.31758,1.434500952
2012/6/18,12741.82031,111280000,12646.21602,12465.11313,12818.28502,12111.94125,63.81390774,12557.64712,12578.39094,-20.74381616,-87.72725156,66.9834354,-0.198553082,1.068993427,2.330074233,2.157714921,0.583333333,0.416666667,3.807905974,92.87811195,97.62603732,2.810921186,-25.34960938,12767.16992,12777.94678,2.376848884
2012/6/19,12837.33008,125180000,12698.92207,12481.75562,12870.37062,12093.14061,83.72969613,12600.67527,12597.57162,3.103653789,-69.56107049,72.66472428,0.749577088,1.256198612,2.603560657,2.852915646,0.666666667,0.458333333,0,100,97.62603732,5.931060736,95.50976563,12741.82031,12818.28502,2.157714921
2012/6/20,12824.38965,119110000,12764.52402,12497.83462,12914.222,12081.44724,75.99427041,12635.09287,12614.37295,20.71991473,-51.50487345,72.22478818,-0.100803123,0.82199438,2.008952891,2.671829287,0.666666667,0.458333333,1.758520884,96.96305056,96.61372084,5.973904718,-12.94042969,12837.33008,12870.37062,2.852915646
2012/6/21,12573.57031,146750000,12748.85605,12501.70562,12919.39584,12084.01539,55.88872052,12625.62786,12611.35053,14.27732411,-38.34843394,52.62575805,-1.955799401,-1.249759378,-0.280691234,0.619777231,0.583333333,0.458333333,35.84324998,38.09903604,78.35402887,3.674323443,-250.8193359,12824.38965,12914.222,2.671829287
2012/6/22,12640.78027,209990000,12723.57813,12507.25713,12929.22028,12085.29398,49.01868266,12627.959,12613.53052,14.4284842,-27.79305031,42.22153451,0.534533623,-0.707440568,0.102830215,1.066164077,0.583333333,0.5,27.70727074,42.35234137,59.13814266,1.8203307,67.20996094,12573.57031,12919.39584,0.619777231
2012/6/25,12502.66016,134090000,12675.74609,12509.64863,12930.93776,12088.3595,27.58198865,12608.68225,12605.3179,3.364358288,-21.56156859,24.92592688,-1.092654996,-1.451105953,-1.018186957,-0.037534231,0.5,0.458333333,78.5426493,1.841991447,27.43112295,0.334646732,-138.1201172,12640.78027,12929.22028,1.066164077
2012/6/26,12534.66992,109270000,12615.21406,12507.34761,12927.56086,12087.13436,32.63936176,12597.29574,12600.08471,-2.788971117,-17.80704909,15.01807798,0.25602364,-0.929191494,-0.751982138,0.207757389,0.5,0.5,71.03037637,9.564577972,17.91963693,-0.155567644,32.00976563,12502.66016,12930.93776,-0.037534231
2012/6/27,12627.00977,97950000,12575.73809,12517.70508,12938.99247,12096.41768,32.27954753,12601.86713,12602.07916,-0.212031165,-14.28804551,14.07601434,0.736675511,0.077907683,-0.162990458,0.901980714,0.583333333,0.541666667,49.35942392,37.15589638,16.1874886,1.738581017,92.33984375,12534.66992,12927.56086,0.207757389
2012/6/28,12602.25977,125870000,12581.47598,12528.14556,12946.94037,12109.35074,31.64971159,12601.92754,12602.09254,-0.165003781,-11.46343716,11.29843338,-0.196008402,0.175684591,-0.377360472,0.679897587,0.5,0.5,55.1679249,29.76054998,25.49367478,0.22634336,-24.75,12627.00977,12938.99247,0.901980714
2012/6/29,12880.08984,191630000,12629.33789,12566.22153,12967.23595,12165.20712,74.23999975,12644.72174,12622.68493,22.03680457,-4.763388816,26.80019339,2.204605232,1.970074131,1.562203174,2.754034325,0.583333333,0.541666667,0,100,55.63881545,3.070568953,277.8300781,12602.25977,12946.94037,0.679897587
2012/7/2,12871.38965,109640000,12703.08379,12604.71802,12965.70208,12243.73395,70.09667756,12679.59372,12641.1075,38.48621942,3.886532832,34.59968659,-0.067547629,1.59206705,1.347436895,2.5854979,0.5,0.5,2.267388444,97.69488315,75.81847771,1.7347538,-8.700195313,12880.08984,12967.23595,2.754034325
2012/7/3,12943.66016,63850000,12784.88184,12645.50352,12963.57664,12327.43039,93.4140245,12720.21933,12663.51881,56.70051692,14.44932965,42.25118727,0.561481781,1.573236102,1.798596572,2.982363006,0.5,0.541666667,0,100,99.23162772,1.382375542,72.27050781,12871.38965,12965.70208,2.5854979
2012/7/5,12896.66992,97800000,12838.81387,12669.59751,12987.11853,12352.07649,84.61591618,12747.36557,12680.78926,66.57630947,24.87472561,41.70158386,-0.363036682,0.727587319,1.326196663,2.437611236,0.5,0.541666667,10.65538194,89.34461806,95.67983374,1.2152864,-46.99023438,12943.66016,12963.57664,2.982363006
2012/7/6,12772.46973,96760000,12872.85586,12685.173,12990.55772,12379.78828,63.11061429,12751.22775,12687.58041,63.6473415,32.62924879,31.01809271,-0.963040816,-0.430993399,0.393017014,1.232016882,0.416666667,0.541666667,38.81869154,61.18130846,83.50864217,-0.505247985,-124.2001953,12896.66992,12987.11853,2.437611236
2012/7/9,12736.29004,100150000,12844.0959,12694.27749,12994.31095,12394.24403,61.83655622,12748.92964,12691.18853,57.74111128,37.65162129,20.08948999,-0.283263052,-0.885634318,0.16644279,0.734077714,0.416666667,0.541666667,47.02270231,49.29704923,66.60765858,-0.686969219,-36.1796875,12772.46973,12990.55772,1.232016882
2012/7/10,12653.12012,114760000,12800.44199,12706.37197,12977.94265,12434.80129,19.45314081,12734.18971,12688.36865,45.82106693,39.28551042,6.53555651,-0.653015294,-1.24214153,-0.539514058,-0.096634088,0.416666667,0.5,65.88209503,14.89756689,41.79197486,0.632674751,-83.16992188,12736.29004,12994.31095,0.734077714
2012/7/11,12604.53027,128420000,12732.61602,12707.9085,12976.79595,12439.02105,17.56695168,12714.24211,12682.1584,32.08371055,37.84515044,-5.761439897,-0.38401472,-1.278684605,-0.897924768,-0.542360166,0.333333333,0.458333333,76.90020018,0.665057181,21.6198911,-0.286770272,-48.58984375,12653.12012,12977.94265,-0.096634088
2012/7/12,12573.26953,142760000,12667.93594,12711.75298,12970.43811,12453.06784,0,12692.55402,12674.09256,18.46146374,33.9684131,-15.50694936,-0.248011957,-1.045082072,-1.18942286,-0.82564684,0.333333333,0.416666667,83.98880385,0,5.187541357,0.564754813,-31.26074219,12604.53027,12976.79595,-0.542360166
2012/7/13,12777.08984,121080000,12668.85996,12718.01196,12976.66008,12459.36385,38.65939089,12705.55953,12681.72198,23.83754643,31.94223977,-8.104693338,1.621060552,0.717016151,0.253194023,0.708256911,0.333333333,0.416666667,37.77104592,55.02847501,18.56451073,1.933995258,203.8203125,12573.26953,12970.43811,-0.82564684
2012/7/16,12727.20996,93500000,12667.04395,12716.01396,12973.72795,12458.29998,45.00334217,12708.89037,12685.09146,23.79890209,30.31357223,-6.514670146,-0.390385318,0.383520717,-0.203563296,0.21111544,0.25,0.416666667,52.92307178,41.56164311,32.19670604,0.79353859,-49.87988281,12777.08984,12976.66008,0.708256911
2012/7/17,12805.54004,119620000,12697.52793,12719.19995,12979.672,12458.7279,56.99423197,12723.75955,12694.01358,29.74596586,30.20005096,-0.454085099,0.615453649,0.909474073,0.277439102,0.751269351,0.333333333,0.416666667,37.29039232,71.82134424,56.13715412,1.613046209,78.33007813,12727.20996,12973.72795,0.21111544
2012/7/18,12908.7002,130070000,12758.36191,12722.76846,12991.44275,12454.09417,74.81162377,12752.21195,12709.91629,42.29566115,32.619173,9.676488159,0.805590049,1.382083658,1.066394948,1.425815601,0.333333333,0.458333333,9.438673276,100,71.12766245,0.222128509,103.1601563,12805.54004,12979.672,0.751269351
2012/7/19,12943.36035,139480000,12832.38008,12728.71699,13011.04857,12446.38542,83.80786455,12781.6194,12727.20845,54.41095442,36.97752928,17.43342514,0.268502295,1.205434468,1.290197873,1.601202909,0.416666667,0.458333333,0.080942839,100,90.60711475,0.559152548,34.66015625,12908.7002,12991.44275,1.425815601
2012/7/20,12822.57031,210770000,12841.47617,12741.16699,13016.91815,12465.41584,71.10426973,12787.91954,12734.27229,53.64725282,40.31147399,13.33577883,-0.93322009,-0.063712626,0.424239628,0.634805247,0.333333333,0.416666667,32.69246994,67.36205482,89.12068494,-0.935514702,-120.7900391,12943.36035,13011.04857,1.601202909
2012/7/23,12721.45996,137760000,12840.32617,12745.20098,13017.29615,12473.10581,44.29940697,12777.69499,12733.32323,44.37176337,41.12353187,3.248231506,-0.788534195,-0.780046922,-0.253578537,-0.152086678,0.333333333,0.416666667,59.99077199,40.04163885,69.13456456,-1.35856746,-101.1103516,12822.57031,13016.91815,0.634805247
2012/7/24,12617.32031,131530000,12802.68223,12750.93398,13006.68737,12495.1806,39.86613905,12753.02196,12724.73042,28.29154455,38.5571344,-10.26558986,-0.81861397,-1.451502891,-0.969725108,-0.898151544,0.333333333,0.375,88.09730509,11.90269491,39.76879619,-1.214717415,-104.1396484,12721.45996,13017.29615,-0.152086678
2012/7/25,12676.0498,127320000,12756.15215,12758.00298,12996.70239,12519.30356,37.61072035,12741.18009,12721.12445,20.05564548,34.85683662,-14.80119114,0.465467237,-0.825618151,-0.469555722,-0.38850665,0.416666667,0.416666667,72.22836455,18.01296931,23.31910103,-0.472981019,58.72949219,12617.32031,13006.68737,-0.898151544
2012/7/26,12887.92969,133620000,12745.06602,12771.04897,13008.20075,12533.8972,48.3549665,12763.75695,12733.48039,30.27656255,33.9407818,-3.664219255,1.671497715,0.859396048,1.038856474,1.172360781,0.5,0.458333333,14.97758416,82.99881689,37.63816037,1.855744418,211.8798828,12676.0498,12996.70239,-0.38850665
2012/7/27,13075.66016,161510000,12795.68398,12794.71899,13053.29107,12536.14691,58.43340119,12811.74206,12758.82704,52.91502144,37.73562973,15.17939171,1.456637903,2.152277852,2.196070108,2.500274291,0.583333333,0.458333333,0,100,67.00392873,3.737782151,187.7304688,12887.92969,13008.20075,1.172360781
2012/7/30,13073.00977,91730000,12865.99395,12804.36499,13088.12343,12520.60655,68.79498116,12851.93709,12782.09983,69.83725839,44.15595546,25.68130293,-0.020269651,1.799614766,1.84386678,2.288942996,0.583333333,0.458333333,0.527555749,99.42174117,94.14018602,3.974624366,-2.650390625,13075.66016,13053.29107,2.500274291
2012/7/31,13008.67969,125980000,12944.26582,12811.22949,13107.50775,12514.95123,72.81477333,12876.05134,12798.88353,77.16781093,50.75832655,26.40948437,-0.492083149,0.922473713,1.190572306,1.628543843,0.5,0.416666667,13.33234846,85.38628713,94.93600943,1.81253984,-64.33007813,13073.00977,13088.12343,2.288942996
2012/8/1,12976.12988,132780000,13004.28184,12812.85298,13112.35442,12513.35153,82.15888065,12891.44804,12812.01289,79.43515045,56.49369133,22.94145912,-0.250216052,0.205052153,0.774771066,1.259178038,0.5,0.375,21.71538757,78.28461243,87.69754691,1.955809032,-32.54980469,13008.67969,13107.50775,1.628543843
2012/8/2,12878.87988,112770000,13002.47188,12811.96348,13110.56824,12513.35871,67.00480102,12889.51447,12816.966,72.54847743,59.70464855,12.84382887,-0.749453041,-0.804887598,-0.027939373,0.409977475,0.416666667,0.375,42.93326799,57.06673201,73.57921052,0.572719647,-97.25,12976.12988,13112.35442,1.259178038
2012/8/3,13096.16992,112390000,13006.57383,12828.14849,13150.5763,12505.72067,67.30142606,12921.30762,12837.64777,83.65985094,64.49568903,19.16416191,1.687181192,0.599793952,1.535638991,2.032454694,0.416666667,0.375,0,100,78.45044815,1.452274232,217.2900391,12878.87988,13110.56824,0.409977475
2012/8/6,13117.50977,84270000,13015.47383,12847.20947,13190.08672,12504.33223,54.80576863,12951.49257,12858.37829,93.11427811,70.21940685,22.89487126,0.162947212,0.709759435,1.586786913,2.117125321,0.416666667,0.416666667,0,100,85.68891067,1.345472963,21.33984375,13096.16992,13150.5763,2.032454694
2012/8/7,13168.59961,95240000,13047.45781,12872.98345,13230.79877,12515.16813,59.87805321,12984.89365,12881.35765,103.5360046,76.88272639,26.65327817,0.389478222,0.978489906,1.755210907,2.4401061,0.5,0.416666667,0,100,100,2.698595433,51.08984375,13117.50977,13190.08672,2.117125321
2012/8/8,13175.63965,84910000,13087.35977,12901.53892,13260.25451,12542.82332,69.57053276,13014.23919,12903.15631,111.0828759,83.72275629,27.36011963,0.053460803,0.817351412,1.512727951,2.402276757,0.583333333,0.458333333,0,100,100,3.570185253,7.040039063,13168.59961,13230.79877,2.4401061
2012/8/9,13165.19043,84350000,13144.62188,12931.13496,13273.95188,12588.31804,73.37202957,13037.46246,12922.56625,114.8962092,89.95744688,24.93876236,-0.079307108,0.495093475,1.076674891,2.191100334,0.583333333,0.458333333,1.871548785,96.47889641,98.8262988,4.342206615,-10.44921875,13175.63965,13260.25451,2.402276757
2012/8/10,13207.9502,86640000,13166.97793,12952.67798,13307.98966,12597.3663,97.01424234,13063.69134,12943.7058,119.9855405,95.9630656,24.02247488,0.324794129,0.401162234,1.061046612,2.36685339,0.583333333,0.5,0,100,98.8262988,4.196105244,42.75976563,13165.19043,13273.95188,2.191100334
2012/8/13,13169.42969,67550000,13177.36191,12974.78896,13326.24295,12623.33498,71.39605722,13079.95878,12960.42609,119.5326907,100.6769906,18.85570004,-0.291646374,0.015516606,0.585762161,1.898405397,0.5,0.5,7.242052928,88.29414069,94.9243457,2.184214275,-38.52050781,13207.9502,13307.98966,2.36685339
2012/8/14,13172.13965,84430000,13178.06992,12993.11895,13345.59074,12640.64715,67.90329704,13094.14045,12976.10857,118.0318771,104.1479679,13.88390918,0.020577664,-0.033027669,0.544718094,1.733207234,0.5,0.541666667,10.88233898,89.11766102,92.47060057,0.737855611,2.709960938,13169.42969,13326.24295,1.898405397
2012/8/15,13164.78027,77130000,13175.89805,13005.92295,13363.76204,12648.08386,48.24541727,13105.00811,12990.08425,114.9238607,106.3031465,8.620714271,-0.055870764,-0.084053043,0.429917308,1.483192667,0.5,0.541666667,13.11875312,61.3796598,79.59715384,0.701984543,-7.359375,13172.13965,13345.59074,1.733207234
2012/8/16,13250.11035,114580000,13192.88203,13021.26045,13393.08103,12649.43987,69.89823609,13127.33154,13009.34545,117.9860894,108.6397351,9.346354322,0.648169406,0.468928847,0.925968961,1.986026272,0.583333333,0.541666667,0,100,83.49910694,1.855919816,85.33007813,13164.78027,13363.76204,1.483192667
2012/8/17,13275.2002,138550000,13206.33203,13043.89194,13419.66226,12668.12163,77.2612433,13150.08056,13029.03839,121.0421696,111.120222,9.921947596,0.189355734,0.519425598,0.925486524,1.999883059,0.666666667,0.583333333,0,100,87.12655327,2.304772804,25.08984375,13250.11035,13393.08103,1.986026272
2012/8/20,13271.63965,87590000,13226.77402,13071.40093,13428.83299,12713.96887,69.58827911,13168.78196,13047.00885,121.7731042,113.2507984,8.522305786,-0.026821041,0.41175851,0.647973304,1.820589276,0.666666667,0.541666667,0.898401309,96.77544884,98.92514961,3.049642276,-3.560546875,13275.2002,13419.66226,1.999883059
2012/8/21,13203.58008,117060000,13233.06211,13100.71392,13394.95378,12806.47405,58.88826759,13174.13552,13058.60672,115.5287926,113.7063972,1.822395373,-0.512819607,-0.146172742,0.063906957,1.203035506,0.583333333,0.5,18.07127087,35.13840983,77.30461956,0.82016465,-68.05957031,13271.63965,13428.83299,1.820589276
2012/8/22,13172.75977,111220000,13234.65801,13125.54941,13347.08968,12904.00915,50.1407951,13173.92386,13067.0625,106.8613579,112.3373894,-5.476031512,-0.233423907,-0.380034097,-0.204487651,0.892886577,0.5,0.458333333,57.21961304,7.22649686,46.38011851,0.421192749,-30.8203125,13203.58008,13394.95378,1.203035506
2012/8/23,13057.45996,108800000,13196.12793,13134.02593,13330.05473,12937.99712,33.64818055,13156.00634,13066.3512,89.65513415,107.8009383,-18.14580418,-0.875289664,-1.118240373,-1.008529853,-0.065130787,0.416666667,0.458333333,100,0,14.12163556,-0.843974695,-115.2998047,13172.75977,13347.08968,0.892886577
2012/8/24,13157.96973,88030000,13172.68184,13138.14141,13332.54535,12943.73747,36.58171682,13156.3084,13073.13776,83.17063665,102.874878,-19.70424134,0.769749752,-0.24108462,-0.23540624,0.564131758,0.416666667,0.5,53.83959886,46.16040114,17.79563267,-0.134110543,100.5097656,13057.45996,13330.05473,-0.065130787
2012/8/27,13124.66992,96070000,13143.28789,13140.72441,13332.95884,12948.48999,28.59047688,13151.44094,13076.95496,74.4859817,97.19709873,-22.71111703,-0.253077073,-0.303918734,-0.462403511,0.147822039,0.416666667,0.5,69.13296198,30.86703802,25.67581305,-0.307785201,-33.29980469,13157.96973,13332.54535,0.564131758
2012/8/28,13102.99023,81630000,13123.16992,13145.43994,13328.91403,12961.96585,27.18912879,13143.98699,13078.8835,65.103488,90.77837659,-25.67488858,-0.165182726,-0.255632757,-0.560859708,-0.153137404,0.333333333,0.458333333,79.08963699,20.91036301,32.64593406,-0.794672598,-21.6796875,13124.66992,13332.95884,0.147822039
2012/8/29,13107.48047,91530000,13110.11406,13152.00747,13319.47453,12984.54041,34.30255929,13138.3706,13081.00179,57.36880664,84.0964626,-26.72765595,0.034268776,-0.099649323,-0.487796307,-0.18849853,0.416666667,0.458333333,77.02743916,22.97256084,24.91665396,-0.470401682,4.490234375,13102.99023,13328.91403,-0.153137404
2012/8/30,13000.70996,89980000,13098.76406,13158.09897,13290.59517,13025.60278,27.48332775,13117.19204,13075.05425,42.13779007,75.70472809,-33.56693803,-0.814576898,-0.696386495,-1.191233638,-0.97799193,0.333333333,0.416666667,100,0,14.62764128,-1.301456651,-106.7705078,13107.48047,13319.47453,-0.18849853
2012/8/31,13090.83984,119780000,13085.33809,13157.83247,13290.84628,13024.81866,54.67662713,13113.13785,13076.22355,36.91430288,67.94664305,-31.03234017,0.69326893,-0.050418356,-0.459607861,-0.29714487,0.416666667,0.458333333,67.16463046,44.42738244,22.46664776,-0.561653352,90.12988281,13000.70996,13290.59517,-0.97799193
2012/9/4,13035.94043,103920000,13067.59219,13153.754,13296.13549,13011.37251,30.39813014,13101.26133,13073.23962,28.02171092,59.96165662,-31.93994571,-0.419372742,-0.314784603,-0.742351441,-0.72385985,0.333333333,0.458333333,87.16512854,20.47690133,21.63476126,-1.616363307,-54.89941406,13090.83984,13290.84628,-0.29714487
2012/9/5,13047.48047,92550000,13056.49023,13147.69805,13297.16552,12998.23058,36.66893793,13092.98735,13071.33153,21.65581764,52.30048883,-30.64467119,0.088524791,-0.128287335,-0.5107307,-0.658467419,0.333333333,0.5,82.96095746,29.74092428,31.54840268,-1.715376968,11.54003906,13035.94043,13296.13549,-0.72385985
2012/9/6,13292,128650000,13093.39414,13153.51606,13315.42218,12991.60995,68.44538984,13123.60468,13087.67734,35.92733603,49.02585827,-13.09852224,1.874074706,1.498640857,1.340661485,1.070803982,0.416666667,0.541666667,0,100,50.07260854,0.15341248,244.5195313,13047.48047,13297.16552,-0.658467419
2012/9/7,13306.63965,142210000,13154.58008,13160.58853,13335.7331,12985.44395,69.05833033,13151.76391,13103.89677,47.86713195,48.794113,-0.926981058,0.110138794,1.353533924,1.385890637,1.114696043,0.5,0.541666667,0,100,76.58030809,0.780542623,14.63964844,13292,13315.42218,1.070803982
2012/9/10,13254.29004,123810000,13187.27012,13162.90552,13341.68336,12984.12768,77.08736689,13167.53716,13115.03702,52.50014131,49.53531866,2.964822647,-0.393409687,0.630858572,0.934778564,0.673302446,0.5,0.5,17.11164739,82.88835261,94.29611754,0.618930846,-52.34960938,13306.63965,13335.7331,1.114696043
2012/9/11,13323.36035,104920000,13244.7541,13170.60205,13362.6052,12978.59891,76.00792578,13191.50996,13130.46837,61.04158223,51.83657138,9.205010849,0.521116652,0.858508268,1.289848419,1.148386606,0.583333333,0.5,0,100,94.29611754,2.036386797,69.0703125,13254.29004,13341.68336,0.673302446
2012/9/12,13333.34961,111520000,13301.92793,13178.66255,13383.36282,12973.96228,86.9812196,13213.33144,13145.49661,67.83482764,55.03622263,12.79860501,0.074975513,0.556804392,1.253289113,1.17374992,0.583333333,0.5,0,100,94.29611754,1.332879513,9.989257813,13323.36035,13362.6052,1.148386606
2012/9/13,13539.86035,151770000,13351.5,13197.41655,13455.3886,12939.4445,91.23238291,13263.56666,13174.70874,88.85791585,61.80056127,27.05735457,1.548828676,1.486158076,2.552077702,2.619196826,0.666666667,0.541666667,0,100,100,3.163435211,206.5107422,13333.34961,13383.36282,1.17374992
2012/9/14,13593.37012,185160000,13408.84609,13214.57954,13524.69536,12904.46372,87.10820918,13314.30565,13205.7207,108.5849558,71.15744018,37.42751564,0.395201754,1.505087106,2.639680123,2.899507506,0.75,0.541666667,0,100,100,3.742503612,53.50976563,13539.86035,13455.3886,2.619196826
2012/9/17,13553.09961,128020000,13468.60801,13228.47451,13571.37936,12885.56966,78.54526864,13351.04318,13231.45247,119.5907164,80.84409542,38.74662094,-0.296251095,0.89490257,2.049467032,2.470663582,0.666666667,0.541666667,6.794873485,92.62295815,97.54098605,3.399731487,-40.27050781,13593.37012,13524.69536,2.899507506
2012/9/18,13564.63965,120720000,13516.86387,13243.12451,13615.88985,12870.35917,89.69775553,13383.90418,13256.133,127.771179,90.22951213,37.54166685,0.085146862,0.59346431,1.776226574,2.43125928,0.75,0.541666667,4.847713896,91.52693697,94.71663171,4.337683782,11.54003906,13553.09961,13571.37936,2.470663582
2012/9/19,13577.95996,116210000,13565.78594,13261.84351,13661.42153,12862.26548,87.98399692,13413.75891,13279.97203,133.7868806,98.94098581,34.84589474,0.098198794,0.376382319,1.566823409,2.398724557,0.75,0.583333333,2.600167413,95.45530474,93.20173329,3.721076134,13.3203125,13564.63965,13615.88985,2.43125928
2012/9/20,13596.92969,117910000,13577.1998,13283.052,13705.81998,12860.28402,88.29757648,13441.93903,13303.45038,138.4886548,106.8505196,31.63813517,0.139709696,0.191239922,1.354290227,2.430155762,0.833333333,0.583333333,0,100,95.66074723,4.303404582,18.96972656,13577.95996,13661.42153,2.398724557
2012/9/21,13579.46973,429610000,13574.41973,13309.15249,13737.40728,12880.8977,62.77142425,13463.0976,13323.89626,139.2013453,113.3206848,25.88066059,-0.128411056,0.013931804,0.890733521,2.201015219,0.75,0.541666667,3.112352098,93.61772003,96.35767492,4.077333238,-17.45996094,13596.92969,13705.81998,2.430155762
2012/9/24,13558.91992,120370000,13575.58379,13329.2,13764.74571,12893.65429,35.89382682,13477.8395,13341.30542,136.5340804,117.9633639,18.57071649,-0.15132995,-0.095171379,0.571850408,1.954505695,0.666666667,0.541666667,6.917794098,85.57942395,93.06571466,2.0081246,-20.54980469,13579.46973,13737.40728,2.201015219
2012/9/25,13457.5498,138630000,13554.16582,13345.84399,13774.23657,12917.45142,23.92341437,13474.71801,13349.91611,124.8018938,119.3310699,5.470823968,-0.747626786,-0.725599706,-0.273076965,1.111811337,0.583333333,0.541666667,40.67827044,0,59.73238133,1.134096663,-101.3701172,13558.91992,13764.74571,1.954505695
2012/9/26,13413.50977,124350000,13521.27578,13361.36997,13775.70813,12947.03181,14.96919239,13465.30135,13354.62675,110.6746005,117.599776,-6.925175503,-0.327251541,-0.866275791,-0.697074031,0.705021324,0.583333333,0.541666667,53.53143535,0,28.52647465,1.201269371,-44.04003906,13457.5498,13774.23657,1.111811337
2012/9/27,13485.96973,113990000,13499.08379,13380.29443,13780.8648,12979.72407,33.26535108,13468.4811,13364.35586,104.125241,114.904869,-10.77962796,0.540201351,-0.217690419,-0.26069593,1.113491271,0.583333333,0.583333333,32.38386493,39.50495682,13.16831894,1.220483202,72.45996094,13413.50977,13775.70813,0.705021324
2012/9/28,13437.12988,146950000,13470.61582,13402.11543,13763.19876,13041.0321,23.77921566,13463.65784,13369.74653,93.91130817,110.7061568,-16.79484866,-0.362152999,-0.382750248,-0.685427765,0.659519991,0.5,0.541666667,58.41290806,12.87761817,17.46085833,0.778351101,-48.83984375,13485.96973,13780.8648,1.113491271
2012/10/1,13515.11035,106120000,13461.85391,13423.32896,13757.62851,13089.0294,41.18944616,13471.57361,13380.51422,91.05938895,106.7768033,-15.71741431,0.580335752,0.275105277,-0.093840049,1.120449082,0.5,0.583333333,31.0415478,55.39233956,35.92497152,-0.182793614,77.98046875,13437.12988,13763.19876,0.659519991
2012/10/2,13482.36035,90730000,13466.81602,13445.64995,13729.28043,13162.01947,39.85805914,13473.23311,13388.05838,85.17472986,102.4563886,-17.28165872,-0.242321366,0.126909467,-0.267733404,0.756249125,0.416666667,0.583333333,62.46286378,37.53713622,35.26903132,-0.816646385,-32.75,13515.11035,13757.62851,1.120449082
2012/10/3,13494.61035,103890000,13483.03613,13468.00645,13685.30494,13250.70795,56.42697466,13476.52192,13395.95112,80.57079775,98.07927041,-17.50847266,0.090859461,0.171933603,-0.141113155,0.726374455,0.5,0.583333333,55.78419993,48.86756148,47.26567909,-0.431556319,12.25,13482.36035,13729.28043,0.756249125
2012/10/4,13575.36035,106390000,13500.91426,13482.17446,13688.39043,13275.9585,74.89777094,13491.72783,13409.24069,82.48713815,94.96084396,-12.47370581,0.598387044,0.569969144,0.449788732,1.148334826,0.5,0.625,11.75953829,100,62.13489923,0.07903419,80.75,13494.61035,13685.30494,0.726374455
2012/10/5,13610.15039,115500000,13535.51836,13497.35,13694.11613,13300.58387,71.60713254,13509.94668,13424.12289,85.82379385,93.13343394,-7.309640093,0.256273411,0.673343448,0.687229214,1.244323379,0.5,0.625,0,100,82.95585383,0.237078543,34.79003906,13575.36035,13688.39043,1.148334826
2012/10/8,13583.65039,71300000,13549.22637,13513.81802,13679.06344,13348.5726,77.64323958,13521.28572,13435.93974,85.34597374,91.5759419,-6.229968162,-0.194707621,0.296156138,0.499411024,0.875941319,0.416666667,0.625,13.47636075,86.52363925,95.50787975,-0.097663937,-26.5,13610.15039,13694.11613,1.244323379
2012/10/9,13473.53027,103630000,13547.46035,13521.32651,13663.27839,13379.37464,43.00375955,13513.93872,13438.72423,75.21449879,88.30365328,-13.08915449,-0.810681327,-0.465996113,-0.250165745,-0.073575919,0.416666667,0.583333333,69.47705602,21.03819431,69.18727785,-0.780144256,-110.1201172,13583.65039,13679.06344,0.875941319
2012/10/10,13344.96973,101120000,13517.53223,13521.90752,13660.84011,13382.97493,32.51897356,13487.94349,13431.77945,56.16404603,81.87573183,-25.7116858,-0.95417121,-1.248673855,-1.071367672,-1.04324307,0.416666667,0.541666667,100,0,35.85394452,-1.577929485,-128.5605469,13473.53027,13663.27839,-0.073575919
2012/10/11,13326.38965,86630000,13467.73809,13511.23398,13673.79952,13348.66845,28.93559053,13463.08906,13423.9728,39.11626005,73.32383747,-34.20757742,-0.139229077,-1.181145773,-1.128993744,-1.187049375,0.416666667,0.5,100,0,7.012731436,-0.97462137,-18.58007813,13344.96973,13660.84011,-1.04324307
2012/10/12,13328.84961,113740000,13411.47793,13498.00796,13674.16524,13321.85068,11.60397305,13442.43683,13416.92663,25.51019942,63.76110986,-38.25091044,0.01845932,-0.860869666,-1.058954635,-1.191569976,0.5,0.541666667,99.13308623,0.866913766,0.288971255,-0.631155885,2.459960938,13326.38965,13673.79952,-1.187049375
2012/10/15,13424.23047,114880000,13379.59395,13491.5645,13668.61511,13314.51389,25.63952298,13439.63585,13417.46766,22.16819542,55.44252697,-33.27433156,0.715597086,0.079226406,-0.312863624,-0.515495902,0.5,0.541666667,65.51995898,34.48004102,11.78231826,-0.457803622,95.38085938,13328.84961,13674.16524,-1.191569976
2012/10/16,13551.78027,113450000,13395.24395,13490.92153,13666.99668,13314.84638,46.69843293,13456.88884,13427.41674,29.47210039,50.24844166,-20.77634126,0.950146118,1.070148311,0.562961788,0.362060155,0.583333333,0.541666667,20.57018766,79.42981234,38.25892237,0.85323571,127.5498047,13424.23047,13668.61511,-0.515495902
2012/10/17,13557,135570000,13437.65,13489.87354,13664.10384,13315.64323,61.04824762,13472.29056,13437.0155,35.27505712,47.25376475,-11.97870763,0.038516907,1.004281558,0.575642396,0.395406721,0.583333333,0.541666667,18.73070609,81.26929391,65.05971576,0.309946773,5.219726563,13551.78027,13666.99668,0.362060155
2012/10/18,13548.94043,128410000,13482.16016,13487.47407,13656.99913,13317.94901,89.64445153,13484.08285,13445.30624,38.77660955,45.55833371,-6.78172416,-0.059449512,0.68921416,0.474493756,0.349479257,0.583333333,0.5,21.57097577,86.50786722,82.40232449,0.493831024,-8.059570313,13557,13664.10384,0.395406721
2012/10/19,13343.50977,239080000,13485.09219,13475.67607,13650.70316,13300.64899,51.92750446,13462.45622,13437.76576,24.69046108,41.38475918,-16.69429811,-1.516212025,-0.858470524,-0.956429649,-1.108068494,0.5,0.5,93.96670693,7.42382858,58.4003299,-1.119710625,-205.4306641,13548.94043,13656.99913,0.349479257
2012/10/22,13345.88965,121880000,13469.42402,13465.02456,13644.36685,13285.68227,51.91883469,13444.5229,13430.96012,13.56278029,35.82036341,-22.25758311,0.017835508,-0.861707388,-0.797958186,-1.023571692,0.5,0.5,93.12801346,8.455821635,34.12917248,-1.690347049,2.379882813,13343.50977,13650.70316,-1.108068494
2012/10/23,13102.53027,122220000,13379.57402,13447.27358,13686.38133,13208.16584,22.82933058,13391.90865,13406.63198,-14.7233332,25.71162408,-40.43495729,-1.8234781,-2.280269387,-2.299681855,-2.685417718,0.416666667,0.458333333,100,0,5.293216738,-3.729717179,-243.359375,13345.88965,13644.36685,-1.023571692
2012/10/24,13077.33984,110670000,13283.64199,13430.46509,13718.88251,13142.04767,1.552082108,13343.51345,13382.23997,-38.72652383,12.8239945,-51.55051833,-0.192256222,-1.889549148,-2.179761701,-2.71608352,0.416666667,0.416666667,100,0,2.818607212,-3.727352606,-25.19042969,13102.53027,13686.38133,-2.685417718
2012/10/25,13103.67969,114590000,13194.58984,13411.35059,13731.45172,13091.24945,5.622942231,13306.61595,13361.60588,-54.98993039,-0.738790477,-54.25113991,0.201415915,-1.131526838,-1.756240795,-2.376165046,0.5,0.458333333,94.79769009,5.49135537,1.83045179,-2.745016179,26.33984375,13077.33984,13718.88251,-2.71608352
2012/10/26,13107.20996,134640000,13147.32988,13394.85459,13740.89455,13048.81463,6.37061615,13275.9381,13342.76174,-66.82363246,-13.95575887,-52.86787358,0.026941085,-0.55247665,-1.583576554,-2.212746505,0.583333333,0.5,93.77264991,6.227350093,3.906235155,-1.781643349,3.530273438,13103.67969,13731.45172,-2.376165046
2012/10/31,13096.45996,138160000,13097.44395,13373.92207,13738.48558,13009.35856,10.35147495,13248.32608,13324.51716,-76.19107843,-26.40282279,-49.78825565,-0.082015929,-0.322643127,-1.522613995,-2.183150827,0.583333333,0.5,96.01382001,3.986179994,5.234961819,-1.725371189,-10.75,13107.20996,13740.89455,-2.212746505
2012/11/1,13232.62012,140510000,13123.46191,13361.43506,13727.39179,12995.47833,37.28251955,13245.90978,13317.70997,-71.80019227,-35.48229668,-36.31789559,1.039671458,0.858590237,-0.438738354,-1.1105081,0.583333333,0.541666667,67.62702271,32.92622572,14.3799186,-0.721963973,136.1601563,13096.45996,13738.48558,-2.183150827
2012/11/2,13093.16016,137660000,13126.62598,13341.36255,13719.72727,12962.99783,48.62781552,13222.40984,13301.07665,-78.66681461,-44.11920027,-34.54761434,-1.05391041,-0.192488737,-1.283109262,-2.032887545,0.5,0.5,96.70176639,5.8910162,14.26780731,-2.466214457,-139.4599609,13232.62012,13727.39179,-1.1105081
2012/11/5,13112.44043,95350000,13128.37813,13318.21655,13693.11252,12943.32059,55.2307661,13205.49147,13287.1036,-81.6121315,-51.61778651,-29.99434499,0.147254545,-0.090072031,-0.864092978,-1.789211508,0.5,0.541666667,92.68219687,13.07041946,17.29588713,-3.241934527,19.28027344,13093.16016,13719.72727,-2.032887545
2012/11/6,13245.67969,105710000,13156.07207,13299.99302,13651.0284,12948.95763,66.04810193,13211.67427,13284.03516,-72.36089048,-55.76640731,-16.59448317,1.016128603,0.743473034,0.340065732,-0.707775088,0.5,0.541666667,64.90435123,100,39.65381189,-2.29638056,133.2392578,13112.44043,13693.11252,-1.789211508
2012/11/7,12932.73047,164250000,13123.32617,13267.44702,13627.82589,12907.06815,38.39648362,13168.75984,13258.01259,-89.25275168,-62.46367618,-26.7890755,-2.362651265,-1.418706846,-1.648032711,-2.886988008,0.5,0.541666667,100,0,37.69013982,-4.548030631,-312.9492188,13245.67969,13651.0284,-0.707775088
2012/11/8,12811.32031,138350000,13039.06621,13234.33652,13632.58765,12836.08539,33.47014659,13113.76914,13224.92427,-111.1551312,-72.20196718,-38.95316398,-0.938782081,-1.989124124,-2.241633615,-3.592561109,0.5,0.5,100,0,33.33333333,-3.98837684,-121.4101563,12932.73047,13627.82589,-2.886988008
2012/11/9,12815.38965,131670000,12983.51211,13207.85752,13641.97129,12773.74375,21.4385417,13067.86461,13194.58838,-126.7237706,-83.10632785,-43.6174427,0.031763595,-1.433627074,-1.879585421,-3.331589369,0.5,0.5,99.23876368,0.93685924,0.312286413,-3.975006642,4.069335938,12811.32031,13632.58765,-3.592561109
2012/11/12,12815.08008,62360000,12924.04004,13182.29204,13644.76933,12719.81475,26.48402505,13028.97468,13166.47665,-137.501972,-93.98545669,-43.51651534,-0.002415614,-1.083406082,-1.701672517,-3.091761521,0.5,0.458333333,99.29667391,0.86558869,0.600815977,-2.193852556,-0.309570313,12815.38965,13641.97129,-3.331589369
2012/11/13,12756.17969,142200000,12826.14004,13153.65854,13646.22758,12661.08951,21.76468494,12987.00622,13136.08428,-149.0780645,-105.0039782,-44.07408625,-0.459617812,-1.084700214,-1.95218798,-3.285010001,0.5,0.458333333,100,0,0.600815977,-2.455852338,-58.90039063,12815.08008,13644.76933,-3.091761521
2012/11/14,12570.9502,162180000,12753.78398,13110.99453,13648.22014,12573.76892,0.595918239,12922.9976,13094.2225,-171.2248991,-118.2481624,-52.9767367,-1.452076536,-1.663522509,-3.045081361,-4.416846451,0.416666667,0.458333333,100,0,0.288529563,-4.065495379,-185.2294922,12756.17969,13646.22758,-3.285010001
2012/11/15,12542.37988,129150000,12699.9959,13060.52451,13612.09371,12508.95532,1.021190875,12864.44103,13053.34527,-188.9042401,-132.379378,-56.52486212,-0.227272498,-1.385142843,-2.912981637,-4.3909753,0.333333333,0.458333333,100,0,0,-4.309308234,-28.5703125,12570.9502,13648.22014,-4.416846451
2012/11/16,12588.30957,197110000,12654.57988,13012.08999,13550.74087,12473.43911,15.47915262,12821.95926,13018.89818,-196.938914,-145.2912852,-51.64762885,0.366195953,-0.733925874,-2.236998121,-3.815374346,0.416666667,0.5,93.46940136,6.530598643,2.176866214,-3.880059132,45.9296875,12542.37988,13612.09371,-4.3909753
2012/11/19,12795.95996,136910000,12650.75586,12974.44097,13460.42012,12488.46182,48.15514031,12817.95937,13002.38424,-184.4248648,-153.1180011,-31.30686373,1.649549445,0.929290115,-0.342719357,-2.062606612,0.416666667,0.5,63.94424164,64.9621359,23.83091151,-3.299876762,207.6503906,12588.30957,13550.74087,-3.815374346
2012/11/20,12788.50977,134160000,12657.22188,12946.69097,13407.95793,12485.424,47.51088667,12813.42866,12986.54168,-173.1130201,-157.1170049,-15.99601517,-0.058223028,0.905771696,-0.203422301,-1.920786896,0.416666667,0.458333333,65.00356161,90.15424128,53.88232527,-2.326790377,-7.450195313,12795.95996,13460.42012,-2.062606612
2012/11/21,12836.88965,97300000,12710.40977,12921.24097,13346.34772,12496.13422,57.71296104,12817.03805,12975.45635,-158.4183018,-157.3772643,-1.041037526,0.378307431,1.180114918,0.353940764,-1.324324358,0.416666667,0.458333333,58.12457736,100,85.03879239,-2.101445438,48.37988281,12788.50977,13407.95793,-1.920786896
2012/11/23,13009.53027,61110000,12803.83984,12916.59097,13335.65552,12497.52642,92.94574622,12846.65223,12977.98034,-131.3281074,-152.1674329,20.83932549,1.344878937,1.953463547,1.8602856,0.178404181,0.416666667,0.458333333,33.57734674,100,96.71808043,-1.782841044,172.640625,12836.88965,13346.34772,-1.324324358
2012/11/26,12967.37012,114360000,12879.65195,12911.09248,13324.42265,12497.76231,90.53618534,12865.22422,12977.1944,-111.9701829,-144.1279829,32.15780002,-0.324071318,1.062070143,1.507243564,0.040426635,0.416666667,0.458333333,39.57196752,90.97503564,96.99167855,0.267844818,-42.16015625,13009.53027,13335.65552,0.178404181
2012/11/27,12878.12988,117900000,12896.08594,12899.81499,13303.71156,12495.91842,75.53386264,12867.2097,12969.85629,-102.6465834,-135.831703,33.18511959,-0.688190694,-0.009848223,0.764765325,-0.49919304,0.416666667,0.458333333,28.12807037,71.87192963,87.61565509,0.521488564,-89.24023438,12967.37012,13324.42265,0.040426635
2012/11/28,12985.11035,131000000,12935.40605,12893.71001,13288.47055,12498.94947,70.25808692,12885.34826,12970.98622,-85.63795288,-125.792953,40.15500009,0.830714317,0.574606554,1.489519491,0.444036116,0.416666667,0.458333333,5.227421911,94.77257809,85.87318112,1.324350705,106.9804688,12878.12988,13303.71156,-0.49919304
2012/11/29,13021.82031,113620000,12972.39219,12889.97803,13278.36072,12501.59534,73.51393061,12906.34396,12974.75171,-68.40774173,-114.3159107,45.90816899,0.282708117,0.556084531,1.639576829,0.75420899,0.5,0.5,0,100,88.88150257,1.613257452,36.70996094,12985.11035,13288.47055,0.444036116
2012/11/30,13025.58008,171070000,12975.60215,12879.62603,13241.02514,12518.22691,70.89635691,12924.68798,12978.51677,-53.82878883,-102.2184863,48.38969752,0.028872811,0.341440299,1.491080349,0.800119858,0.583333333,0.541666667,0,100,98.25752603,2.111920632,3.759765625,13021.82031,13278.36072,0.75420899
2012/12/3,12965.59961,112900000,12975.24805,12873.248,13223.6842,12522.8118,43.51732029,12930.98208,12977.55994,-46.57786553,-91.09036218,44.51249666,-0.460482131,-0.064247656,0.765522107,0.380645725,0.583333333,0.5,12.41317146,74.69929148,91.56643049,3.139376164,-59.98046875,13025.58008,13241.02514,0.800119858
2012/12/4,12951.78027,125290000,12989.97813,12865.21499,13200.38401,12530.04597,47.48947921,12934.1818,12975.65034,-41.468538,-81.16599735,39.69745935,-0.106584627,-0.150766866,0.391935565,0.323957332,0.583333333,0.458333333,15.27313221,60.88842195,78.52923781,3.264136427,-13.81933594,12965.59961,13223.6842,0.380645725
2012/12/5,13034.49023,161230000,12999.8541,12854.65552,13152.43464,12556.87639,75.72055067,12949.61387,12980.00885,-30.39498207,-71.01179429,40.61681222,0.638599167,0.285391183,0.742693921,0.984822881,0.583333333,0.5,0,100,78.52923781,3.544404922,82.70996094,12951.78027,13200.38401,0.323957332
2012/12/6,13074.04004,116850000,13010.29805,12861.721,13172.97571,12550.46628,68.79887369,12968.75636,12986.97412,-18.21776743,-60.45298892,42.23522149,0.303424253,0.475104341,0.867712393,1.343114576,0.583333333,0.5,0,100,86.96280732,2.173186529,39.54980469,13034.49023,13152.43464,0.984822881
2012/12/7,13155.12988,124130000,13036.20801,12878.91147,13214.18324,12543.63971,73.72823317,12997.42921,12999.43011,-2.000899279,-48.76257099,46.76167171,0.620235547,0.925956369,1.254662766,1.951275182,0.666666667,0.541666667,0,100,100,2.866793113,81.08984375,13074.04004,13172.97571,1.343114576
2012/12/10,13169.87988,118530000,13077.06406,12896.63599,13253.39367,12539.87831,74.71738512,13023.96008,13012.05601,11.90406465,-36.62924386,48.53330851,0.11212356,0.85303322,1.152147586,2.04665899,0.666666667,0.541666667,0,100,100,2.594010259,14.75,13155.12988,13214.18324,1.951275182
2012/12/11,13248.44043,124510000,13136.39609,12918.304,13304.07729,12532.53071,95.54903422,13058.49552,13029.56597,28.92954651,-23.51748579,52.4470323,0.596516806,1.089712393,1.600176463,2.654469485,0.666666667,0.541666667,0,100,100,1.836424154,78.56054688,13169.87988,13253.39367,2.04665899
2012/12/12,13245.4502,127510000,13178.58809,12942.76753,13345.97373,12539.56133,99.00209228,13087.25778,13045.5574,41.7003806,-10.47391251,52.17429311,-0.022570463,0.690850447,1.397049452,2.527785984,0.666666667,0.541666667,0.80749371,98.99203371,99.66401124,2.1444601,-2.990234375,13248.44043,13304.07729,2.654469485
2012/12/13,13170.71973,101190000,13197.92402,12972.75601,13349.21427,12596.29775,73.3532884,13100.09808,13054.82868,45.26939691,0.674749373,44.59464754,-0.564197273,-0.049759645,0.637127147,1.83128891,0.666666667,0.541666667,20.98797989,73.80143525,90.93115632,2.27199016,-74.73046875,13245.4502,13345.97373,2.527785984
2012/12/14,13135.00977,117620000,13193.9,13002.3875,13328.62247,12676.15253,60.59123496,13105.46911,13060.76802,44.70108635,9.480016768,35.22106958,-0.271131432,-0.39756431,0.268563797,1.450732336,0.583333333,0.5,30.63122696,61.7641056,78.18585819,1.15439461,-35.70996094,13170.71973,13349.21427,1.83128891
2012/12/17,13235.38965,142980000,13207.00195,13034.7415,13315.46917,12754.01384,63.0664691,13125.45688,13073.70295,51.75392671,17.93479876,33.81912796,0.764216279,0.261913429,0.89775266,2.087946916,0.583333333,0.541666667,4.399236289,93.90008444,76.48854176,1.640088181,100.3798828,13135.00977,13328.62247,1.450732336
2012/12/18,13350.95996,152920000,13227.50586,13062.4915,13352.8762,12772.10681,72.19437343,13160.14966,13094.24051,65.90915219,27.52966944,38.37948275,0.873191614,0.90669679,1.568833954,2.782896842,0.583333333,0.583333333,0,100,85.22139668,2.498006852,115.5703125,13235.38965,13315.46917,2.087946916
2012/12/19,13251.96973,149020000,13228.80977,13085.6645,13358.32275,12813.00626,50.41194386,13174.27583,13105.92416,68.35167024,35.6940696,32.65760064,-0.741446568,0.154074956,0.633056776,1.798435524,0.583333333,0.583333333,24.79841472,54.16061827,82.6869009,2.20869166,-98.99023438,13350.95996,13352.8762,2.782896842
2012/12/20,13311.71973,119800000,13257.00977,13109.40601,13373.84937,12844.96265,56.8300676,13195.42104,13121.16827,74.25276934,43.40580955,30.84695979,0.45087637,0.521736574,0.857059023,2.006235227,0.666666667,0.625,9.830218221,81.82903502,78.66321776,2.779073189,59.75,13251.96973,13358.32275,1.798435524
2012/12/21,13190.83984,413270000,13268.17578,13118.47148,13381.02209,12855.92088,51.89355018,13194.71624,13126.32913,68.38711252,48.40207015,19.98504237,-0.908071123,-0.416289286,-0.157355502,0.885861722,0.583333333,0.583333333,40.11229083,25.85321956,53.94762428,1.199506897,-120.8798828,13311.71973,13373.84937,2.006235227
2012/12/24,13138.92969,47710000,13248.88379,13127.04946,13380.33957,12873.75936,50.3579965,13186.1337,13127.2625,58.87119101,50.49589432,8.37529669,-0.393531851,-0.813075019,-0.590955862,0.379133815,0.5,0.541666667,66.99859596,1.815197189,36.49915059,0.496324382,-51.91015625,13190.83984,13381.02209,0.885861722
2012/12/26,13114.58984,79410000,13201.60977,13138.87246,13365.22528,12912.51964,37.18822177,13175.12695,13126.32379,48.80316022,50.1573475,-1.354187275,-0.185249821,-0.846116574,-0.749742107,0.089289176,0.416666667,0.541666667,85.35684814,0,9.222805582,-0.308169052,-24.33984375,13138.92969,13380.33957,0.379133815
2012/12/27,13096.30957,100160000,13170.47773,13144.43242,13360.63999,12928.22486,15.96951426,13163.0012,13124.10051,38.90068512,47.90601502,-9.005329906,-0.139388831,-0.665577709,-0.842078692,-0.132609215,0.333333333,0.5,100,0,0.60506573,-0.558625539,-18.28027344,13114.58984,13365.22528,0.089289176
2012/12/28,12938.11035,85980000,13095.75586,13140.24692,13368.68215,12911.8117,13.78763295,13128.40261,13110.32346,18.07914232,41.94064048,-23.86149816,-1.207967923,-1.47459012,-1.847688623,-1.316581498,0.25,0.458333333,100,0,1.39E-14,-2.342389504,-158.1992188,13096.30957,13360.63999,-0.132609215
2012/12/31,13104.13965,145740000,13078.41582,13144.1749,13367.22643,12921.12337,30.76675293,13124.66984,13109.8654,14.80443998,36.51340038,-21.70896041,1.283257697,0.053343584,-0.49925226,-0.093644409,0.333333333,0.5,59.7845576,40.2154424,13.40514747,-1.066861034,166.0292969,12938.11035,13368.68215,-1.316581498
