Thevillagesandtownsurbandistrict,shiftinglevel,totalfloornumber,buildingstate,houseage,buildingshiftingtotalarea,room,hall,bathroom,compartmented,managestheorganization,park,bus  stop,school,Clustering,theunitpriceNTDsquaremeter
North,3,15,5,13,149.65,3,2,2,1,1,1,1,1,1,55463
North,5,7,4,11,165.85,4,1,3,1,1,0,1,1,1,51854
North,7,7,4,29,156.76,3,1,2,1,1,1,1,0,1,38275
North,0,3,3,42,149.26,5,2,3,1,0,1,1,0,1,53598
North,3,5,2,37,107.04,5,1,5,1,0,1,1,1,1,62407
North,2,7,4,27,186.46,3,2,2,1,1,1,1,1,1,21452
North,7,7,4,27,116.96,3,2,2,1,0,0,1,0,1,52578
North,3,6,4,29,119.36,3,2,1,1,1,1,1,0,1,46079
North,3,5,4,23,141.69,2,2,2,1,1,1,1,0,1,63519
North,8,9,4,22,155.06,3,2,2,1,1,0,1,0,1,50303
North,5,5,2,31,121.56,3,2,1,1,1,0,1,0,1,34551
North,4,9,4,25,136.03,3,2,2,1,1,1,1,1,1,38006
North,5,5,4,29,187.05,3,2,2,1,1,0,1,0,1,40096
North,0,2,3,49,118.36,4,3,3,1,0,1,1,0,1,92937
North,2,14,5,21,103.07,3,2,2,1,1,0,1,0,1,48511
North,4,9,4,27,142.26,3,2,2,1,1,0,1,1,1,49206
North,7,7,4,24,107.15,4,4,4,1,1,0,1,0,1,44050
North,0,2,3,44,125.3,3,2,2,1,0,0,1,0,1,110774
North,2,7,4,37,123.3,3,2,2,1,1,1,1,0,1,34874
North,1,5,2,38,134.77,3,2,2,1,0,0,1,0,1,56392
North,3,5,2,37,108.18,7,0,7,1,0,0,1,1,1,64707
North,6,14,5,24,139.66,3,2,2,1,1,0,1,1,1,44966
North,7,11,5,25,145.79,2,2,1,1,1,0,1,1,1,45271
North,2,7,4,28,106.29,2,2,1,1,1,1,1,0,1,52404
North,7,15,5,29,113.87,2,2,2,1,1,0,1,0,1,45666
North,2,8,4,24,137.61,4,2,2,1,1,0,1,1,1,36335
North,17,21,5,23,105.83,2,2,2,1,1,0,1,1,1,51498
North,4,5,2,38,109.23,5,0,5,1,0,1,1,1,1,39824
North,3,5,2,38,100.42,3,2,2,1,0,1,1,1,1,35451
North,0,2,3,46,103.21,4,2,2,1,0,1,1,0,1,90108
North,12,12,5,26,171.38,4,2,2,1,1,0,1,1,1,52515
North,4,5,2,35,105.47,3,2,2,1,0,0,0,0,1,35081
North,4,15,5,25,134.46,3,2,2,1,1,1,0,0,1,47226
North,4,5,2,31,104.48,2,2,1,1,0,1,1,0,1,47665
North,2,14,5,18,166.05,3,2,2,1,1,1,0,0,1,48178
North,1,8,4,25,107.11,3,2,2,1,1,1,1,0,1,62179
North,2,7,4,36,148.53,3,2,2,1,1,1,1,0,1,33663
North,0,2,3,48,161.03,3,2,2,1,0,1,1,0,1,147799
North,2,7,4,25,101.46,4,2,3,1,1,1,1,1,1,35975
North,5,5,2,31,111.87,2,2,2,1,1,0,0,0,1,44699
North,20,20,5,19,101.64,2,2,1,1,1,1,1,1,1,51456
North,3,7,4,26,159.55,3,2,2,1,1,1,1,1,1,40740
North,4,7,4,37,110.07,4,2,4,1,1,1,1,0,1,53602
North,4,7,4,33,147.1,3,2,2,1,0,1,1,0,1,44188
North,6,12,5,23,152.39,3,2,2,1,1,1,1,0,1,49216
North,10,14,5,24,128.55,3,2,2,1,1,1,1,1,1,56403
North,8,12,5,21,120.33,3,2,2,1,1,1,1,1,1,55514
North,7,7,4,25,131.71,2,2,1,1,1,1,1,1,1,51629
North,6,7,4,32,117.67,3,1,1,1,0,1,1,1,1,36543
North,10,14,5,17,115.83,3,2,2,1,1,0,1,1,1,63023
North,6,21,5,23,106.5,3,2,2,1,1,1,1,1,1,63831
North,2,9,4,25,147.68,3,2,2,1,1,0,1,1,1,47400
North,1,6,4,26,118.71,3,2,2,1,1,1,1,1,1,56440
North,2,9,4,18,158.88,3,2,2,1,1,1,1,0,1,63444
North,10,12,5,28,164.53,4,2,2,1,1,1,1,1,1,48623
North,3,5,2,36,131.22,3,2,2,1,0,0,1,1,1,30483
North,2,5,2,36,105.74,3,2,2,1,0,0,1,1,1,45394
North,8,14,5,21,128.65,3,2,2,1,1,1,1,1,1,54411
North,8,20,5,19,191.34,3,2,2,1,1,1,1,1,1,50172
North,4,7,4,36,129.77,4,2,2,1,1,0,1,1,1,48933
North,9,17,5,24,139.89,3,2,2,1,1,0,1,0,1,43606
North,9,20,5,19,106.26,2,1,1,1,1,1,1,1,1,51572
North,12,12,5,8,122.36,2,2,1,1,1,1,1,0,1,69549
North,3,13,5,24,154.1,4,2,2,1,0,1,1,0,1,43803
North,2,17,1,24,113.27,4,0,4,1,1,0,1,0,1,47232
North,3,5,2,31,100.85,4,0,4,1,0,1,1,1,1,65493
North,5,7,4,34,126.05,3,2,2,1,1,1,1,0,1,44665
North,0,2,3,46,147.68,4,2,2,1,0,1,1,0,1,111728
North,4,12,5,23,137.39,5,0,5,1,1,1,1,0,1,47311
North,3,7,4,27,146.63,4,2,2,1,1,0,1,0,1,45693
North,6,9,4,25,144.14,3,2,2,1,1,0,1,1,1,51083
North,4,5,2,31,172.85,4,2,2,1,1,1,1,0,1,34423
North,3,5,2,32,109.63,4,2,2,1,0,1,1,1,1,35392
North,8,10,4,33,118.37,3,2,2,1,1,0,1,1,1,42071
North,5,5,2,31,126.38,4,2,2,1,0,1,1,0,1,32917
North,5,6,4,23,113.2,3,2,2,1,1,1,1,0,1,35336
North,12,12,5,20,148.24,3,2,2,1,1,1,1,0,1,66109
North,6,9,4,8,141.21,2,2,2,1,1,1,1,1,1,77293
North,7,13,5,11,157.14,3,2,2,1,1,1,1,0,1,62365
North,2,17,5,24,113.99,3,2,2,1,1,0,1,0,1,36845
North,5,5,2,37,138.87,3,2,1,1,1,0,1,1,1,30964
North,3,9,4,20,146.5,3,2,2,1,1,1,0,0,1,68259
North,0,2,3,32,110.55,5,2,3,1,0,1,1,0,1,122117
North,12,21,5,23,126.09,3,2,2,1,1,1,1,1,1,56943
North,0,2,3,49,161.88,2,2,2,1,0,1,1,0,1,161848
North,8,15,5,13,136.48,3,2,2,1,1,1,1,0,1,56052
North,14,14,5,23,100.14,1,1,1,1,1,1,1,1,1,46435
North,4,9,4,24,180.42,4,2,2,1,1,1,1,0,1,40461
North,5,7,4,28,179.14,3,2,2,1,1,1,1,1,1,41085
North,16,16,5,23,114.5,2,2,1,1,1,0,1,0,1,39301
North,0,2,3,48,139.18,2,1,2,1,0,0,1,1,1,32332
North,3,12,5,25,109.44,3,2,2,1,1,0,1,0,1,41118
North,6,9,4,21,173.7,4,2,2,1,1,1,0,0,1,65688
North,6,14,5,21,140,3,2,2,1,1,0,1,0,1,54286
North,18,18,5,10,142.06,3,1,2,1,1,0,1,0,1,75672
North,3,8,4,24,182.29,4,2,2,1,1,1,0,1,1,47178
North,1,14,5,21,116.3,3,2,2,1,1,0,1,0,1,51591
North,4,5,2,38,82.81,3,2,2,1,0,1,1,0,1,54341
North,6,13,1,26,42.3,1,1,1,1,1,1,1,1,1,41844
North,5,17,5,25,122.39,3,2,2,1,1,1,1,1,1,46572
North,13,14,5,20,138.8,2,2,2,1,1,1,1,1,1,54611
North,14,14,5,23,152,4,2,2,1,1,1,1,0,1,48684
North,16,20,5,20,152.78,3,2,2,1,0,1,1,1,1,46472
North,11,21,5,24,131.81,4,2,3,1,1,0,1,1,1,63349
North,7,13,5,12,177.39,4,2,2,1,1,1,1,0,1,74759
North,9,14,5,23,152,4,2,2,1,1,1,1,0,1,55921
North,4,8,4,25,102.01,3,2,1,1,1,0,1,1,1,49995
North,4,15,5,11,142.25,3,2,2,1,1,0,1,1,1,65237
North,13,14,5,24,152.24,3,2,2,1,1,1,1,1,1,54651
North,1,5,2,25,104.55,4,2,2,1,0,0,1,1,1,36346
North,3,5,2,31,143.7,5,5,5,1,0,1,1,1,1,44746
North,9,12,5,20,142.17,3,2,2,1,1,0,1,0,1,54653
North,4,5,2,33,100.15,4,0,4,1,0,1,1,0,1,44933
North,7,17,5,25,107.73,3,1,2,1,1,0,1,0,1,20421
North,8,12,5,24,192.22,4,2,2,1,1,0,1,1,1,40474
North,5,12,5,27,101.72,3,2,2,1,1,0,1,1,1,44731
North,3,9,4,8,117.71,2,2,1,1,1,1,1,1,1,64565
North,6,9,4,13,144.32,3,2,2,1,1,1,1,1,1,83843
North,10,19,5,23,124.36,4,1,2,1,1,1,1,0,1,48247
North,6,14,5,23,137.33,4,2,2,1,1,1,1,0,1,50608
North,5,14,5,13,132.51,3,2,2,1,1,1,1,1,1,63769
North,6,7,4,28,132.69,0,0,1,0,1,1,1,0,1,31276
North,2,9,4,26,147.68,3,2,2,1,1,0,1,1,1,51327
North,11,12,5,26,114.48,3,2,2,1,1,0,1,0,1,41929
North,3,5,2,31,102.73,3,2,2,1,1,0,1,0,1,42344
North,4,5,2,36,122.85,7,0,7,1,0,1,1,1,1,72120
North,10,14,5,22,191.75,4,2,2,1,1,1,1,1,1,49439
North,3,5,2,35,103.89,3,1,2,1,0,1,1,1,1,37058
North,6,7,4,26,110.48,3,2,2,1,1,0,1,0,1,44804
North,15,15,5,13,177.92,3,2,2,1,1,1,1,0,1,55643
North,2,15,5,14,129.98,2,2,1,1,1,1,1,0,1,50392
North,5,7,4,38,114.85,3,2,2,1,0,1,1,0,1,41794
North,7,7,4,41,100.81,5,0,5,1,1,0,1,0,1,57534
North,3,5,2,33,109.63,3,2,2,1,0,1,1,1,1,39679
North,3,17,5,25,139.89,3,2,2,1,1,0,1,0,1,37529
North,7,17,5,25,106.96,3,2,2,1,1,0,1,0,1,43755
North,4,5,2,37,131.22,4,2,2,1,0,0,1,1,1,31245
North,4,8,4,22,158.29,5,2,2,1,1,0,1,0,1,41696
North,11,15,5,14,135.42,2,2,2,1,1,1,1,0,1,55383
North,13,17,5,25,132.92,3,2,2,1,1,1,1,1,1,41378
North,5,5,2,37,101.92,3,2,2,1,0,1,1,0,1,32869
North,6,8,4,26,109.41,3,2,2,1,1,0,1,0,1,39302
North,18,19,5,24,180.48,4,2,2,1,1,1,1,0,1,42996
North,4,5,2,34,120.15,3,2,2,1,0,1,1,1,1,37869
North,0,4,3,33,186.59,9,0,10,1,1,0,1,0,1,58042
North,7,14,5,24,172.48,3,2,2,1,1,0,1,1,1,46382
North,7,7,4,30,99.97,3,2,2,1,1,1,1,1,1,46814
North,5,5,2,33,103.25,3,2,2,1,0,1,1,0,1,36901
North,5,13,5,25,109.12,3,2,2,1,1,1,1,0,1,42614
North,4,4,2,37,108.41,5,0,5,1,0,0,1,0,1,65953
North,9,14,5,20,151.9,2,2,2,1,1,1,1,1,1,53654
North,6,7,4,28,141.47,5,0,5,1,1,0,1,0,1,56549
North,9,10,4,34,117.28,6,6,6,1,1,0,1,1,1,66081
North,3,5,2,38,101.04,3,2,2,1,0,1,1,0,1,54434
North,6,7,4,26,167.94,4,2,2,1,1,1,1,1,1,43647
North,3,11,5,38,107.13,5,0,5,1,1,1,1,1,1,58807
North,0,4,3,42,167.8,5,2,3,1,0,0,1,0,1,52443
North,4,12,5,24,106.76,1,2,1,1,1,1,1,1,1,57138
North,3,5,2,38,121.57,3,2,2,1,0,1,1,0,1,44995
North,5,5,4,30,187.05,3,2,2,1,1,0,1,0,1,41165
North,0,2,3,34,142.5,5,2,3,1,0,0,1,1,1,114386
North,2,5,2,33,104.96,3,2,3,1,0,1,1,0,1,63834
North,1,13,5,26,174.43,3,2,2,1,1,0,1,1,1,42424
North,3,4,2,40,137.37,5,0,5,1,0,0,1,1,1,59402
North,0,4,3,25,176.62,11,0,11,1,0,1,1,1,1,99083
North,8,13,5,12,182.04,3,2,2,1,1,1,1,0,1,70175
North,5,5,2,32,107.29,4,2,2,1,1,1,1,0,1,52195
North,0,2,3,38,110.22,5,1,2,1,0,1,1,1,1,116131
North,6,17,5,25,152.01,3,2,2,1,1,1,1,1,1,48020
North,10,20,5,20,139.14,3,2,2,1,1,1,1,1,1,54621
North,0,2,3,42,129.54,4,3,4,1,0,0,1,0,1,127374
North,4,12,5,24,130,3,2,2,1,1,1,1,1,1,65385
North,4,7,4,37,143.09,3,2,2,1,1,1,1,0,1,37738
North,7,15,1,14,99.55,1,1,1,1,1,1,1,0,1,57459
North,3,14,5,18,118.75,3,2,2,1,1,0,1,1,1,62737
North,7,11,5,29,119.61,3,2,2,1,1,1,1,0,1,48491
North,11,17,5,25,157.49,3,2,2,1,1,1,1,1,1,56512
North,5,7,4,24,120.5,3,2,2,1,0,0,1,0,1,43154
North,2,7,4,38,123.3,3,2,2,1,1,1,1,0,1,42579
North,13,14,5,21,154.79,3,2,2,1,1,1,1,0,1,50262
North,7,7,4,28,120.86,2,2,1,1,1,1,1,1,1,39302
North,4,13,5,26,137.08,3,2,2,1,1,1,1,1,1,52524
North,4,11,5,23,121.16,3,2,2,1,1,1,1,1,1,54473
North,8,9,4,23,126,3,1,2,1,1,0,1,0,1,57143
North,0,2,3,48,107.67,4,2,3,1,0,1,1,0,1,86375
North,4,10,4,38,106.43,4,2,2,1,0,1,1,1,1,65583
North,10,13,5,12,136.63,3,2,2,1,1,1,1,1,1,51233
North,7,13,5,25,109.5,3,2,2,1,1,1,1,0,1,47671
North,5,14,5,19,129.54,3,2,2,1,1,1,1,0,1,54037
North,4,17,5,25,164.39,3,2,2,1,1,1,1,1,1,46840
North,3,9,4,9,100.61,2,1,1,1,1,1,1,1,1,66594
North,13,14,5,24,154.6,4,2,2,1,1,0,1,0,1,45278
North,11,13,5,16,109.99,2,1,1,1,1,1,1,0,1,72734
North,0,2,3,45,134.2,4,2,2,1,0,1,1,1,1,200298
North,7,9,4,23,172.98,3,2,2,1,1,0,1,0,1,57810
North,20,20,5,20,148.29,3,2,2,1,1,1,1,1,1,56646
North,16,21,5,24,106.61,3,2,2,1,1,1,1,1,1,64253
North,11,12,5,25,100.82,3,2,2,1,1,0,1,0,1,43444
North,8,17,5,25,159.53,3,2,2,1,0,1,1,1,1,53912
North,0,2,3,31,113.29,4,2,3,1,0,1,1,0,1,76794
North,0,2,3,46,144.03,4,2,3,1,0,1,1,1,1,159689
North,4,13,5,12,177.39,3,2,2,1,1,1,1,0,1,71030
North,2,5,2,34,116.27,3,2,2,1,0,1,1,1,1,30102
North,13,13,5,25,128.62,3,2,2,1,1,1,1,0,1,45872
North,2,5,2,39,108.7,4,2,2,1,0,0,1,0,1,39374
North,6,14,5,22,147.45,3,2,2,1,1,1,1,1,1,47474
North,9,17,5,25,144,3,2,2,1,1,1,1,1,1,54167
North,5,7,4,27,112.34,3,1,2,1,1,1,1,1,1,40057
North,5,5,2,37,143.59,5,2,2,1,0,0,1,1,1,31339
North,12,12,5,23,109.98,3,2,2,1,1,0,1,0,1,44554
North,2,6,4,26,111.37,3,1,2,1,1,1,1,1,1,43100
North,4,14,5,22,153.18,3,2,2,1,1,0,1,0,1,44784
North,6,13,5,23,123.75,3,2,2,1,1,1,1,1,1,56404
North,3,7,4,26,129.95,3,2,2,1,1,1,1,1,1,50019
North,12,14,5,20,145.43,2,2,2,1,1,1,1,1,1,54184
North,3,5,2,34,107.61,3,2,2,1,1,1,1,0,1,40424
North,4,9,4,8,135.85,3,2,2,1,1,1,1,0,1,69194
North,9,12,5,10,172.86,3,2,2,1,1,1,1,0,1,67280
North,12,17,5,25,108.24,2,2,2,1,1,0,1,0,1,41574
North,4,7,4,29,182.55,7,0,7,1,0,1,1,1,1,62777
North,10,13,5,20,110.16,3,2,1,1,1,0,1,0,1,54285
North,6,8,4,26,156.19,3,2,2,1,1,1,1,1,1,52500
North,5,7,4,24,118.85,3,2,2,1,1,1,1,1,1,53008
North,0,2,3,50,111.02,2,2,2,1,0,1,1,1,1,162133
North,12,17,5,25,142.15,4,2,2,1,1,0,1,0,1,37636
North,0,2,3,50,105.84,6,0,6,1,0,1,1,1,1,122827
North,5,5,2,34,138.94,5,2,2,1,0,0,1,0,1,31308
North,4,5,2,38,106.08,3,2,2,1,0,0,1,1,1,44118
North,16,17,5,25,141.36,4,2,2,1,1,1,1,0,1,43860
North,3,7,4,27,129.18,3,2,2,1,1,0,1,1,1,50704
North,11,15,5,26,105.92,2,2,2,1,1,1,0,0,1,53814
North,3,7,4,30,167.75,3,2,2,1,1,1,1,0,1,36960
North,8,8,4,23,151.11,3,2,2,1,1,0,1,0,1,40236
North,4,13,5,12,107.71,3,2,2,1,0,1,1,1,1,56634
North,2,5,2,38,110.17,4,1,2,1,0,0,1,1,1,42661
North,7,10,4,27,130.63,3,2,2,1,1,0,1,1,1,51290
North,7,7,4,29,107.93,5,2,2,1,1,1,1,0,1,50681
North,3,17,5,25,139.89,4,2,2,1,1,0,1,0,1,44321
North,6,15,5,11,136.84,3,2,2,1,1,0,1,1,1,64309
North,5,5,2,38,104.3,4,0,4,1,0,0,1,0,1,39310
North,3,5,2,34,117.12,3,2,2,1,0,1,1,0,1,42264
North,0,2,3,35,156.77,3,4,3,1,0,0,1,1,1,114818
North,3,6,4,42,117.8,3,2,1,1,1,0,1,0,1,47114
North,5,5,2,31,112.97,3,2,1,1,1,0,1,0,1,39834
North,6,9,4,23,106.29,2,2,1,1,1,1,1,0,1,63694
North,3,5,2,32,116.38,4,2,2,1,0,1,1,0,1,42447
North,3,5,2,31,156.42,3,2,2,1,1,1,1,1,1,37434
North,9,15,5,14,109.6,3,2,2,1,1,1,1,0,1,53832
North,12,14,5,12,170.91,3,2,2,1,1,1,1,0,1,98882
North,9,15,5,26,124.99,3,2,2,1,1,1,0,0,1,52404
North,2,8,4,38,132.17,3,2,2,1,1,0,1,0,1,43126
North,4,8,4,26,109.41,3,2,2,1,1,0,1,0,1,45700
North,10,18,5,23,104.83,3,1,1,1,1,0,1,0,1,57712
North,5,5,2,38,112.03,3,2,2,1,0,1,1,0,1,33027
North,10,14,5,21,115.17,2,2,1,1,1,1,1,0,1,60780
North,11,14,5,20,138.8,2,2,2,1,1,1,1,1,1,54150
North,8,14,5,20,138.8,2,2,2,1,1,1,1,1,1,53098
North,8,15,5,30,101.04,1,1,1,1,0,0,1,1,1,38104
North,4,5,2,40,103.25,4,0,4,1,0,0,1,0,1,40194
North,8,14,5,22,154.74,3,2,2,1,1,1,1,1,1,59972
North,3,8,4,25,132.68,4,2,2,1,1,0,1,1,1,43714
North,9,21,5,24,101.99,2,2,2,1,1,1,1,1,1,53927
North,2,14,5,18,115.83,3,2,2,1,1,0,1,1,1,62937
North,8,12,5,27,172.02,4,2,2,1,1,0,1,1,1,51622
North,17,17,5,25,134.6,3,1,2,1,1,0,1,1,1,37147
North,3,7,4,19,121.88,3,2,2,1,1,0,1,1,1,53331
North,8,9,4,9,141.21,3,2,2,1,1,1,1,1,1,77293
North,3,18,5,10,137.58,3,2,2,1,0,0,1,0,1,78500
North,0,2,3,33,150.41,4,2,3,1,0,1,1,0,1,95073
North,14,19,5,24,186.65,3,2,2,1,1,1,1,0,1,40718
North,6,10,4,34,118.37,6,0,6,1,1,0,1,1,1,62043
North,10,17,5,25,156,3,2,2,1,1,1,1,1,1,45513
North,0,2,3,33,131.52,3,2,3,1,0,1,1,1,1,104015
North,0,2,3,51,134.22,4,2,3,1,0,1,1,1,1,149009
North,12,13,5,16,173.94,4,2,2,1,1,1,1,0,1,64965
North,7,9,4,26,144.14,3,2,2,1,1,0,1,1,1,45095
North,1,5,2,33,105.44,3,2,2,1,1,1,1,1,1,56904
North,0,2,3,51,102.06,2,1,1,1,0,0,1,0,1,112679
North,3,7,4,26,107.56,3,2,2,1,1,0,1,0,1,49554
North,8,8,4,20,100.84,3,1,1,1,1,1,1,1,1,59500
North,0,2,3,47,147.68,5,1,5,1,0,1,1,0,1,106176
North,5,5,2,37,101.74,3,2,2,1,0,1,1,0,1,44230
North,10,14,5,22,118.62,3,2,2,1,1,1,1,0,1,78233
North,6,15,5,11,101.19,2,2,1,1,1,0,1,1,1,76094
North,2,5,2,32,127.33,4,2,2,1,1,1,1,0,1,44766
North,5,21,5,24,141.36,4,2,2,1,1,1,1,0,1,43860
North,4,5,2,31,115.71,5,0,5,1,0,1,1,1,1,62225
North,5,5,2,32,117.94,4,2,2,1,0,1,0,0,1,38155
North,8,14,5,20,188.41,4,2,2,1,1,1,1,1,1,55730
North,11,14,5,21,154.79,3,2,2,1,1,1,1,1,1,60921
North,0,2,3,50,111.44,2,1,2,1,0,1,1,1,1,116655
North,3,5,2,39,154.23,4,2,2,1,1,0,1,1,1,32419
North,0,2,3,47,147.68,4,2,2,1,0,1,1,0,1,98185
North,12,15,5,11,148.34,2,2,2,1,1,0,1,1,1,69240
North,2,14,5,25,152.24,3,2,2,1,1,1,1,1,1,45323
North,5,12,5,9,184.51,3,2,2,1,1,0,1,0,1,99863
North,3,9,4,28,182.9,3,2,2,1,1,0,1,1,1,39366
North,12,14,5,25,170.81,4,2,2,1,1,0,1,1,1,46836
North,9,17,5,25,135.57,3,2,2,1,1,1,1,1,1,59010
North,5,5,2,34,100.4,7,2,6,1,0,1,1,1,1,60657
North,4,8,4,24,125.45,3,2,2,1,1,1,1,1,1,52611
North,2,5,2,33,112.91,3,2,2,1,0,1,1,1,1,43397
North,6,14,5,26,116.54,3,2,2,1,1,0,1,1,1,37326
North,6,12,5,24,132.69,3,2,2,1,1,1,1,1,1,65416
North,4,11,5,38,107.13,4,2,2,1,1,1,1,1,1,56007
North,1,7,4,26,187.1,4,1,2,1,1,1,1,1,1,43560
North,5,7,4,34,157.36,4,2,2,1,1,1,1,0,1,46772
North,5,5,2,31,101.92,3,2,2,1,1,0,1,0,1,35322
North,0,3,3,42,134.15,15,0,15,1,0,0,1,0,1,121506
North,0,2,3,31,158.73,4,3,4,1,0,1,1,0,1,80325
North,3,9,4,9,102.57,2,1,1,1,1,1,1,1,1,62201
North,1,7,4,27,111.04,4,1,3,1,1,1,1,1,1,48631
North,5,10,4,25,129.22,3,2,2,1,1,1,1,1,1,45272
North,6,14,5,20,158.44,4,2,2,1,1,1,1,1,1,37869
North,3,15,5,14,99.66,1,1,1,1,1,1,1,1,1,55188
North,3,14,5,24,172.48,3,1,1,1,0,0,1,1,1,40584
North,9,9,4,25,149.17,3,2,2,1,1,1,1,0,1,50278
North,6,14,5,22,151.08,3,2,2,1,1,1,1,1,1,52952
North,7,12,5,24,113.87,3,2,2,1,0,1,1,1,1,61474
North,7,12,5,24,136.86,3,2,2,1,1,1,1,1,1,50416
North,0,2,3,46,115.7,4,1,4,1,0,0,1,0,1,73466
North,3,15,5,11,149.03,4,2,2,1,1,0,1,1,1,64417
North,4,5,2,36,108.53,3,2,2,1,0,1,1,0,1,37778
North,2,7,4,28,155.19,3,2,2,1,1,1,1,0,1,35440
North,11,15,5,14,109.3,2,1,1,1,1,1,1,0,1,63129
North,12,12,5,27,168.27,3,2,2,1,1,0,1,1,1,58240
North,3,7,4,26,123.11,3,2,2,1,1,0,1,0,1,41426
North,3,5,2,40,106.49,3,1,2,1,0,0,1,0,1,22537
North,7,7,4,17,123.14,3,2,2,1,1,0,1,0,1,58876
North,4,6,4,26,114.13,2,2,2,1,1,1,1,0,1,39429
North,3,5,2,38,104.3,4,0,4,1,1,0,1,0,1,46980
North,10,14,1,13,119.77,1,1,1,1,1,1,1,1,1,58445
North,6,21,5,24,102.16,2,2,2,1,1,1,1,1,1,63626
North,2,5,2,29,145.39,3,2,2,1,0,0,1,1,1,33290
North,7,13,5,20,105.09,3,2,1,1,1,0,1,0,1,52336
North,8,12,5,34,154.21,4,2,2,1,1,1,1,1,1,44096
North,5,5,2,32,106.21,6,3,3,1,1,1,1,1,1,50654
North,5,5,2,33,103.25,3,2,2,1,0,1,1,0,1,39322
North,2,5,2,38,130.36,3,2,2,1,0,0,1,1,1,92053
North,3,8,4,31,181.34,4,2,2,1,1,0,1,1,1,48969
North,12,15,5,26,116.36,3,2,2,1,1,1,0,0,1,57580
North,12,15,5,13,156.88,3,2,2,1,1,1,1,0,1,85736
North,8,14,5,13,171.79,3,2,2,1,1,1,1,1,1,63159
North,7,18,5,23,167.76,1,2,2,1,1,0,1,1,1,57225
North,6,9,4,25,104.55,2,2,1,1,1,1,1,1,1,56050
North,8,8,4,24,142.7,3,1,2,1,1,1,1,0,1,52558
North,4,5,2,32,113.05,3,1,2,1,0,1,1,0,1,31844
North,5,5,2,38,112.03,3,2,2,1,0,1,1,0,1,34812
North,4,7,4,28,173.84,4,2,2,1,1,0,1,0,1,38541
North,8,9,4,19,182.26,4,2,2,1,1,1,1,0,1,66937
North,13,15,5,11,122.75,2,2,2,1,1,0,1,1,1,71283
North,2,17,5,25,113.99,3,2,1,1,1,0,1,0,1,45179
North,4,5,2,36,122.88,3,2,2,1,0,1,1,0,1,39714
North,3,5,2,37,107.91,3,2,2,1,0,1,1,1,1,42628
North,3,12,5,24,132.69,3,2,2,1,1,1,1,1,1,65190
North,2,5,2,39,151.4,5,3,3,1,0,0,1,0,1,52840
North,8,14,5,21,180.77,4,2,2,1,1,1,1,0,1,52553
North,5,6,4,26,111.19,3,2,2,1,1,1,1,1,1,41640
North,4,12,5,20,108.46,3,1,1,1,1,0,0,0,1,60852
North,3,15,5,14,135.55,3,2,2,1,1,1,1,0,1,57543
North,0,2,3,51,111.18,4,2,4,1,0,1,1,1,1,122324
North,5,6,4,29,124.04,3,2,2,1,0,1,1,1,1,49339
North,3,14,5,22,154.36,2,2,2,1,1,1,1,1,1,65479
North,4,5,2,32,116.7,5,0,5,1,0,1,1,1,1,51671
North,12,19,5,24,128.9,3,2,2,1,1,1,1,0,1,50043
North,11,11,5,26,121.15,2,2,2,1,1,1,0,0,1,50351
North,7,14,5,20,166.6,4,2,2,1,1,1,1,0,1,60024
North,12,12,5,27,112.91,2,2,2,1,1,0,1,1,1,44106
North,4,5,2,34,116.27,3,2,2,1,0,1,1,1,1,34403
North,2,6,4,30,181.34,4,2,2,1,1,1,1,1,1,38988
North,12,14,5,20,138.8,2,2,2,1,1,1,1,1,1,50432
North,10,14,5,20,138.8,2,2,2,1,1,1,1,1,1,49712
North,3,5,2,38,111.87,6,0,6,1,0,1,1,1,1,55421
North,10,14,5,13,133.59,2,2,1,1,1,1,1,1,1,65873
North,6,20,5,20,120.28,3,1,2,1,1,1,1,1,1,49884
North,0,3,3,40,165.17,8,1,3,1,0,0,1,1,1,51462
North,2,7,4,26,101.46,3,2,2,1,1,1,1,1,1,57165
North,2,7,4,28,121.45,3,2,1,1,1,0,1,0,1,51050
North,5,5,2,37,102.87,5,0,5,1,0,0,1,0,1,58423
North,3,5,2,36,110.05,3,2,2,1,1,1,1,1,1,39073
North,13,14,5,20,151.71,3,2,2,1,1,1,1,0,1,73166
North,3,14,5,20,167.73,4,2,2,1,1,1,1,1,1,53658
North,5,13,5,12,145.31,3,2,2,1,1,1,1,1,1,59184
North,0,2,3,51,75.44,4,4,2,1,0,0,1,0,1,165695
North,9,14,5,21,102.2,2,1,1,1,1,1,1,0,1,50978
North,14,14,5,20,155.18,4,2,2,1,1,1,1,1,1,60575
North,0,2,3,46,132.37,3,3,2,1,0,0,1,1,1,101987
North,3,5,2,40,101.93,3,2,2,1,0,1,1,0,1,31394
North,4,9,4,8,148.81,3,2,2,1,1,1,1,1,1,72576
North,5,5,2,39,101.06,3,2,2,1,0,0,1,0,1,48882
North,7,14,5,19,112.36,3,1,2,1,1,1,1,0,1,57850
North,11,14,5,30,154.15,8,0,8,1,1,0,1,0,1,70451
North,7,12,5,38,128.5,3,2,2,1,1,0,1,0,1,38911
North,9,14,5,22,104.52,3,2,2,1,1,0,1,0,1,53578
North,4,9,4,8,116.89,2,2,1,1,1,1,1,1,1,79145
North,7,13,5,20,164.96,3,2,2,1,1,1,1,0,1,65955
North,3,5,2,38,105.7,4,2,2,1,0,1,1,1,1,58562
North,7,18,5,14,100.11,2,1,1,1,1,0,1,0,1,61932
North,10,17,5,25,156,3,2,2,1,1,1,1,1,1,53077
North,3,5,2,38,111.87,6,0,6,1,0,1,1,1,1,51846
North,7,12,5,26,114.48,3,2,2,1,1,0,1,0,1,40182
North,12,14,5,10,150.54,3,2,2,1,1,0,1,1,1,74399
North,7,12,5,24,113.87,3,2,2,1,1,1,1,1,1,63230
North,2,15,5,14,128.51,3,2,2,1,1,1,1,0,1,60307
North,0,4,3,51,184.52,3,2,2,1,0,0,1,1,1,135487
North,9,9,4,26,187.68,3,2,2,1,1,1,1,1,1,37298
North,8,14,5,20,145.43,2,2,2,1,1,1,1,1,1,48958
North,7,14,5,20,156.15,2,2,2,1,1,1,1,1,1,49952
North,4,5,2,36,105.47,3,2,2,1,0,0,0,0,1,34607
North,0,2,3,42,129.85,5,3,2,1,0,0,1,0,1,162803
North,13,13,5,20,117.18,3,2,2,1,1,0,1,0,1,55044
North,0,3,3,40,165.17,7,2,3,1,0,0,1,1,1,59333
North,6,7,1,29,156.02,1,0,1,1,1,0,1,1,1,55442
North,4,13,5,12,132.24,3,2,2,1,0,1,1,1,1,58076
North,8,15,5,13,156.58,3,2,2,1,1,1,1,0,1,79831
North,5,5,2,34,99.92,7,0,7,1,1,1,1,1,1,64051
North,6,14,5,22,129.69,3,2,2,1,1,1,1,1,1,52587
North,7,7,4,39,147.74,10,0,10,1,1,0,1,0,1,81901
North,7,7,4,34,173.03,3,2,2,1,1,1,1,0,1,48373
North,0,2,3,45,122.72,4,2,2,1,0,0,1,0,1,107562
North,2,6,4,29,139.43,3,2,2,1,0,1,1,1,1,39446
North,5,15,5,14,150.1,2,2,2,1,1,1,1,0,1,64957
North,0,2,3,47,119.4,3,2,2,1,0,0,1,1,1,104690
North,3,7,4,40,119.2,4,2,2,1,1,1,0,1,1,48490
North,0,2,3,33,121.58,4,2,2,1,0,1,1,0,1,111038
North,15,21,5,24,141.36,4,2,2,1,1,1,1,0,1,43506
North,6,14,5,25,173.51,4,2,2,1,1,1,1,1,1,45415
North,4,9,4,23,127.04,3,2,2,1,1,0,1,0,1,53526
North,5,5,2,30,109.65,3,2,2,1,0,1,1,1,1,50707
North,0,2,3,31,158.73,4,2,3,1,0,1,1,0,1,100800
North,3,5,2,38,110.04,3,2,2,1,0,0,1,0,1,63613
North,2,12,5,21,148.24,3,2,2,1,1,1,1,0,1,57339
North,4,14,1,13,102.97,1,1,1,1,1,0,1,0,1,56327
North,5,5,2,31,112.97,3,1,1,1,0,0,1,0,1,42489
North,0,4,3,40,143.8,4,2,3,1,0,1,1,1,1,86926
North,6,12,5,24,152.39,4,2,2,1,1,1,1,0,1,53153
North,0,2,3,35,167,6,2,3,1,0,1,1,0,1,101796
North,9,14,5,20,136.53,3,2,2,1,1,1,1,0,1,66506
North,5,7,4,38,117.91,3,2,2,1,0,1,1,0,1,42405
North,5,5,2,38,106.07,3,1,1,1,0,1,1,0,1,37711
North,5,5,2,35,140.85,4,2,2,1,0,0,1,1,1,35747
North,0,2,3,55,85.24,7,2,3,1,0,0,1,1,1,133153
South,5,5,2,33,111.02,4,1,4,1,0,1,1,1,1,55395
South,5,7,4,26,128.66,5,1,5,1,1,1,1,1,1,43526
South,4,22,5,23,110,4,2,2,1,1,0,1,1,1,50000
South,5,13,5,24,145.28,3,2,2,1,1,1,1,1,1,44741
South,4,7,4,24,151.62,3,2,2,1,1,0,1,1,1,30009
South,5,5,2,33,104.2,3,2,1,1,0,0,1,0,1,35317
South,12,12,5,20,131.85,3,2,2,1,1,1,1,0,1,45506
South,10,12,5,24,158.52,4,2,2,1,1,0,1,0,1,43843
South,10,14,5,20,104.59,3,2,2,1,1,1,1,1,1,54499
South,6,14,5,19,141.87,3,2,2,1,1,0,1,1,1,45112
South,14,14,5,26,103.26,3,2,2,1,1,1,1,0,1,29053
South,3,14,5,18,144.07,3,2,2,1,0,1,1,0,1,55529
South,10,14,5,20,152.95,3,2,2,1,1,1,1,1,1,41844
South,6,12,5,25,106.94,2,1,1,1,1,1,1,1,1,44889
South,9,10,4,24,143.49,3,2,2,1,1,1,1,1,1,44324
South,6,16,5,23,158.66,3,2,2,1,1,1,1,0,1,46325
South,3,14,5,26,108.91,2,2,1,1,1,1,1,0,1,35809
South,11,12,5,25,125.44,3,1,2,1,1,1,1,0,1,53412
South,14,21,5,21,150.61,4,2,2,1,1,0,1,0,1,44486
South,12,14,5,24,144.17,4,2,2,1,1,1,1,1,1,57571
South,3,17,5,24,113.38,2,1,2,1,1,0,1,0,1,38058
South,8,12,5,25,107.49,3,2,1,1,1,1,1,0,1,50888
South,14,14,5,18,106.9,3,2,1,1,1,0,1,0,1,48644
South,15,19,5,21,107.88,3,2,1,1,1,0,1,0,1,41713
South,14,16,5,23,105.07,3,2,2,1,1,1,1,0,1,43304
South,14,17,5,23,123.46,3,2,2,1,1,0,1,0,1,47793
South,5,16,5,23,164.1,3,2,2,1,1,1,1,0,1,40707
South,11,14,5,26,126.91,3,2,2,1,1,1,1,0,1,44520
South,7,12,5,20,125.7,2,2,1,1,1,1,1,0,1,40736
South,11,14,5,20,177.04,4,2,2,1,1,1,1,1,1,50836
South,1,5,4,26,118.63,4,3,2,1,1,0,1,0,1,55298
South,3,5,2,39,76.26,3,2,2,1,0,0,1,0,1,47863
South,12,12,5,20,119.33,3,2,2,1,1,1,1,0,1,52376
South,5,5,2,37,99.03,4,1,2,1,0,1,1,1,1,35343
South,2,7,4,27,134.7,3,2,2,1,1,1,1,0,1,38604
South,11,13,5,20,142.14,3,2,2,1,1,0,1,1,1,36584
South,3,8,4,19,112.12,3,2,2,1,1,1,1,0,1,47271
South,12,12,5,20,112.6,2,2,1,1,1,0,1,0,1,43694
South,9,14,5,24,138.83,3,2,2,1,1,1,1,0,1,45739
South,12,22,5,23,134.37,3,2,2,1,1,0,1,1,1,50607
South,7,14,5,26,146.91,3,2,2,1,1,1,1,1,1,47104
South,5,16,5,25,180.25,4,2,2,1,1,0,1,0,1,40222
South,6,12,5,20,132.49,2,2,2,1,1,1,1,1,1,35474
South,8,15,5,21,167.96,4,2,2,1,1,1,1,0,1,41438
South,7,15,5,24,107.1,3,2,2,1,1,0,1,0,1,51354
South,6,12,5,20,105.08,2,1,1,1,1,1,1,0,1,45584
South,9,14,5,20,105.48,3,2,2,1,1,1,1,0,1,46928
South,12,18,5,21,100.06,2,1,2,1,1,0,1,0,1,41475
South,9,9,4,20,167.96,4,2,2,1,1,0,1,0,1,50012
South,7,12,5,24,125.73,3,2,2,1,1,0,1,0,1,42790
South,3,22,5,23,134.23,3,2,2,1,1,0,1,1,1,48275
South,11,21,5,21,110.05,3,2,2,1,1,1,1,0,1,49796
South,2,13,5,23,101.56,3,2,2,1,1,1,1,0,1,35447
South,3,16,5,25,142.69,3,2,2,1,1,0,1,0,1,46811
South,0,2,3,50,106.66,5,2,4,1,0,1,1,0,1,111382
South,4,14,5,20,173.94,4,2,2,1,1,1,1,0,1,50939
South,9,11,5,19,116.91,2,2,1,1,1,0,1,0,1,50889
South,11,12,5,20,105.73,3,2,2,1,1,0,1,0,1,50601
South,14,16,5,25,174.32,3,3,2,1,1,0,1,0,1,43024
South,8,17,5,25,145.26,3,2,2,1,0,0,1,0,1,43371
South,0,2,3,31,150.42,5,2,3,1,0,1,1,0,1,90746
South,2,4,2,27,107.81,3,1,2,1,0,0,1,0,1,19481
South,7,17,5,25,131.37,4,2,2,1,1,1,1,1,1,53132
South,4,4,2,29,138.53,3,2,2,1,0,1,1,0,1,25265
South,8,9,4,20,178.57,4,2,2,1,1,0,1,0,1,51520
South,4,14,5,21,117.19,3,2,2,1,1,1,1,0,1,51882
South,7,14,5,21,105.48,3,2,2,1,1,1,1,0,1,45506
South,4,7,4,29,172.03,7,0,7,1,1,1,1,0,1,44760
South,4,18,5,22,109.63,3,2,2,1,1,0,1,0,1,44696
South,16,16,5,24,133.22,3,2,2,1,1,1,0,0,1,39784
South,1,16,5,25,138.49,3,2,2,1,1,0,1,0,1,50545
South,5,12,5,21,136.75,3,2,2,1,0,1,1,0,1,45923
South,4,12,5,21,159.58,2,2,1,1,1,1,1,0,1,36345
South,12,14,5,24,136.71,4,2,2,1,1,1,1,1,1,38768
South,7,7,4,25,181.04,5,2,2,1,1,1,1,1,1,44189
South,5,7,4,30,146.85,3,2,1,1,1,1,1,0,1,45761
South,4,14,5,20,115.75,3,2,2,1,1,1,1,0,1,63931
South,4,12,5,21,136.83,3,2,2,1,1,1,1,0,1,47870
South,4,12,5,26,111.07,3,2,2,1,1,1,1,1,1,38261
South,6,12,5,21,143.09,3,2,2,1,1,1,1,0,1,46125
South,2,13,5,21,157.33,3,2,2,1,1,0,1,0,1,44492
South,4,12,5,25,109.89,3,2,2,1,1,1,1,0,1,46410
South,12,15,5,25,143.66,3,2,2,1,1,1,1,0,1,48587
South,12,14,5,20,139.06,3,2,2,1,1,0,1,1,1,43147
South,4,17,5,25,137.71,3,2,2,1,1,1,1,1,1,47201
South,5,12,5,21,112.6,2,2,1,1,1,1,1,1,1,47957
South,12,12,5,21,119.8,2,2,1,1,1,0,1,0,1,43183
South,10,15,5,25,106.92,3,2,1,1,1,0,1,0,1,48447
South,10,19,5,22,107.88,2,1,1,1,1,0,1,0,1,40323
South,1,7,4,27,123.95,3,2,3,1,1,1,1,0,1,52441
South,0,2,3,38,104.96,4,2,3,1,0,1,1,1,1,113377
South,9,12,5,21,111.78,3,2,2,1,1,1,1,0,1,47415
South,5,13,5,21,133.76,3,2,2,1,1,1,1,0,1,43234
South,7,14,5,21,156.18,4,2,2,1,1,1,1,1,1,46741
South,6,7,4,26,102.88,3,2,1,1,1,1,1,0,1,44712
South,7,7,4,27,109.74,3,2,2,1,1,1,1,1,1,38272
South,12,14,5,21,125.25,3,2,2,1,1,1,1,0,1,54291
South,5,14,5,21,121.14,3,2,2,1,1,1,1,1,1,55556
South,4,14,5,19,123.54,3,2,2,1,1,1,1,0,1,50996
South,9,14,5,21,144.48,3,2,2,1,0,1,1,1,1,38068
South,6,22,5,24,146.02,3,2,2,1,1,1,1,0,1,47939
South,11,14,5,27,123.69,3,2,2,1,1,1,1,1,1,44466
South,9,12,5,25,129.26,3,2,2,1,1,0,1,0,1,47965
South,14,14,5,27,103.27,3,2,2,1,1,1,1,0,1,44543
South,11,14,5,27,123.36,3,2,2,1,1,1,1,0,1,41508
South,16,19,5,22,119.71,3,2,2,1,1,0,1,0,1,43017
South,12,13,5,24,133.17,2,2,1,1,1,1,1,1,1,36795
South,6,16,5,25,114.15,3,2,2,1,1,1,0,0,1,43535
South,6,7,4,25,154.97,3,2,2,1,1,1,1,1,1,37427
South,9,9,4,21,126.1,3,2,2,1,1,0,1,0,1,52815
South,7,16,5,24,166.04,4,2,2,1,1,1,1,0,1,45170
South,4,13,5,25,119.65,3,2,2,1,1,1,1,0,1,45967
South,12,13,5,24,155.37,3,2,2,1,1,1,1,0,1,45054
South,1,10,4,25,126.17,3,2,2,1,0,1,1,0,1,50329
South,4,20,5,20,170.25,3,2,2,1,1,0,1,0,1,63730
South,4,12,5,22,163.06,3,2,2,1,1,0,1,1,1,42684
South,9,15,5,25,175.61,4,2,2,1,1,0,1,0,1,38722
South,15,15,5,28,170.99,3,2,2,1,1,1,1,1,1,36259
South,8,14,5,22,133.06,3,2,2,1,1,0,1,1,1,47347
South,3,6,4,35,129.28,3,2,2,1,1,1,1,0,1,52599
South,7,12,5,21,125.7,2,2,1,1,1,1,1,0,1,44710
South,10,16,5,25,126.72,3,2,2,1,1,0,1,1,1,39457
South,2,14,5,27,121.48,3,2,2,1,1,1,1,1,1,41982
South,3,14,5,20,106.65,3,2,2,1,1,1,1,0,1,54571
South,8,13,5,24,113.47,3,2,2,1,1,1,1,1,1,43359
South,6,24,5,23,129.05,4,2,2,1,1,0,1,0,1,40914
South,4,16,5,26,104.59,2,1,1,1,1,0,1,0,1,43599
South,4,14,5,27,125.45,3,2,2,1,1,1,1,1,1,47828
South,16,19,5,22,126.13,3,2,2,1,1,0,1,0,1,43209
South,3,8,4,21,117.56,3,2,2,1,1,1,1,0,1,47465
South,5,20,5,20,190.27,4,2,2,1,1,0,1,0,1,51243
South,12,15,5,25,110.64,3,2,2,1,1,0,1,0,1,47632
South,4,5,2,38,101.25,3,2,2,1,0,0,1,1,1,36543
South,7,14,5,27,164.9,4,2,2,1,1,0,1,0,1,43178
South,0,2,3,52,119.73,3,1,1,1,0,1,1,1,1,24315
South,11,14,5,19,120.57,3,2,2,1,1,0,1,0,1,48934
South,3,14,5,27,108.91,2,2,1,1,1,1,1,0,1,45909
South,4,8,4,20,120.29,3,2,2,1,1,1,1,1,1,52373
South,8,12,5,21,157.25,3,2,2,1,1,1,1,1,1,35612
South,5,13,5,24,149.81,4,2,2,1,0,1,1,0,1,48728
South,2,13,5,24,101.56,3,2,2,1,0,1,1,0,1,49232
South,9,14,5,19,102.92,2,2,1,1,1,1,1,0,1,58298
South,11,15,5,25,154.28,4,2,2,1,1,0,1,0,1,48613
South,9,14,5,21,107.77,3,2,2,1,1,1,1,0,1,52890
South,6,12,5,21,105.08,2,2,1,1,1,0,1,0,1,49486
South,4,7,4,26,110.99,3,2,2,1,1,0,1,0,1,43247
South,10,14,5,19,155.38,4,2,2,1,1,1,1,0,1,61655
South,6,12,5,25,109.11,3,2,2,1,0,1,1,1,1,57282
South,4,14,5,21,126.43,3,2,2,1,1,1,1,1,1,51412
South,14,19,5,22,126.13,3,2,2,1,1,0,1,0,1,46619
South,20,20,5,20,190.27,4,2,2,1,1,0,1,0,1,67358
South,3,8,4,25,125.93,2,2,1,1,1,1,1,0,1,47248
South,17,17,5,24,123.93,3,2,2,1,1,1,1,0,1,52050
South,0,2,3,40,113.16,4,3,2,1,0,1,1,0,1,35348
South,19,22,5,24,169.92,4,2,2,1,1,0,1,1,1,45080
South,5,12,5,25,128.32,3,2,2,1,1,0,1,0,1,41303
South,9,12,5,25,173.98,3,2,2,1,1,1,1,1,1,43108
South,4,7,4,22,106.64,3,2,2,1,0,0,1,1,1,50263
South,4,12,5,26,107.49,3,2,1,1,1,1,1,0,1,50423
South,5,14,5,27,117.71,3,2,2,1,1,1,1,1,1,51652
South,5,18,5,22,115.46,3,1,2,1,1,0,1,0,1,41569
South,12,12,5,21,180.67,3,2,2,1,1,1,1,0,1,42342
South,5,13,5,21,148.49,3,2,2,1,1,1,1,0,1,46333
South,4,5,2,36,106.96,4,0,4,1,0,1,1,1,1,36462
South,3,9,4,20,151.56,4,2,2,1,1,1,1,0,1,47506
South,11,12,5,26,119.62,3,2,2,1,1,1,1,0,1,49156
South,9,17,5,25,122.33,3,2,2,1,1,1,1,0,1,43325
South,4,12,5,27,127.81,4,2,2,1,1,0,1,1,1,41311
South,11,17,5,25,139.79,4,2,2,1,1,1,1,0,1,47214
South,12,17,5,24,135.87,3,2,2,1,1,0,1,0,1,44157
South,0,2,3,51,114.4,4,2,3,1,0,1,1,1,1,96154
South,8,16,5,25,149.95,3,2,2,1,1,1,1,0,1,48683
South,6,21,5,22,124.39,3,2,2,1,1,0,1,1,1,47030
South,0,2,3,32,121.77,4,1,3,1,0,1,1,0,1,164244
South,5,17,5,22,161.08,4,2,2,1,1,0,1,1,1,45940
South,5,5,2,33,111.02,7,0,7,1,0,1,1,1,1,64853
South,8,12,5,25,126.9,3,2,2,1,1,0,1,0,1,50433
South,2,12,5,21,140.01,3,2,2,1,1,0,1,0,1,45568
South,4,14,5,27,149.76,4,2,2,1,1,1,1,0,1,40732
South,5,8,4,26,141.64,4,2,2,1,1,1,1,1,1,40243
South,9,16,5,24,133.96,4,2,2,1,1,1,0,0,1,43297
South,3,7,4,27,106.01,3,2,2,1,1,1,1,1,1,43392
South,7,16,5,24,158.34,3,2,2,1,0,1,1,0,1,46268
South,4,8,4,38,108.32,3,2,2,1,0,1,1,1,1,35543
South,8,17,5,25,113.38,3,2,2,1,1,0,1,0,1,48686
South,8,12,5,27,121.55,3,2,2,1,1,1,1,0,1,49362
South,10,13,5,25,124.04,3,2,2,1,1,1,1,1,1,17736
South,9,9,4,20,131.13,3,2,2,1,1,1,1,0,1,55670
South,12,12,5,25,156.84,3,2,2,1,1,0,1,0,1,45715
South,5,9,4,21,140.98,3,2,2,1,1,0,1,0,1,54618
South,6,9,4,22,123.16,3,2,2,1,1,0,1,0,1,49529
South,0,2,3,50,156.02,5,2,2,1,0,0,1,0,1,63453
South,8,13,5,24,139.63,3,2,2,1,0,1,1,0,1,45835
South,12,12,5,21,136.75,3,2,2,1,1,0,1,0,1,44607
South,11,12,5,22,151.38,4,2,2,1,1,0,1,1,1,36332
South,14,24,5,23,145.43,4,2,2,1,1,0,1,0,1,48133
South,9,12,5,25,146.95,3,2,2,1,1,0,1,0,1,47839
South,5,5,2,31,124.01,3,1,2,1,1,0,1,1,1,31046
South,9,14,5,28,183.56,3,2,2,1,1,1,1,1,1,44672
South,6,16,5,25,102.68,3,2,2,1,1,1,1,0,1,45773
South,8,14,5,19,139.76,3,2,2,1,1,0,1,1,1,47939
South,3,7,4,22,98.96,6,0,6,1,1,0,1,0,1,70736
South,9,13,5,21,133.76,3,2,2,1,1,1,1,0,1,44856
South,5,7,4,25,155.95,6,0,6,1,1,1,1,1,1,51298
South,10,12,5,25,98.77,3,2,2,1,1,1,1,1,1,47383
South,4,12,5,25,107.73,2,1,1,1,1,0,1,0,1,33417
South,12,20,5,20,134.35,3,2,2,1,1,0,1,0,1,57313
South,7,16,5,24,148.77,3,2,2,1,1,1,1,0,1,43692
South,8,12,5,21,111.7,3,2,2,1,1,1,1,0,1,19248
South,0,2,3,31,121.27,3,2,2,1,0,0,1,0,1,79987
South,11,16,5,26,177.94,3,2,2,1,1,0,1,0,1,45521
South,7,12,5,21,119.8,2,2,1,1,1,1,1,0,1,42319
South,12,14,5,27,125.71,3,2,2,1,1,1,1,0,1,42161
South,4,5,2,39,103.32,3,2,2,1,0,1,1,1,1,30972
South,12,16,5,26,174.33,3,2,2,1,1,1,1,0,1,41303
South,1,16,5,26,137.81,3,2,2,1,1,0,1,0,1,44989
South,6,18,5,22,116.82,3,2,2,1,1,0,1,0,1,43657
South,5,18,5,22,129.61,3,2,2,1,1,0,1,0,1,48607
South,9,16,5,25,125.94,3,2,2,1,1,0,1,1,1,47801
South,2,10,4,25,139.83,3,2,2,1,1,1,1,1,1,30036
South,8,12,5,21,154.58,3,2,2,1,1,0,1,0,1,59586
South,0,3,3,45,174.1,4,2,3,1,0,1,1,0,1,71798
South,11,12,5,26,126.81,4,2,2,1,1,1,1,0,1,49677
South,3,4,2,40,110.38,3,2,2,1,0,1,1,1,1,29444
South,5,13,5,25,122.28,3,2,2,1,1,1,1,0,1,41708
South,18,22,5,24,162.68,3,2,2,1,1,0,1,1,1,55938
South,5,12,5,25,127.77,3,2,2,1,1,0,1,0,1,39133
South,8,19,5,22,126.13,2,2,1,1,1,0,1,0,1,45984
South,0,3,3,25,172.49,2,3,3,1,1,1,1,1,1,55539
South,7,7,4,27,109.74,3,2,2,1,1,1,1,1,1,45562
South,9,24,5,23,100.73,3,2,2,1,1,0,1,0,1,44674
South,8,16,5,26,106.21,2,2,1,1,1,0,1,0,1,46606
South,6,14,5,27,136.28,3,2,2,1,0,1,1,0,1,38157
South,0,2,3,32,150.42,4,2,3,1,0,1,1,0,1,99721
South,3,15,5,25,142.04,4,2,2,1,1,0,1,0,1,44706
South,1,6,4,24,119.46,2,2,1,1,1,0,1,0,1,46878
South,5,14,5,20,166.42,4,2,2,1,1,1,1,0,1,54681
South,10,24,5,23,99.65,3,2,1,1,1,0,1,0,1,45158
South,4,16,5,24,118.58,3,2,2,1,1,1,1,0,1,46382
South,8,9,4,21,173.97,4,2,2,1,1,0,1,0,1,51733
South,11,24,5,23,100.78,3,2,2,1,1,0,1,0,1,42469
South,5,13,5,24,108.74,3,2,2,1,0,1,1,0,1,47820
South,5,7,4,29,114.75,4,0,4,1,1,1,1,0,1,43573
South,5,14,5,21,133.17,4,2,2,1,1,1,1,1,1,48810
South,2,11,5,20,167.96,3,2,2,1,1,0,1,0,1,46440
South,5,5,2,34,112.56,6,0,6,1,0,1,1,0,1,52416
South,2,5,2,36,100.07,5,0,5,1,0,0,1,1,1,43769
South,12,17,5,24,133.15,3,2,2,1,1,1,1,0,1,42809
South,4,7,4,28,188.74,4,2,2,1,1,1,1,0,1,40799
South,7,7,4,27,104.24,3,2,2,1,1,1,1,0,1,45856
South,14,19,5,22,119.71,3,2,2,1,1,0,1,0,1,42182
South,6,7,4,26,102.88,3,2,2,1,1,1,1,0,1,60750
South,8,9,4,22,114.81,3,2,2,1,1,0,1,0,1,48602
South,5,12,5,21,105.08,2,2,1,1,1,0,1,0,1,49010
South,4,16,5,25,167.42,4,2,2,1,1,1,1,0,1,43304
South,0,2,3,32,152.76,6,2,4,1,0,0,1,1,1,117832
South,4,12,5,21,118.26,2,2,2,1,1,1,1,0,1,53695
South,9,14,5,27,112.88,3,2,2,1,0,1,1,1,1,47838
South,3,5,2,38,103.6,3,2,2,1,0,0,1,0,1,35714
South,8,17,5,22,134.52,3,2,2,1,1,0,1,1,1,42745
South,2,10,4,25,145.7,3,2,2,1,1,1,1,1,1,45299
South,2,7,4,27,109.74,3,2,2,1,1,1,1,1,1,48296
South,6,13,5,25,116.43,3,2,2,1,1,1,1,0,1,52392
South,0,2,3,45,122.08,2,2,2,1,0,1,1,1,1,137615
South,7,9,4,21,126.1,3,2,2,1,1,0,1,0,1,61935
South,5,14,5,20,122.63,3,2,2,1,1,1,1,1,1,53005
South,7,22,5,24,102.44,3,2,2,1,1,0,1,1,1,46369
South,4,7,4,36,101.95,3,2,2,1,1,1,1,1,1,39235
South,17,18,5,22,129.21,2,1,1,1,1,0,1,0,1,43340
South,14,17,5,24,130.35,3,2,2,1,1,0,1,0,1,48025
South,7,14,5,19,106.03,2,2,2,1,1,0,1,0,1,52627
South,8,12,5,21,157.25,3,2,2,1,1,1,1,1,1,45787
South,3,5,2,38,101.25,3,2,2,1,0,0,1,1,1,43457
South,7,14,5,19,140.6,3,2,2,1,1,0,1,1,1,55903
South,8,12,5,21,154.58,3,2,2,1,1,0,1,0,1,49036
South,0,2,3,38,91.22,3,2,2,1,0,1,1,1,1,92085
South,17,19,5,22,86.39,2,2,1,1,1,0,1,0,1,48038
South,2,5,2,37,84.91,3,1,2,1,0,1,1,1,1,37687
South,6,17,5,22,149.74,4,1,2,1,1,0,1,1,1,42073
South,8,14,5,19,139.76,4,2,2,1,1,0,1,1,1,57813
South,0,2,3,45,145.78,3,2,2,1,0,1,1,0,1,281246
South,6,14,5,27,104.95,3,2,2,1,1,1,1,0,1,40781
South,15,17,5,22,152.68,3,2,2,1,1,0,1,1,1,39036
South,4,12,5,26,139.48,4,2,2,1,1,1,1,0,1,49828
South,4,5,2,39,103.32,3,2,2,1,0,1,1,1,1,33391
South,9,9,4,21,176.76,4,2,2,1,1,0,1,0,1,48088
South,4,12,5,26,149.63,3,2,2,1,1,1,1,0,1,41436
South,15,17,5,25,114.44,3,2,1,1,1,1,1,0,1,47186
South,4,16,5,30,168.52,3,2,2,1,0,0,1,1,1,42131
South,6,12,5,21,109.73,2,2,1,1,1,0,1,0,1,54973
South,14,14,5,20,132.81,3,2,2,1,1,1,1,1,1,52330
South,7,8,4,38,101.67,3,2,2,1,1,1,1,1,1,42294
South,0,4,3,25,132.77,6,3,4,1,0,1,1,1,1,82850
South,12,12,5,25,128.49,4,1,2,1,1,0,1,0,1,35022
South,4,12,5,21,130.78,3,2,2,1,1,1,1,1,1,45879
South,8,12,5,21,132.49,3,2,2,1,1,1,1,0,1,57212
South,4,14,5,28,186.76,4,2,2,1,1,1,1,1,1,49529
South,20,22,5,24,118.27,3,2,2,1,1,0,1,1,1,50309
South,11,18,5,22,123.61,3,2,2,1,1,0,1,0,1,43524
South,10,17,5,25,139.79,4,2,2,1,1,1,1,0,1,46141
South,10,14,5,19,107.17,2,2,1,1,1,0,1,0,1,49547
South,4,5,2,34,103.71,3,2,2,1,0,0,1,0,1,39051
South,3,16,5,25,119.26,3,2,2,1,1,1,1,0,1,46952
South,9,13,5,24,139.59,3,2,2,1,1,1,1,0,1,47854
South,11,14,5,19,106.21,3,2,1,1,1,0,1,0,1,59316
South,12,22,5,24,135.04,3,2,2,1,1,0,1,1,1,48874
South,5,6,4,33,183.1,6,0,6,1,0,0,1,1,1,58984
South,7,12,5,21,111.78,3,2,2,1,1,1,1,0,1,40258
South,6,15,5,25,111.42,3,2,2,1,1,0,1,0,1,40388
East,4,11,1,27,131.81,3,2,2,1,1,1,1,0,1,24277
East,5,3,3,31,160.29,4,1,3,1,0,1,1,1,1,66754
East,13,15,5,26,131.26,3,2,2,1,1,0,1,0,1,46473
East,4,12,5,28,149.3,3,3,2,1,1,0,1,1,1,40188
East,3,7,4,27,127.06,3,2,2,1,1,1,1,0,1,35102
East,7,7,4,26,111.71,2,1,2,1,0,1,1,0,1,26858
East,6,13,5,24,125.15,4,2,2,1,1,1,1,0,1,44746
East,7,7,4,26,123.39,2,2,2,1,1,0,1,0,1,43440
East,5,13,5,24,147.6,4,2,2,1,1,1,1,1,1,44038
East,2,5,2,26,112.44,3,2,2,1,1,0,1,1,1,38684
East,4,8,4,24,126.05,3,2,2,1,1,0,1,1,1,49187
East,4,5,2,34,137.93,3,2,2,1,0,0,1,1,1,37700
East,5,2,3,30,112.98,4,2,2,1,0,1,1,0,1,76562
East,5,2,3,47,118.92,4,2,2,1,0,1,1,0,1,73999
East,6,15,5,26,130.06,3,2,2,1,1,0,1,0,1,33677
East,5,5,2,36,108.53,3,2,2,1,0,0,1,1,1,36856
East,6,7,4,26,119.53,3,2,1,1,1,0,1,1,1,47687
East,8,13,5,24,99.93,3,2,2,1,1,1,1,0,1,52036
East,5,2,3,48,117.72,4,4,4,1,0,1,1,1,1,79850
East,9,15,5,24,150.77,3,2,2,1,1,0,1,1,1,40257
East,1,7,4,24,138.9,3,2,2,1,1,0,1,1,1,39597
East,7,14,5,25,122.85,3,2,2,1,1,1,1,0,1,42572
East,6,8,4,24,167.42,4,1,2,1,1,1,1,0,1,39422
East,1,8,4,24,112.4,3,1,1,1,1,1,1,0,1,51601
East,7,7,4,26,126.92,4,2,2,1,0,1,1,1,1,32225
East,3,7,4,25,101.98,2,2,1,1,1,0,1,1,1,36772
East,4,11,5,28,131.81,3,2,2,1,0,1,1,0,1,36416
East,2,5,2,32,104.77,3,2,2,1,0,0,1,1,1,40088
East,8,13,5,25,125.15,4,2,2,1,1,1,1,0,1,44746
East,4,13,5,27,162.47,3,2,2,1,1,1,1,0,1,37545
East,5,2,3,48,104.6,4,2,2,1,0,1,1,1,1,86042
East,13,15,5,27,143.61,3,2,2,1,1,0,1,0,1,31335
East,4,14,5,25,124.77,3,2,2,1,1,1,1,0,1,43199
East,6,8,4,22,123.33,3,2,2,1,1,0,1,1,1,36487
East,3,11,5,28,131.95,3,2,2,1,1,1,1,0,1,33801
East,11,13,5,25,129.37,3,2,2,1,1,1,1,0,1,43519
East,5,2,3,51,101.27,3,2,1,1,0,0,1,1,1,54310
East,4,5,2,28,106.52,3,2,2,1,0,0,1,1,1,36613
East,10,14,5,25,124.77,3,2,2,1,1,1,1,0,1,44883
East,13,13,5,25,118.38,3,2,2,1,1,1,1,0,1,45193
East,7,13,5,25,99.93,3,2,2,1,1,1,1,0,1,46032
East,5,13,5,25,127.66,3,1,2,1,1,1,1,1,1,43867
East,5,3,3,22,192.1,5,2,4,1,0,1,1,0,1,114524
East,14,15,5,25,120.32,3,2,2,1,1,0,1,1,1,35320
East,14,15,5,25,120.32,3,2,2,1,1,0,1,1,1,44710
East,5,3,3,39,104.4,4,2,3,1,0,0,1,1,1,39272
East,4,7,4,26,121.61,2,2,2,1,1,0,1,0,1,48351
East,2,5,2,28,113.96,3,2,2,1,0,0,1,1,1,36153
East,4,5,2,38,104.59,3,2,2,1,0,1,1,1,1,32508
East,3,5,2,38,100.9,3,2,2,1,0,0,1,1,1,42616
East,5,6,4,27,111.78,3,2,2,1,0,1,1,0,1,32206
East,7,7,4,26,126.92,4,2,2,1,0,1,1,1,1,44910
East,5,5,3,22,185.3,5,3,4,1,1,1,1,0,1,48570
East,7,8,4,21,128.47,3,2,2,1,1,0,1,1,1,42812
East,5,5,2,35,122.08,4,2,2,1,0,0,1,1,1,34404
East,9,12,5,21,147.51,3,2,2,1,1,0,1,1,1,46099
East,2,12,5,21,122.68,3,2,2,1,1,0,1,1,1,44832
East,5,3,3,58,161.76,4,2,3,1,0,0,1,1,1,129822
East,12,13,5,25,153.06,4,2,2,1,1,1,1,1,1,49654
East,5,2,3,51,112.85,5,3,2,1,0,0,1,1,1,80638
East,12,15,5,25,120.32,3,2,2,1,1,0,1,1,1,39890
East,12,12,5,21,99.36,3,1,2,1,1,0,1,1,1,35225
East,5,2,3,48,104.76,4,2,2,1,0,1,1,1,1,100229
East,4,7,4,25,124.25,3,2,2,1,1,1,1,1,1,35252
East,5,3,3,58,188.58,5,2,3,1,0,0,1,1,1,36059
East,3,7,4,25,157.76,3,2,2,1,1,0,1,1,1,39300
East,5,6,4,27,111.78,3,2,2,1,1,1,1,0,1,44552
East,3,6,4,27,111.78,3,2,2,1,1,1,1,0,1,35785
East,4,7,4,27,109.93,3,2,2,1,1,1,1,0,1,39571
