Date,Close,Volume,MA_5,MA_20,BBands_up,BBands_down,RSI,EMA_12,EMA_26,DIF,DEM,OSC,RDP,BIAS_6,BIAS_12,BIAS_24,PSY_12,PSY_24,W%R,%K,%D,PROC,MO,LAG,BIAS_24_L1,BIAS_24_L2
2013/1/2,23311.98047,2129252800,22752.88359,22389.23447,23079.48302,21698.98592,86.34708464,22611.15189,22305.00574,306.1461526,265.7682571,40.37789552,2.847321231,2.554551091,3.121846759,4.554929274,0.666666667,0.583333333,0,100,93.77526519,4.647271829,645.390625,22666.58984,1.959244856,1.96697518
2013/1/3,23398.59961,2211207000,22900.64766,22463.01992,23247.19731,21678.84254,85.81697624,22732.29769,22386.01269,346.285002,281.8716061,64.41339599,0.371564916,2.353826954,3.096592562,4.65306918,0.666666667,0.583333333,0,100,100,4.813935992,86.61914063,23311.98047,4.554929274,1.959244856
2013/1/4,23331.08984,1505752800,23065.60781,22528.05488,23371.43584,21684.67392,80.14929432,22824.41956,22456.01841,368.4011563,299.1775161,69.22364023,-0.288520539,1.561447694,2.487651521,4.066176103,0.583333333,0.583333333,6.281964138,92.53102439,97.51034146,3.678297892,-67.50976563,23398.59961,4.65306918,4.554929274
2013/1/7,23329.75,1401515000,23207.60195,22606.1499,23442.7243,21769.57551,92.83682236,22902.16271,22520.73927,381.4234418,315.6267012,65.79674052,-0.00574274,0.952496752,2.151142031,3.773658287,0.583333333,0.583333333,7.224364991,92.28412018,94.93838153,3.939171627,-1.33984375,23331.08984,4.066176103,4.65306918
2013/1/8,23111.18945,1461679100,23296.52188,22671.71084,23448.68689,21894.73479,73.0442747,22934.32067,22564.47632,369.8443518,326.4702313,43.37412041,-0.936831929,-0.346435698,1.007957999,2.53500207,0.5,0.583333333,30.15784534,67.79034415,84.20182958,2.234846593,-218.5605469,23329.75,3.773658287,4.066176103
2013/1/9,23218.4707,1518554800,23277.81992,22719.08887,23507.99577,21930.18196,74.49100405,22978.03606,22612.92034,365.1157131,334.1993277,30.91638543,0.464196143,-0.279350639,1.216991161,2.764845292,0.583333333,0.583333333,19.92864876,79.8132044,79.96255624,3.130823301,107.28125,23111.18945,2.53500207,3.773658287
2013/1/10,23354.31055,1911808400,23268.96211,22774.31387,23578.5724,21970.05534,53.42947835,23035.92444,22667.83814,368.0863033,340.9767228,27.10958048,0.585050779,0.273682404,1.492236059,3.11431549,0.666666667,0.583333333,4.899941873,94.31331441,80.63895432,3.821250845,135.8398438,23218.4707,2.764845292,2.53500207
2013/1/11,23264.07031,1526867400,23255.5582,22827.95889,23612.35772,22043.56005,39.16434628,23071.02381,22712.00348,359.0203219,344.5854426,14.43487925,-0.386396482,-0.017519648,0.866036374,2.433930164,0.583333333,0.583333333,14.88371389,81.62192594,85.24948158,2.832032523,-90.24023438,23354.31055,3.11431549,2.764845292
2013/1/14,23413.25977,1559383600,23272.26016,22884.78584,23665.87933,22103.69235,55.84879954,23123.67549,22763.94839,359.7270983,347.6137738,12.11332451,0.641286977,0.564465517,1.237270009,2.786600139,0.583333333,0.583333333,0,100,91.97841345,3.325188912,149.1894531,23264.07031,2.433930164,3.11431549
2013/1/15,23381.50977,1450147700,23326.32422,22937.66436,23702.75238,22172.57633,53.53134786,23163.3423,22809.69368,353.6486228,348.8207436,4.827879233,-0.135606918,0.390895277,0.782152618,2.439107404,0.583333333,0.541666667,3.500664342,89.48920212,90.37037602,3.888782823,-31.75,23413.25977,2.786600139,2.433930164
2013/1/16,23356.99023,1370170300,23354.02813,22980.34639,23738.97254,22221.72023,72.80916064,23193.13429,22850.23417,342.9001267,347.6366202,-4.736493466,-0.104867186,0.109530394,0.410575788,2.125271163,0.5,0.541666667,6.204117846,81.3720419,90.28708134,3.259142929,-24.51953125,23381.50977,2.439107404,2.786600139
2013/1/17,23339.75977,1316299000,23351.11797,23025.05537,23757.28393,22292.82681,63.51351351,23215.69206,22886.49532,329.1967363,343.9486434,-14.75190714,-0.073770073,-0.050918455,0.095113036,1.836837433,0.416666667,0.541666667,9.262987924,75.66791672,82.17638691,2.969877368,-17.23046875,23356.99023,2.125271163,2.439107404
2013/1/18,23601.7793,1934485200,23418.65977,23074.84531,23821.59819,22328.09244,71.52092236,23275.09009,22939.47932,335.6107749,342.2810697,-6.670294817,1.122631655,0.892939678,1.114089105,2.732609678,0.416666667,0.541666667,0,100,85.67998621,1.243132597,262.0195313,23339.75977,1.836837433,2.125271163
2013/1/21,23590.91016,1104208000,23454.18984,23128.71035,23861.03645,22396.38425,82.97561245,23323.6778,22987.73346,335.9443407,341.0137239,-5.069383244,-0.046052209,0.612188077,0.99818088,2.449886072,0.333333333,0.5,2.215524998,97.16438901,90.94410191,0.82188913,-10.86914063,23601.7793,2.732609678,1.836837433
2013/1/22,23658.99023,1361101400,23509.68594,23186.92334,23893.03931,22480.80737,79.6440285,23375.26433,23037.45618,337.8081452,340.3726082,-2.564462927,0.28858606,0.726603557,1.171292488,2.531137553,0.416666667,0.5,0,100,99.05479634,1.405422519,68.08007813,23590.91016,2.449886072,2.732609678
2013/1/23,23635.09961,1536963300,23565.30781,23237.50986,23919.43178,22555.58795,81.18347231,23415.23898,23081.72606,333.5129207,339.0006707,-5.487749988,-0.100979056,0.444151214,0.959274759,2.208066915,0.416666667,0.5,4.361188559,93.9505141,97.03830103,1.308842184,-23.890625,23658.99023,2.531137553,2.449886072
2013/1/24,23598.90039,1428556300,23617.13594,23284.46592,23929.10855,22639.82329,78.91662464,23443.49459,23120.03527,323.4593122,335.892399,-12.43308674,-0.153158731,0.11876427,0.629945058,1.869273653,0.416666667,0.458333333,10.96928771,81.17665773,91.70905728,2.110280557,-36.19921875,23635.09961,2.208066915,2.531137553
2013/1/25,23580.42969,1620959000,23612.86602,23338.17295,23886.29101,22790.05489,78.6833272,23464.56152,23154.13856,310.4229611,330.7985114,-20.37555032,-0.078269338,-0.12955198,0.422018356,1.594600734,0.333333333,0.458333333,14.34107974,75.3906489,83.50594024,1.558926895,-18.47070313,23598.90039,1.869273653,2.208066915
2013/1/28,23671.88086,1443566900,23629.06016,23390.77803,23847.30682,22934.24924,64.07882763,23496.45681,23192.48984,303.9669622,325.4322016,-21.46523934,0.387826571,0.208185485,0.697991863,1.773544221,0.333333333,0.5,0,100,85.52243554,1.359793139,91.45117188,23580.42969,1.594600734,1.869273653
2013/1/29,23655.16992,3153976000,23628.29609,23440.20703,23768.43948,23111.97459,62.6097088,23520.87421,23226.76244,294.1117663,319.1681145,-25.05634825,-0.070594042,0.092065159,0.487587283,1.51406355,0.333333333,0.458333333,4.097720775,94.96842031,90.11968974,1.681131479,-16.7109375,23671.88086,1.773544221,1.594600734
2013/1/30,23822.06055,1961876000,23665.68828,23465.71104,23827.66232,23103.75975,73.05771886,23567.21057,23270.8586,296.3519701,314.6048856,-18.25291554,0.705514378,0.682444421,1.050305609,2.018239315,0.333333333,0.458333333,0,100,98.32280677,1.74602249,166.890625,23655.16992,1.51406355,1.773544221
2013/1/31,23729.5293,1829300400,23691.81406,23482.25752,23860.32208,23104.19296,61.18162391,23592.18268,23304.83421,287.3484748,309.1536035,-21.80512862,-0.388426727,0.224700576,0.534120728,1.400643492,0.333333333,0.458333333,19.18538257,61.70553288,85.5579844,1.48843909,-92.53125,23822.06055,2.018239315,1.51406355
2013/2/1,23721.83984,1629063500,23720.09609,23501.79502,23886.91262,23116.67742,65.61159144,23612.12994,23335.72351,276.4064242,302.6041676,-26.19774342,-0.032404575,0.105590059,0.372251368,1.169269547,0.333333333,0.416666667,20.77970989,58.52321869,73.40958386,1.562057464,-7.689453125,23729.5293,1.400643492,2.018239315
2013/2/4,23685.00977,2739062400,23722.72188,23519.55801,23904.06691,23135.0491,62.68856903,23623.34222,23361.59657,261.7456498,294.4324641,-32.68681425,-0.155258101,-0.123295524,0.094564559,0.829720606,0.333333333,0.375,28.41603965,43.28092794,54.5032265,1.479235448,-36.83007813,23721.83984,1.169269547,1.400643492
2013/2/5,23148.5293,2488035600,23621.39375,23521.425,23898.27065,23144.57935,19.47080109,23550.29408,23345.81381,204.4802689,276.442025,-71.96175609,-2.265063321,-2.025197219,-2.016236798,-1.425556813,0.25,0.333333333,100,0,33.93471554,-1.92040606,-536.4804688,23685.00977,0.829720606,1.169269547
2013/2/6,23256.92969,1654525000,23508.36758,23523.34795,23894.33736,23152.35854,29.01397086,23505.16109,23339.2298,165.9312949,254.339879,-88.40858407,0.468281977,-1.289098796,-1.441287583,-0.939049861,0.333333333,0.333333333,83.90566278,16.09433722,19.79175505,-1.415716759,108.4003906,23148.5293,-1.425556813,0.829720606
2013/2/7,23177,2020632400,23397.86172,23514.48242,23908.93826,23120.02659,12.57747472,23454.67477,23327.21278,127.461995,228.9643022,-101.5023072,-0.343681168,-1.177410157,-1.612544413,-1.252499013,0.25,0.333333333,95.77292024,4.227079757,6.773805657,-2.037239246,-79.9296875,23256.92969,-0.939049861,-1.425556813
2013/2/8,23215.16016,1825561400,23296.52578,23512.03691,23913.22141,23110.85241,18.15013243,23417.82637,23318.91258,98.91378676,202.9541991,-104.0404124,0.164646659,-0.651553992,-1.303934588,-1.069789699,0.333333333,0.375,90.10723565,9.892764348,10.07139377,-1.776761935,38.16015625,23177,-1.252499013,-0.939049861
2013/2/14,23413.25,1528919300,23242.17383,23512.03643,23913.22141,23110.85145,34.53789243,23417.12231,23325.90054,91.22177313,180.6077139,-89.3859408,0.853277955,0.417182478,-0.396271195,-0.279124297,0.416666667,0.416666667,60.69659676,39.30340324,17.80774911,-0.786690852,198.0898438,23215.16016,-1.069789699,-1.252499013
2013/2/15,23444.56055,1055545200,23301.38008,23515.18896,23913.20001,23117.17792,37.88511575,23421.34358,23334.69017,86.65340979,161.8168531,-75.1634433,0.133730033,0.72459309,-0.215007229,-0.185816055,0.5,0.416666667,56.04788197,50.95202238,33.38272999,-0.576194507,31.31054688,23413.25,-0.279124297,-1.069789699
2013/2/18,23381.93945,1033227800,23326.38203,23516.43643,23912.60847,23120.26439,72.50770309,23415.28141,23338.19012,77.09128962,144.8717404,-67.78045078,-0.267102869,0.287940679,-0.379088006,-0.457301393,0.416666667,0.375,65.34531156,40.71269184,43.65603915,-1.22483468,-62.62109375,23444.56055,-0.185816055,-0.279124297
2013/2/19,23143.91016,1434540900,23319.76406,23506.64395,23928.64033,23084.64756,41.28124925,23373.53198,23323.79901,49.73297475,125.8439873,-76.11101252,-1.018004932,-0.652730474,-1.213914878,-1.449645315,0.416666667,0.375,100,0,30.55490474,-2.161302444,-238.0292969,23381.93945,-0.457301393,-0.185816055
2013/2/20,23307.41016,1562429800,23338.21406,23491.92549,23920.1113,23063.73967,58.91131658,23363.35939,23322.58502,40.77437507,108.8300648,-68.05568976,0.706449338,-0.044150665,-0.333593321,-0.734794815,0.416666667,0.375,75.89030365,54.3821013,31.69826438,-2.1603941,163.5,23143.91016,-1.449645315,-0.457301393
2013/2/21,22906.66992,2061812600,23236.89805,23457.71348,23952.89674,22962.53021,35.90456149,23293.09948,23291.77649,1.322981982,87.32864826,-86.00566628,-1.719368354,-1.545670223,-1.759160494,-2.359253935,0.416666667,0.375,100,0,18.1273671,-3.467659913,-400.7402344,23307.41016,-0.734794815,-1.449645315
2013/2/22,22782.43945,1623906800,23104.47383,23413.88594,23980.11874,22847.65313,19.09099435,23214.53639,23254.04782,-39.51142871,61.96063287,-101.4720616,-0.542333168,-1.635132167,-1.962805719,-2.789594967,0.416666667,0.375,100,0,18.1273671,-3.960065479,-124.2304688,22906.66992,-2.359253935,-0.734794815
2013/2/25,22820.08008,1074747100,22992.10195,23373.13496,23985.27139,22760.99854,19.58980563,23153.85081,23221.90206,-68.05125699,35.9582549,-104.0095119,0.165217711,-1.027861483,-1.495305642,-2.538939386,0.5,0.416666667,95.99312228,5.684855135,1.894951712,-3.651802115,37.640625,22782.43945,-2.789594967,-2.359253935
2013/2/26,22519.68945,1520934400,22867.25781,23319.17441,24025.25081,22613.09801,15.90633881,23056.28752,23169.88632,-113.5987933,6.046845255,-119.6456386,-1.316343431,-1.718111054,-2.5715796,-3.636303734,0.5,0.375,100,0,1.894951712,-2.716543395,-300.390625,22820.08008,-2.538939386,-2.789594967
2013/2/27,22577.00977,1682329600,22721.17773,23269.00342,24033.84731,22504.15953,23.84716994,22982.55248,23125.96953,-143.4170513,-23.84593406,-119.5711173,0.254534205,-1.059970249,-2.083566557,-3.216065325,0.5,0.416666667,93.80234577,6.197654234,3.960836456,-2.923515404,57.3203125,22519.68945,-3.636303734,-2.538939386
2013/2/28,23020.26953,2105669200,22743.89766,23236.42285,23985.18975,22487.65595,39.47109091,22988.35511,23118.1399,-129.7847987,-45.03370698,-84.75109168,1.963323621,1.094562713,-0.104564351,-1.203169018,0.583333333,0.416666667,45.87569214,58.05509749,21.41758391,-0.676232768,443.2597656,22577.00977,-3.216065325,-3.636303734
2013/3/1,22880.2207,2069275200,22763.45391,23197.67539,23935.88442,22459.46636,48.80091379,22971.71904,23100.51626,-128.7972161,-61.7864088,-67.01080726,-0.6083718,0.498987325,-0.591895684,-1.671488317,0.5,0.416666667,61.01821622,45.76891893,36.67389022,-1.442761759,-140.0488281,23020.26953,-1.203169018,-3.216065325
2013/3/4,22537.81055,2172137600,22707,23133.46289,23866.65628,22400.2695,40.74126093,22904.96389,23058.83436,-153.8704648,-80.20321999,-73.66724478,-1.49653345,-0.827410901,-1.76821432,-2.958625985,0.416666667,0.416666667,98.04068979,2.300446551,35.37482099,-3.739077032,-342.4101563,22880.2207,-1.671488317,-1.203169018
2013/3/5,22560.5,1843253400,22715.16211,23075.01143,23795.08401,22354.93885,40.06292496,22851.96945,23021.9207,-169.9512535,-98.15282669,-71.79842681,0.100672836,-0.538224996,-1.352564115,-2.682860541,0.416666667,0.458333333,95.58743406,8.152651026,18.74067217,-3.770855696,22.68945313,22537.81055,-2.958625985,-1.671488317
2013/3/6,22777.83984,1755859400,22755.32813,23027.81143,23693.8279,22361.79495,60.55339175,22840.56489,23003.84064,-163.2757443,-111.1774102,-52.09833408,0.963364481,0.22983519,-0.182509023,-1.587203003,0.5,0.458333333,72.08795989,51.57024858,20.67444872,-2.583616345,217.3398438,22560.5,-2.682860541,-2.958625985
2013/3/7,22771.43945,1282193100,22705.56211,22982.13291,23583.7933,22380.47252,58.29373146,22829.93021,22986.62573,-156.6955247,-120.2810331,-36.41449159,-0.028099199,0.058995074,-0.074637768,-1.458084165,0.5,0.458333333,70.80313134,50.29165382,36.67151781,-1.609368083,-6.400390625,22777.83984,-1.587203003,-2.682860541
2013/3/8,23091.94922,1852113200,22747.90781,22979.30391,23578.33445,22380.27337,53.41527512,22870.24083,22994.42747,-124.1866474,-121.062156,-3.124491458,1.407507708,1.414096724,1.41172197,0.06062692,0.5,0.458333333,27.35245331,100,67.2873008,-0.924431055,320.5097656,22771.43945,-1.458084165,-1.587203003
2013/3/11,23090.82031,1292207200,22858.50977,22970.99844,23558.90458,22383.0923,61.56532558,22904.17613,23001.56768,-97.39155209,-116.3280352,18.93648311,-0.004888744,1.253057076,1.338468521,0.171249979,0.5,0.458333333,27.49576632,99.7962773,83.36264371,0.803916026,-1.12890625,23091.94922,0.06062692,-1.458084165
2013/3/12,22890.59961,1564247400,22924.52969,22956.67842,23537.7282,22375.62864,72.95939639,22902.08744,22993.34783,-91.26039044,-111.3145062,20.0541158,-0.867100867,0.11695986,0.420038838,-0.547907459,0.5,0.458333333,35.18500189,63.66440034,87.82022588,0.474752304,-200.2207031,23090.82031,0.171249979,0.06062692
2013/3/13,22556.65039,1821517600,22880.2918,22923.75293,23516.98511,22330.52075,49.82170286,22848.94327,22960.99987,-112.056593,-111.4629236,-0.593669429,-1.458892403,-1.340870306,-0.949591456,-1.798215068,0.416666667,0.458333333,93.5412308,3.399842802,55.62017348,-1.154376701,-333.9492188,22890.59961,-0.547907459,0.171249979
2013/3/14,22619.17969,1927863000,22849.83984,22884.04941,23446.4109,22321.68793,41.4213481,22813.59503,22935.67985,-122.0848239,-113.5873037,-8.497520222,0.277210028,-0.952820363,-0.711161543,-1.431341103,0.5,0.5,82.61449776,14.68389498,27.24937937,0.441792213,62.52929688,22556.65039,-1.798215068,-0.547907459
2013/3/15,22533.10938,2906999600,22738.07188,22838.47686,23357.84208,22319.11163,38.13579592,22770.44339,22905.85982,-135.4164277,-117.9531285,-17.46329923,-0.38051916,-1.157790331,-1.073088209,-1.677191933,0.416666667,0.458333333,97.65492479,0,6.027912594,-0.194447321,-86.0703125,22619.17969,-1.431341103,-1.798215068
2013/3/18,22083.35938,2245928400,22536.57969,22773.54785,23328.38774,22218.70796,5.515757338,22664.73816,22844.93386,-180.1957022,-130.4016432,-49.79405895,-1.99595179,-2.411042822,-2.714149419,-3.447686349,0.333333333,0.458333333,100,0,4.89463166,-4.069935649,-449.75,22533.10938,-1.677191933,-1.431341103
2013/3/19,22041.85938,1655008800,22366.83164,22718.44531,23331.09701,22105.79362,5.326086595,22568.91065,22785.44686,-216.5362083,-147.6285562,-68.90765211,-0.187924307,-1.836040831,-2.597190861,-3.422702614,0.333333333,0.416666667,100,0,1.89E-13,-3.664131299,-41.5,22083.35938,-3.447686349,-1.677191933
2013/3/20,22256.43945,1771354000,22306.78945,22665.89678,23246.93952,22084.85403,23.31826773,22520.83816,22746.26113,-225.4229667,-163.1874383,-62.23552836,0.973511692,-0.411632842,-1.546951268,-2.276126159,0.416666667,0.416666667,79.56555057,20.43444943,6.811483144,-1.24844023,214.5800781,22041.85938,-3.422702614,-3.447686349
2013/3/21,22225.88086,1622168700,22228.12969,22631.85732,23231.94431,22031.77034,31.31220841,22475.46011,22707.71444,-232.2543265,-177.000816,-55.25351056,-0.137302257,-0.302439809,-1.560703575,-2.192232873,0.333333333,0.375,82.47564383,17.54321613,12.65922185,-1.483207999,-30.55859375,22256.43945,-2.276126159,-3.422702614
2013/3/22,22115.30078,1515505100,22144.56797,22598.50039,23234.49158,21962.5092,22.99797369,22420.05099,22663.83195,-243.7809614,-190.356845,-53.42411634,-0.497528439,-0.423354105,-1.810359733,-2.452299723,0.25,0.375,93.00617879,8.65298984,15.5435518,-2.908700154,-110.5800781,22225.88086,-2.192232873,-2.276126159
2013/3/25,22251.15039,1543646900,22178.12617,22570.05391,23214.69247,21925.41535,35.65559029,22394.06628,22633.26294,-239.1966642,-200.1248089,-39.0718553,0.614278823,0.400764171,-1.016656201,-1.691783743,0.333333333,0.416666667,80.06922771,36.25214826,20.81611808,-2.284831679,135.8496094,22115.30078,-2.452299723,-2.192232873
2013/3/26,22311.08008,1730124000,22231.97031,22559.62344,23213.86335,21905.38352,69.20079706,22381.29917,22609.39755,-228.0983746,-205.719522,-22.37885258,0.269332985,0.499069814,-0.461926486,-1.245879715,0.333333333,0.416666667,74.36212675,46.63281324,30.51265045,-3.381564428,59.9296875,22251.15039,-1.691783743,-2.452299723
2013/3/27,22464.82031,1674301500,22273.64648,22554.01396,23209.48408,21898.54385,79.98709434,22394.14858,22598.68812,-204.5395436,-205.4835263,0.943982761,0.689075714,0.871283711,0.457766601,-0.484294913,0.416666667,0.458333333,59.72145241,86.09891858,56.32796003,-2.711034045,153.7402344,22311.08008,-1.245879715,-1.691783743
2013/3/28,22299.63086,2203094400,22288.39648,22517.98203,23145.60546,21890.3586,53.2927926,22379.60739,22576.53573,-196.9283412,-203.7724893,6.84414808,-0.735325059,0.09719754,-0.060834912,-1.127948673,0.416666667,0.458333333,75.42601682,60.9445132,64.55874834,-2.581709348,-165.1894531,22464.82031,-0.484294913,-1.245879715
2013/4/2,22367.82031,1524778400,22338.90039,22492.36201,23100.26987,21884.45415,60.23387531,22377.79399,22561.07533,-183.2813364,-199.6742587,16.39292233,0.305787363,0.29677881,0.315511476,-0.742679774,0.5,0.458333333,61.59473484,77.06644009,74.70329062,-0.837137052,68.18945313,22299.63086,-1.127948673,-0.484294913
2013/4/3,22337.49023,1238359400,22356.16836,22482.346,23093.52079,21871.1712,68.11636669,22371.59342,22544.51347,-172.9200558,-194.3234181,21.40336233,-0.135596932,-0.005260521,0.285063891,-0.84386602,0.416666667,0.458333333,48.79257615,63.5699677,67.19364033,-1.245356627,-30.33007813,22367.82031,-0.742679774,-1.127948673
2013/4/5,21726.90039,2324356800,22239.33242,22440.66602,23133.12811,21748.20393,25.90693667,22272.40987,22483.94954,-211.5396662,-197.7666677,-13.77299843,-2.733475593,-2.356672199,-2.161096628,-3.402389647,0.416666667,0.416666667,100,0,46.8788026,-3.577886083,-610.5898438,22337.49023,-0.84386602,-0.742679774
2013/4/8,21718.05078,1362666000,22089.97852,22387.67656,23129.27587,21646.07725,21.40342483,22187.12386,22427.2163,-240.092439,-206.231822,-33.86061698,-0.040731118,-1.960962896,-2.06669486,-3.208238793,0.416666667,0.375,100,0,21.18998923,-1.654225644,-8.849609375,21726.90039,-3.402389647,-0.84386602
2013/4/9,21870.33984,1350849700,22004.12031,22342.62158,23094.89972,21590.34345,21.29327126,22138.38786,22385.96619,-247.5783336,-214.5011243,-33.07720928,0.701209625,-0.829951202,-1.316372721,-2.346393438,0.5,0.416666667,79.60695286,20.39304714,6.797682378,-0.778153641,152.2890625,21718.05078,-3.208238793,-3.402389647
2013/4/10,22034.56055,1484676600,21937.46836,22289.75215,22969.03385,21610.47045,37.18809473,22122.41442,22359.93614,-237.5217182,-219.1052431,-18.41647511,0.750883179,0.115255753,-0.492354333,-1.52092504,0.5,0.458333333,57.61613826,42.38386174,20.92563629,-0.996920045,164.2207031,21870.33984,-2.346393438,-3.208238793
2013/4/11,22101.26953,1423110500,21890.22422,22240.27461,22815.07424,21665.47498,37.09807332,22119.16136,22340.77565,-221.6142889,-219.6070523,-2.007236687,0.302747061,0.621454199,-0.144270322,-1.138237644,0.583333333,0.458333333,48.68312994,51.31687006,38.03125964,-0.56065867,66.70898438,22034.56055,-1.52092504,-2.346393438
2013/4/12,22089.05078,1304977800,21962.6543,22200.19717,22694.11925,21706.27509,37.76011947,22114.52897,22322.12937,-207.6003995,-217.2057217,9.605322217,-0.055285286,0.755763656,-0.189611245,-1.065885323,0.583333333,0.416666667,50.31934426,57.09716787,50.26596655,-0.118696102,-12.21875,22101.26953,-1.138237644,-1.52092504
2013/4/15,21772.66992,1514316600,21973.57813,22160.99814,22659.95395,21662.04234,53.17549366,22061.93527,22281.42867,-219.4933991,-217.6632572,-1.830141915,-1.432297216,-0.721902253,-1.441620366,-2.300814191,0.5,0.416666667,92.68594414,8.405925178,38.9399877,-2.150362837,-316.3808594,22089.05078,-1.065885323,-1.138237644
2013/4/16,21672.0293,1641271700,21933.91602,22113.64063,22609.44099,21617.84026,47.16776568,22001.94973,22236.28797,-234.338239,-220.9982535,-13.33998543,-0.462233733,-1.146225527,-1.660126428,-2.493552634,0.416666667,0.375,100,0,21.83436435,-2.864275414,-100.640625,21772.66992,-2.300814191,-1.065885323
2013/4/17,21569.66992,1913726200,21840.93789,22065.46865,22575.88599,21555.05131,30.28469705,21935.44515,22186.90886,-251.4637105,-227.0913449,-24.37236558,-0.472310985,-1.387717827,-1.79217356,-2.676554888,0.333333333,0.375,100,0,2.801975059,-3.984676388,-102.359375,21672.0293,-2.493552634,-2.300814191
2013/4/18,21512.51953,1413713300,21723.18789,22036.92666,22601.15517,21472.69815,10.17744603,21870.37967,22136.95409,-266.574425,-234.9879609,-31.58646401,-0.264957187,-1.256216997,-1.758988854,-2.682287705,0.333333333,0.375,100,0,1.94E-13,-3.52970564,-57.15039063,21569.66992,-2.676554888,-2.493552634
2013/4/19,22013.57031,1998233200,21708.0918,22035.51221,22599.82599,21471.19842,45.97636466,21892.409,22127.81455,-235.4055557,-235.0714799,-0.334075819,2.329112499,1.11147329,0.664863634,-0.313604314,0.333333333,0.416666667,41.418178,85.10416667,28.36805556,-1.583748416,501.0507813,21512.51953,-2.682287705,-2.676554888
2013/4/22,22044.36914,1290323900,21762.43164,22024.90869,22580.11516,21469.70222,47.98437332,21915.78748,22121.63341,-205.8459305,-229.22637,23.38043952,0.139908373,1.287581982,0.918428112,-0.065748682,0.416666667,0.416666667,37.81724265,90.33539013,58.47985226,-1.312238263,30.79882813,22013.57031,-0.313604314,-2.682287705
2013/4/23,21806.60938,1798622000,21789.34766,22003.94512,22558.87691,21449.01332,51.64793063,21898.99085,22098.2983,-199.3074484,-223.2425857,23.9351373,-1.078551008,0.169109444,-0.200376449,-1.007745989,0.416666667,0.416666667,64.35148028,49.95156582,75.1303742,0.366867721,-237.7597656,22044.36914,-0.065748682,-0.313604314
2013/4/24,22183.05078,1757855600,21912.02383,22007.33262,22565.75821,21448.90702,69.57096075,21942.69238,22104.57626,-161.8838822,-210.970845,49.08696283,1.726272066,1.501196364,1.342713023,0.682144579,0.5,0.458333333,0,100,80.09565198,2.141076125,376.4414063,21806.60938,-1.007745989,-0.065748682
2013/4/25,22401.24023,1835601000,22089.76797,22014.83711,22589.95197,21439.72225,79.25199793,22013.2382,22126.55137,-113.3131673,-191.4393094,78.12614218,0.983586321,1.853635066,2.133077674,1.603387298,0.5,0.5,0,100,83.31718861,2.427490356,218.1894531,22183.05078,0.682144579,-1.007745989
2013/4/26,22547.71094,1826670400,22196.59609,22026.66865,22634.48119,21418.85611,84.26173004,22095.46478,22157.74837,-62.28359758,-165.6081671,103.3245695,0.653850865,1.721634757,2.600839444,2.211458983,0.5,0.5,0,100,100,2.328843317,146.4707031,22401.24023,1.603387298,0.682144579
2013/4/29,22580.76953,1351365700,22303.87617,22032.46611,22658.81412,21406.11811,77.19809243,22170.12705,22189.08327,-18.95622814,-136.2777793,117.3215511,0.146616186,1.438165062,2.564779516,2.292749305,0.5,0.541666667,0,100,100,2.169558628,33.05859375,22547.71094,2.211458983,1.603387298
2013/4/30,22737.00977,1599208700,22489.95625,22054.33506,22743.82746,21364.84266,79.64664654,22257.33977,22229.67042,27.66935041,-103.4883533,131.1577038,0.691917227,1.613083711,3.021772243,2.879801313,0.583333333,0.583333333,0,100,100,2.933394426,156.2402344,22580.76953,2.292749305,2.211458983
2013/5/2,22668.30078,1434954200,22587.00625,22069.35908,22797.53012,21341.18804,93.12297671,22320.56454,22262.16156,58.40298328,-71.11008602,129.5130693,-0.302190064,0.659958048,2.364278712,2.488305536,0.583333333,0.541666667,5.611231715,92.61511656,97.53837219,4.113555492,-68.70898438,22737.00977,2.879801313,2.292749305
2013/5/3,22689.96094,1280291900,22644.75039,22086.98262,22856.16477,21317.80047,89.3363363,22377.39476,22293.8504,83.54435503,-40.17919781,123.7235528,0.095552624,0.379556473,2.071096898,2.513066991,0.666666667,0.541666667,3.842319588,94.94316333,95.85275996,4.696983502,21.66015625,22668.30078,2.488305536,2.879801313
2013/5/6,22915.08984,1327646200,22718.22617,22146.39209,22976.29793,21316.48625,89.44996086,22460.11708,22339.86814,120.2489396,-8.093570327,128.3425099,0.992196094,0.99288142,2.566531813,3.442516561,0.75,0.541666667,0,100,95.85275996,6.237554523,225.1289063,22689.96094,2.513066991,2.488305536
2013/5/7,23047.08984,1422320300,22811.49023,22212.84404,23105.38888,21320.2992,89.2102196,22550.42058,22392.25493,158.165649,25.15827354,133.0073755,0.576039635,1.203410254,2.570257019,3.892324504,0.833333333,0.583333333,0,100,98.31438778,7.133382542,132,22915.08984,3.442516561,2.513066991
2013/5/8,23244.34961,1760443200,22912.9582,22281.54453,23264.95502,21298.13404,91.42207841,22657.17889,22455.37306,201.8058368,60.48778619,141.3180506,0.855898801,1.576306256,2.9780991,4.609313963,0.833333333,0.583333333,0,100,100,5.591002638,197.2597656,23047.08984,3.892324504,3.442516561
2013/5/9,23211.48047,1413765800,23021.59414,22340.39053,23395.85286,21284.9282,85.00972777,22742.45606,22511.38101,231.0750458,94.60523812,136.4698077,-0.141407014,1.083358776,2.391295025,4.290469044,0.75,0.583333333,2.28616685,95.28175194,98.42725065,5.294373909,-32.86914063,23244.34961,4.609313963,3.892324504
2013/5/10,23321.2207,1413419200,23147.84609,22401.38809,23532.7977,21269.97847,95.42631804,22831.49677,22571.36914,260.1276352,127.7097175,132.4179176,0.472784295,1.082237639,2.305771474,4.471717369,0.833333333,0.625,0,100,98.42725065,6.945652587,109.7402344,23211.48047,4.290469044,4.609313963
2013/5/13,22989.81055,1488626800,23162.79023,22446.42607,23596.08312,21296.76903,64.57833613,22855.85274,22602.3648,253.4879405,152.8653621,100.6225783,-1.421066935,-0.569583505,0.555374872,2.743214085,0.75,0.625,21.88087136,49.2418373,81.50786308,3.636829639,-331.4101563,23321.2207,4.471717369,4.290469044
2013/5/14,22930.2793,1382633400,23139.42813,22504.30654,23628.73709,21379.876,50.88023108,22867.30298,22626.65476,240.6482174,170.4219332,70.22628419,-0.25894624,-0.837912094,0.101963098,2.275300646,0.666666667,0.583333333,34.34824614,40.12414185,63.12199305,2.36165077,-59.53125,22989.81055,2.743214085,4.471717369
2013/5/15,23044.24023,1505988700,23099.40625,22572.91709,23652.39984,21493.43434,49.83133845,22894.52409,22657.58702,236.9370764,183.7249618,53.2121146,0.496988877,-0.343040735,0.418070635,2.591091877,0.666666667,0.583333333,30.10721185,56.12258474,48.49618796,2.202127295,113.9609375,22930.2793,2.275300646,2.743214085
2013/5/16,23082.67969,1320853000,23073.64609,22648.56758,23645.09235,21652.0428,38.21563921,22923.47111,22689.07536,234.3957448,193.8591184,40.53662643,0.166807205,-0.060349969,0.402580269,2.575484313,0.666666667,0.583333333,30.83878527,41.26498637,45.83723765,2.222732735,38.43945313,23044.24023,2.591091877,2.275300646
2013/5/20,23493.0293,1583330000,23108.00781,22747.59307,23663.2019,21831.98424,63.23774925,23011.09545,22748.62751,262.4679383,207.5808824,54.88705591,1.777738178,1.510079931,1.908208293,4.128315862,0.666666667,0.625,0,100,65.79585703,3.325061382,410.3496094,23082.67969,2.575484313,2.591091877
2013/5/21,23366.36914,3484208800,23183.31953,22815.23301,23703.40966,21927.05636,52.08952526,23065.75294,22794.38615,271.3667904,220.338064,51.02872637,-0.539139311,0.929983474,1.103655673,3.262991923,0.666666667,0.625,15.35780003,77.49264216,72.91920951,3.07949134,-126.6601563,23493.0293,4.128315862,2.575484313
2013/5/22,23261.08008,1471641800,23249.47969,22876.06855,23709.71333,22042.42378,65.87800606,23095.80327,22828.95607,266.8471989,229.639891,37.20730794,-0.450600869,0.279357107,0.441242368,2.497775568,0.583333333,0.625,28.12431174,58.78290204,78.75851473,2.517056518,-105.2890625,23366.36914,3.262991923,4.128315862
2013/5/23,22669.67969,2505754800,23174.56758,22919.22207,23602.80483,22235.63931,40.59953529,23030.24579,22817.15782,213.0879756,226.3295079,-13.24153229,-2.54244596,-2.086856446,-2.025904283,-0.309511982,0.5,0.625,100,0,45.4251814,-1.070954371,-591.4003906,23261.08008,2.497775568,3.262991923
2013/5/24,22618.66992,1412875700,23081.76563,22941.00303,23553.42808,22328.57798,33.91827022,22966.92643,22802.45501,164.4714179,213.9578899,-49.48647198,-0.225013173,-2.006973803,-2.095295994,-0.735019151,0.416666667,0.625,100,0,19.59430068,-1.858889451,-51.00976563,22669.67969,-0.309511982,2.497775568
2013/5/27,22686.05078,993591200,22920.36992,22955.24355,23528.81537,22381.67174,35.33274589,22923.71479,22793.83247,129.8823154,197.142775,-67.26045957,0.2978993,-1.432764368,-1.605489131,-0.561588393,0.416666667,0.625,92.29368824,7.706311764,2.568770588,-2.401869003,67.38085938,22618.66992,-0.735019151,-0.309511982
2013/5/28,22924.25,1147409300,22831.94609,22974.07051,23516.78808,22431.35294,25.89794564,22923.79713,22803.49303,120.304098,181.7750396,-61.47094161,1.049980982,0.014106697,-0.469037143,0.321282675,0.5,0.625,65.05097482,34.94902518,14.21844565,-1.237450016,238.1992188,22686.05078,-0.561588393,-0.735019151
2013/5/29,22554.92969,1539993800,22690.71602,22972.77852,23519.34448,22426.21255,21.48039941,22867.04829,22785.08093,81.96736029,161.8135037,-79.84614346,-1.611046436,-1.013118878,-1.800265901,-1.429439518,0.416666667,0.625,100,0,14.21844565,-3.285810058,-369.3203125,22924.25,0.321282675,-0.561588393
2013/5/30,22484.31055,1748735600,22653.64219,22960.14355,23538.67497,22381.61214,22.0169711,22808.16556,22762.80164,45.36391798,138.5235866,-93.15966861,-0.313098474,-0.759190347,-1.927859564,-1.79193688,0.416666667,0.583333333,100,0,11.64967506,-2.198800199,-70.61914063,22554.92969,-1.429439518,0.321282675
2013/5/31,22392.16016,2493210000,22608.34023,22946.33652,23563.93077,22328.74228,34.38585155,22744.16473,22735.34672,8.818011304,112.5824715,-103.7644602,-0.409843079,-0.963737712,-2.138386587,-2.19281955,0.416666667,0.541666667,100,0,2.27E-13,-2.34676226,-92.15039063,22484.31055,-1.79193688,-1.429439518
2013/6/3,22282.18945,1550268400,22527.56797,22925.94795,23600.36062,22251.53528,32.24640967,22673.09161,22701.77951,-28.68790342,84.32839655,-113.0163,-0.491112525,-1.205074654,-2.347977885,-2.626107872,0.333333333,0.5,100,0,2.27E-13,-3.306903476,-109.9707031,22392.16016,-2.19281955,-1.79193688
2013/6/4,22285.51953,1422129700,22399.82188,22894.46943,23624.45231,22164.48656,27.33500148,22613.46514,22670.94544,-57.48030442,55.96665635,-113.4469608,0.014945022,-0.89698492,-2.048216244,-2.559170641,0.333333333,0.5,99.72497782,0.518654844,0.172884948,-3.453499191,3.330078125,22282.18945,-2.626107872,-2.19281955
2013/6/5,22069.24023,1516765700,22302.68398,22845.57695,23654.80816,22036.34575,0.386467955,22529.73823,22626.37469,-96.63645646,25.44603379,-122.0824903,-0.970492506,-1.232884725,-2.49031835,-3.387291421,0.25,0.458333333,100,0,0.172884948,-6.060474554,-216.2792969,22285.51953,-2.559170641,-2.626107872
2013/6/6,21838.42969,1711966400,22173.50781,22775.28096,23673.14188,21877.42004,0.460489713,22423.38307,22568.00839,-144.6253206,-8.568237081,-136.0570835,-1.045847272,-1.740711877,-2.964215564,-4.252778072,0.25,0.458333333,100,0,0.172884948,-6.539053817,-230.8105469,22069.24023,-3.387291421,-2.559170641
2013/6/7,21575.25977,1834956400,22010.12773,22693.46992,23708.03299,21678.90685,0.363660407,22292.90256,22494.47145,-201.5688937,-47.1683684,-154.4005253,-1.205077131,-2.258514816,-3.53139128,-5.213587829,0.25,0.416666667,100,0,2.27E-13,-7.247386221,-263.1699219,21838.42969,-4.252778072,-3.387291421
2013/6/10,21615.08984,1464580800,21876.70781,22608.16338,23682.40539,21533.92136,4.998914165,22188.62368,22429.33208,-240.7083946,-85.87637364,-154.832021,0.184609959,-1.500154577,-2.972033593,-4.812084015,0.333333333,0.416666667,97.63734736,4.06566306,1.35522102,-4.651983876,39.83007813,21575.25977,-5.213587829,-4.252778072
2013/6/11,21354.66016,2121919200,21690.53594,22526.40586,23714.8426,21337.96912,4.257057048,22060.3216,22349.72675,-289.405148,-126.5821285,-162.8230195,-1.204851284,-1.996538347,-3.685669001,-5.666007599,0.333333333,0.375,100,0,1.35522102,-5.588347016,-260.4296875,21615.08984,-4.812084015,-5.213587829
2013/6/13,20887.03906,3299557200,21454.0957,22424.24385,23793.73847,21054.74922,2.694606822,21879.81659,22241.37951,-361.5629179,-173.5782864,-187.9846315,-2.18978476,-3.106148996,-5.153428724,-7.329630162,0.25,0.333333333,100,0,1.35522102,-7.930034787,-467.6210938,21354.66016,-5.666007599,-4.812084015
2013/6/14,20969.14063,2394670200,21280.23789,22320.48887,23796.64642,20844.33131,9.072545193,21739.7126,22147.13959,-407.4269956,-220.3480282,-187.0789674,0.393074204,-1.89081612,-4.07089472,-6.578106636,0.25,0.375,95.96990371,5.870769334,1.956923111,-8.528564184,82.1015625,20887.03906,-7.329630162,-5.666007599
2013/6/17,21225.90039,1879428800,21210.36602,22227.6499,23733.63883,20721.66098,27.64348192,21660.66457,22078.89965,-418.2350866,-259.9254399,-158.3096467,1.224464894,-0.212876044,-2.401778005,-5.064926955,0.333333333,0.375,83.36640934,24.23068006,10.03381647,-5.892411616,256.7597656,20969.14063,-6.578106636,-7.329630162
2013/6/18,21225.88086,1611375800,21132.52422,22114.29248,23562.42033,20666.16463,34.21616413,21593.77477,22015.71308,-421.9383105,-292.328014,-129.6102964,-9.20E-05,0.060948785,-1.928973364,-4.751911574,0.333333333,0.375,79.68441145,28.66194053,19.58779664,-5.596923619,-0.01953125,21225.90039,-5.064926955,-6.578106636
2013/6/19,20986.89063,1892108000,21058.97031,21995.31855,23402.84223,20587.79488,25.94805513,21500.40798,21939.50401,-439.0960309,-321.6816174,-117.4144135,-1.125937887,-0.574947316,-2.505679777,-5.480899819,0.333333333,0.375,93.74861672,10.49532756,21.12931605,-6.275721152,-238.9902344,21225.88086,-4.751911574,-5.064926955
2013/6/20,20382.86914,2632968400,20958.13633,21851.40801,23299.8037,20403.01232,20.54310515,21328.47892,21824.19772,-495.718796,-356.4890531,-139.2297429,-2.878089447,-2.689821108,-4.610279361,-7.740481854,0.333333333,0.333333333,100,0,13.0524227,-8.52393934,-604.0214844,20986.89063,-5.480899819,-4.751911574
2013/6/21,20263.31055,4084032800,20816.97031,21731.08955,23283.64904,20178.53007,26.03719106,21164.60687,21708.57645,-543.9695819,-393.9851589,-149.9844231,-0.586564104,-2.778103158,-4.415983529,-7.791347192,0.25,0.291666667,100,0,3.498442521,-9.074093972,-119.5585938,20382.86914,-7.740481854,-5.480899819
2013/6/24,19813.98047,2588417600,20534.58633,21590.85508,23296.51618,19885.19398,15.38700132,20956.81819,21568.236,-611.4178155,-437.4716902,-173.9461253,-2.217456408,-4.047616218,-5.699521624,-9.202662102,0.25,0.25,100,0,2.27E-13,-10.21901861,-449.3300781,20263.31055,-7.791347192,-7.740481854
2013/6/25,19855.7207,3385293200,20260.5543,21449.33857,23235.79306,19662.88409,2.871388763,20787.41858,21441.38302,-653.9644434,-480.7702409,-173.1942026,0.21066052,-2.770232154,-4.751877229,-8.397363803,0.333333333,0.291666667,98.14920503,2.956274908,0.985424969,-9.078990627,41.74023438,19813.98047,-9.202662102,-7.791347192
2013/6/26,20338.55078,3018082400,20130.88633,21320.05361,23033.60501,19606.50221,27.0889878,20718.36199,21359.69174,-641.3297504,-512.8821428,-128.4476076,2.431692535,0.320600282,-1.95100542,-5.639767939,0.416666667,0.333333333,74.08824545,37.15297903,13.36975131,-5.732069963,482.8300781,19855.7207,-8.397363803,-9.202662102
2013/6/27,20440.08008,2430525800,20142.32852,21214.31113,22870.03436,19558.5879,34.80245752,20675.54939,21291.57236,-616.02297,-533.5103082,-82.51266176,0.499196319,1.276662937,-0.994196536,-4.758226128,0.416666667,0.375,65.2381128,44.34384696,28.15103363,-5.436062372,101.5292969,20338.55078,-5.639767939,-8.397363803
2013/6/28,20803.28906,2309679400,20250.32422,21130.26006,22687.29866,19573.22146,63.4905872,20695.20165,21255.40323,-560.2015795,-538.8485625,-21.35301705,1.776945017,2.719668019,0.989841884,-2.722976241,0.5,0.416666667,45.07226449,70.06929103,50.52203901,-2.581970819,363.2089844,20440.08008,-4.758226128,-5.639767939
2013/7/2,20658.65039,2509168000,20419.2582,21043.58457,22499.7176,19587.45154,62.48485761,20689.57838,21211.19931,-521.620936,-535.4030372,13.78210119,-0.695268289,1.674699625,0.38043602,-3.016218258,0.5,0.375,45.17550087,72.01488685,62.14267495,-1.093446856,-144.6386719,20803.28906,-2.722976241,-4.758226128
2013/7/3,20147.31055,2353610400,20477.57617,20936.84063,22325.57362,19548.10763,60.12984531,20606.15256,21132.39274,-526.2401807,-533.5704659,7.330285146,-2.475185136,-1.11231857,-1.777307134,-4.900172977,0.416666667,0.333333333,76.39171507,33.69323589,58.59247125,-3.919235856,-511.3398438,20658.65039,-3.016218258,-2.722976241
2013/7/4,20468.66992,1382334100,20503.6,20845.99814,22101.23506,19590.76123,65.92153433,20585.00138,21083.22808,-498.2267023,-526.5017132,28.27501083,1.595048502,-0.036246541,0.097331027,-2.985216207,0.416666667,0.375,53.63126173,66.17646478,57.29486251,-3.56748338,321.359375,20147.31055,-4.900172977,-3.016218258
2013/7/5,20854.66992,1453364000,20586.51797,20785.26963,21908.48764,19662.05162,64.1164561,20626.48885,21066.29785,-439.8090004,-509.1631706,69.35417018,1.885808904,1.422802644,2.139488781,-0.836563344,0.5,0.416666667,26.29260081,100,66.62323356,-1.748859988,386,20468.66992,-2.985216207,-4.900172977
2013/7/8,20582.18945,1723942000,20542.29805,20722.45762,21738.45781,19706.45742,53.55446301,20619.67356,21030.43797,-410.764411,-489.4834187,78.71900771,-1.30656812,-0.017522258,0.971746581,-1.779985628,0.5,0.416666667,45.59042625,72.72329127,79.63325202,-1.928352223,-272.4804688,20854.66992,-0.836563344,-2.985216207
2013/7/9,20683.00977,1244457400,20547.16992,20677.84512,21615.47629,19740.21394,46.53700857,20629.41759,21004.70255,-375.2849566,-466.6437263,91.35876969,0.489842505,0.57017014,1.342000398,-0.984015106,0.583333333,0.458333333,25.90828102,75.73225685,82.81851604,1.472514114,100.8203125,20582.18945,-1.779985628,-0.836563344
2013/7/10,20904.56055,1625897500,20698.61992,20642.31865,21484.16077,19800.47654,56.77979792,20671.74728,20997.28462,-325.537345,-438.42245,112.885105,1.071172831,1.445282431,2.160061168,0.353051374,0.666666667,0.458333333,0,100,82.81851604,3.164586549,221.5507813,20683.00977,-0.984015106,-1.779985628
2013/7/11,21437.49023,2434318400,20892.38398,20646.46016,21502.96645,19789.95387,85.152066,20789.55388,21029.89244,-240.3385592,-398.8056719,158.4671126,2.549346523,2.957123285,4.076352531,3.04160595,0.75,0.5,0,100,91.91075228,8.193758787,532.9296875,20904.56055,0.353051374,-0.984015106
2013/7/12,21277.2793,1637335600,20976.90586,20665.97217,21560.45026,19771.49407,74.15212511,20864.58856,21048.2174,-183.6288325,-355.770304,172.1414715,-0.747339991,1.530530315,2.707850622,2.386601569,0.666666667,0.5,9.868184405,87.58227718,95.86075906,7.159440924,-160.2109375,21437.49023,3.04160595,0.353051374
2013/7/15,21303.31055,1151451300,21121.13008,20682.68066,21611.02984,19754.33149,67.07125658,20932.08425,21067.11319,-135.0289317,-311.6220295,176.5930978,0.122342944,1.293328612,2.435969057,2.567790461,0.666666667,0.541666667,8.482884823,89.59992249,92.39406656,4.743502996,26.03125,21277.2793,2.386601569,3.04160595
2013/7/16,21312.38086,1054044600,21247.0043,20687.00469,21626.17684,19747.83253,84.75072223,20990.59142,21085.28116,-94.68973743,-268.2355711,173.5458337,0.042577009,0.753442121,2.122629121,2.673810931,0.666666667,0.541666667,9.697050435,87.08642115,88.08954027,4.267599627,9.0703125,21303.31055,2.567790461,2.386601569
2013/7/17,21371.86914,1106668800,21340.46602,20694.3041,21652.19844,19736.40976,84.12623463,21049.24953,21106.5099,-57.26036633,-226.0405302,168.7801638,0.279125461,0.489255882,2.17570072,2.956843145,0.666666667,0.583333333,5.086198022,92.32771731,89.67135365,2.733125884,59.48828125,21312.38086,2.673810931,2.567790461
2013/7/18,21345.2207,1223663200,21322.01211,20712.22061,21704.13525,19720.30596,77.05498343,21094.78356,21124.19218,-29.40862199,-186.7141485,157.3055265,-0.124689316,0.018566101,1.769924745,2.733984046,0.666666667,0.583333333,7.151680665,89.21203707,89.54205851,3.323403511,-26.6484375,21371.86914,2.956843145,2.673810931
2013/7/19,21362.41992,1275705800,21339.04023,20761.19814,21779.60711,19742.78918,37.43165825,21135.95838,21141.83868,-5.880296321,-150.5473781,144.6670818,0.080576439,0.157876961,1.362565012,2.735737345,0.75,0.583333333,5.818593583,90.05006549,90.52993996,6.031124463,17.19921875,21345.2207,2.733984046,2.956843145
2013/7/22,21416.5,1090755600,21361.67813,20818.85762,21848.5003,19789.21493,86.15791983,21179.11863,21162.18396,16.93466929,-117.0509686,133.9856379,0.253155206,0.302313391,1.239743331,2.956496211,0.75,0.583333333,1.626923333,96.06135014,91.77448423,4.630638345,54.08007813,21362.41992,2.735737345,2.733984046
2013/7/23,21915.41992,2565763200,21482.28594,20923.92959,21950.83647,19897.02271,95.99516273,21292.39575,21217.97922,74.41653448,-78.75746799,153.1740025,2.329605313,2.1508911,3.167132087,5.209661863,0.75,0.625,0,100,95.37047188,5.086390741,498.9199219,21416.5,2.956496211,2.735737345
2013/7/24,21968.92969,1342354200,21601.69805,21029.59004,22029.62615,20029.55393,96.2458831,21396.4779,21273.60518,122.8727175,-38.4314309,161.3041484,0.244164911,1.880670885,2.859466112,5.259777764,0.833333333,0.666666667,0,100,98.68711671,6.737573947,53.50976563,21915.41992,5.209661863,2.956496211
2013/7/25,21900.96094,1157664800,21712.84609,21107.71055,22123.59015,20091.83095,86.82810244,21474.09067,21320.07598,154.0146959,0.057794467,153.9569015,-0.309385805,1.15181339,2.056253757,4.617057939,0.75,0.666666667,4.901332515,89.78864251,96.59621417,5.888655402,-67.96875,21968.92969,5.259777764,5.209661863
2013/7/26,21968.94922,1207336500,21834.15195,21184.154,22217.51612,20150.79188,91.05281155,21550.22276,21368.14066,182.0820953,36.46265463,145.6194407,0.310435151,0.98098861,1.951676812,4.58677412,0.75,0.708333333,0,100,96.59621417,5.091657725,67.98828125,21900.96094,4.617057939,5.259777764
2013/7/29,21850.15039,1205803300,21920.88203,21236.49707,22293.179,20179.81514,78.314753,21596.36547,21403.84509,192.5203838,67.67420046,124.8461833,-0.540757899,0.061052993,1.238801521,3.602764774,0.666666667,0.708333333,11.16122628,80.95343965,90.24736072,1.924946212,-118.7988281,21968.94922,4.58677412,4.617057939
2013/7/30,21953.96094,1212580800,21928.59023,21301.2626,22367.08056,20235.44463,79.4985314,21651.38016,21444.59441,206.7857488,95.49651012,111.2892386,0.475102208,0.125719504,1.454714805,3.665255348,0.75,0.708333333,2.166970223,97.59698637,92.85014201,3.180301538,103.8105469,21850.15039,3.602764774,4.58677412
2013/7/31,21883.66016,1350422100,21911.53633,21388.08008,22340.62149,20435.53866,46.70799305,21687.11554,21477.1178,209.9977445,118.396757,91.60098749,-0.320219123,-0.170802234,0.904321301,3.020122001,0.666666667,0.666666667,12.33089076,85.93817925,88.16286843,2.724222642,-70.30078125,21953.96094,3.665255348,3.602764774
2013/8/1,22088.78906,929367200,21949.10195,21469.08604,22369.20986,20568.96221,59.45269034,21748.91147,21522.42678,226.4846881,140.0143432,86.47034491,0.937361048,0.673214912,1.54721209,3.650590465,0.666666667,0.666666667,0,100,94.51172187,3.642991406,205.1289063,21883.66016,3.020122001,3.665255348
2013/8/2,22190.9707,1013477000,21993.50625,21535.90107,22442.04012,20629.76203,71.70052876,21816.92058,21571.94855,244.9720291,161.0058804,83.96614873,0.462595031,0.916610588,1.69783688,3.848313865,0.666666667,0.666666667,0,100,95.31272642,3.832615468,102.1816406,22088.78906,3.650590465,3.020122001
2013/8/5,22222.00977,760365400,22067.87813,21617.89209,22458.3882,20777.39598,70.04408966,21879.24199,21620.10123,259.1407596,180.6328562,78.50790338,0.139872486,0.864302553,1.500211506,3.677519424,0.75,0.708333333,0,100,100,4.107659858,31.0390625,22190.9707,3.848313865,3.650590465
2013/8/6,21923.69922,1139704700,22061.82578,21679.92656,22411.32469,20948.52844,54.53573106,21886.08157,21642.58997,243.4915931,193.2046036,50.28698946,-1.342410295,-0.545045887,-0.075815232,1.933739048,0.666666667,0.708333333,34.0230689,19.77866717,73.25955572,2.627414398,-298.3105469,22222.00977,3.677519424,3.848313865
2013/8/7,21588.83984,1340956800,22002.86172,21714.14053,22355.76479,21072.51626,32.47677218,21840.35207,21638.60848,201.7435883,194.9124006,6.831187748,-1.527385373,-1.792999324,-1.666409592,0.159463458,0.583333333,0.666666667,73.65953966,0,39.92622239,0.804705922,-334.859375,21923.69922,1.933739048,3.677519424
2013/8/8,21655.88086,862913500,21916.28008,21725.06006,22354.80327,21095.31684,39.03389419,21811.97188,21639.88792,172.0839666,190.3467138,-18.26274719,0.310535518,-1.31761358,-1.263780737,0.315125038,0.583333333,0.666666667,70.28206614,10.58815546,10.12227421,-1.184276019,67.04101563,21588.83984,0.159463458,1.933739048
2013/8/9,21807.56055,1017862900,21839.59805,21751.57412,22347.41326,21155.73498,35.72605412,21811.29322,21652.30811,158.9851045,184.0743919,-25.08928742,0.700408764,-0.413731605,-0.511225834,0.779389034,0.583333333,0.708333333,65.45623922,34.54376078,15.04397208,-0.734533466,151.6796875,21655.88086,0.315125038,0.159463458
2013/8/12,22271.2793,1989388800,21849.45195,21799.97256,22399.54348,21200.40164,52.98179508,21882.06031,21698.15783,183.9024763,184.0400088,-0.137532485,2.126412759,1.641757239,1.461472106,2.608568832,0.666666667,0.708333333,0,100,48.37730541,1.69087722,463.71875,21807.56055,0.779389034,0.315125038
2013/8/13,22541.13086,2322634900,21972.93828,21861.41006,22499.14121,21223.67891,60.06398474,21983.45578,21760.60028,222.8554994,191.8031069,31.05239246,1.211657215,2.62420272,2.468251278,3.526585597,0.666666667,0.708333333,0,100,78.18125359,2.604501631,269.8515625,22271.2793,2.608568832,0.779389034
2013/8/15,22539.25,2216759200,22163.02031,21919.7791,22580.86652,21258.69168,73.87648791,22068.96258,21818.27803,250.6845457,203.5793947,47.10515108,-0.008344122,2.138575758,2.192932275,3.300149754,0.666666667,0.666666667,0.197508886,99.80249111,99.9341637,3.153752249,-1.880859375,22541.13086,3.526585597,2.608568832
2013/8/16,22517.81055,2014135700,22335.40625,21978.40859,22633.23052,21323.58667,97.60967182,22138.01611,21870.09526,267.920856,216.4476869,51.47316904,-0.095120526,1.330467582,1.878682334,2.957986627,0.583333333,0.666666667,2.448864068,97.55113593,99.11787568,2.568327469,-21.43945313,22539.25,3.300149754,3.526585597
2013/8/19,22463.69922,1090294500,22466.63398,22033.47256,22656.26994,21410.67517,91.95667214,22188.12121,21914.06592,274.0552853,227.9692066,46.0860787,-0.240304571,0.478202886,1.412082959,2.484014394,0.583333333,0.625,8.131090114,91.86890989,96.40751231,2.650557806,-54.11132813,22517.81055,2.957986627,3.300149754
2013/8/20,21970.28906,1804736300,22406.43594,22061.16201,22617.46873,21504.8553,56.23761902,22154.60857,21918.2306,236.3779706,229.6509594,6.727011227,-2.196477755,-1.847848617,-0.771174116,0.107778005,0.5,0.583333333,59.9440494,40.0559506,76.4919988,-0.536471237,-493.4101563,22463.69922,2.484014394,2.957986627
2013/8/21,21817.73047,1614257600,22261.75586,22056.27754,22619.29207,21493.26301,27.1684905,22102.78117,21910.78614,191.9950246,222.1197725,-30.12474781,-0.69438592,-2.199125379,-1.321583335,-0.67143671,0.416666667,0.541666667,75.96421459,18.28292679,50.06926242,-1.681946407,-152.5585938,21970.28906,0.107778005,2.484014394
2013/8/22,21895.40039,1601105400,22132.98594,22052.60107,22618.80038,21486.40176,9.695768357,22070.87643,21909.64646,161.229975,209.941813,-48.71183798,0.355994506,-1.375165065,-0.848237225,-0.421758035,0.416666667,0.583333333,67.80810258,11.97429098,23.43772279,-1.469756239,77.66992188,21817.73047,-0.67143671,0.107778005
2013/8/23,21863.50977,1560858500,22002.12578,22050.72852,22619.16478,21482.29225,9.345660415,22038.97387,21906.22893,132.7449435,194.5024391,-61.75749558,-0.145649883,-1.016672999,-0.970158372,-0.661120444,0.416666667,0.541666667,71.15693445,6.328348376,12.19518871,-0.27454059,-31.890625,21895.40039,-0.421758035,-0.67143671
2013/8/26,22005.32031,1219710000,21910.45,22052.54707,22620.1573,21484.93684,23.06796977,22033.7964,21913.56903,120.2273705,179.6474253,-59.42005487,0.648617484,0.012099035,-0.484274766,-0.128121598,0.5,0.541666667,56.26542077,25.93167576,14.74477171,1.929147058,141.8105469,21863.50977,-0.661120444,-0.421758035
2013/8/27,21874.76953,1165041100,21891.34609,22053.77803,22619.73156,21487.8245,21.35251197,22009.33073,21910.69499,98.63573534,163.4450873,-64.80935201,-0.59326917,-0.135742517,-1.15620802,-0.712998257,0.416666667,0.5,69.9745474,7.905407966,13.38847737,1.010758571,-130.5507813,22005.32031,-0.128121598,-0.661120444
2013/8/28,21524.65039,2232695000,21832.73008,22032.3125,22642.60984,21422.01516,24.81127805,21934.76452,21882.0991,52.6654261,141.2891551,-88.62372899,-1.600561506,-1.399800875,-2.634539976,-2.21999093,0.333333333,0.458333333,100,0,11.27902791,-1.297303087,-350.1191406,21874.76953,-0.712998257,-0.128121598
2013/8/29,21704.7793,1539354900,21794.60586,22023.36846,22647.21055,21399.52636,43.8086551,21899.38218,21868.9643,30.41788374,119.1149008,-88.69701708,0.836849394,-0.488852741,-1.609630932,-1.365093329,0.333333333,0.5,82.27915717,19.18205964,9.029155868,-2.543634752,180.1289063,21524.65039,-2.21999093,-0.712998257
2013/8/30,21731.36914,1581307900,21768.17773,22005.49746,22641.18466,21369.81026,40.4753696,21873.53402,21858.77206,14.76195764,98.24431219,-83.48235454,0.122506861,-0.241907386,-1.186830856,-1.19981289,0.333333333,0.5,79.66328362,43.00638351,20.72948105,-3.592373975,26.58984375,21704.7793,-1.365093329,-2.21999093
2013/9/2,22175.33984,1813177000,21802.18164,22004.71592,22639.52691,21369.90493,62.24620818,21919.96568,21882.22153,37.74415759,86.14428127,-48.40012368,2.042994623,1.553861357,0.971148525,0.756601385,0.416666667,0.541666667,35.98603484,100,54.06281438,-1.614561959,443.9707031,21731.36914,-1.19981289,-1.365093329
2013/9/3,22394.58008,1948185600,21906.14375,22013.34443,22664.22282,21362.46604,64.4106278,21992.98328,21920.17401,72.80927131,83.47727928,-10.66800796,0.988666852,2.254085599,2.017118837,1.667940007,0.5,0.541666667,14.258819,100,81.00212784,-0.547257774,219.2402344,22175.33984,0.756601385,-1.19981289
2013/9/4,22326.2207,3996450500,22066.45781,22033.47051,22696.79057,21370.15045,67.51972592,22044.25058,21950.25155,93.99903396,85.58163021,8.417403745,-0.30524964,1.592926982,1.75881944,1.272818588,0.5,0.541666667,19.29093133,92.1419655,97.38065517,-0.612003011,-68.359375,22394.58008,1.667940007,0.756601385
2013/9/5,22597.9707,2145320400,22245.09609,22083.92705,22757.72439,21410.12971,94.35064725,22129.43829,21998.23074,131.2075485,94.70681386,36.5007346,1.217178687,1.999217077,2.752439337,2.406937046,0.583333333,0.541666667,0,100,97.38065517,2.856956678,271.75,22326.2207,1.272818588,1.667940007
2013/9/6,22621.2207,1960758400,22423.06641,22132.19404,22814.67205,21449.71603,93.50911876,22205.09712,22044.37815,160.7189767,107.9092464,52.80973024,0.102885344,1.40505745,2.545951021,2.429085452,0.666666667,0.541666667,0,100,97.38065517,3.682739758,23.25,22597.9707,2.406937046,1.272818588
2013/9/9,22750.65039,1922622300,22538.12852,22179.34854,22895.10151,21463.59556,94.08655926,22289.0284,22096.69461,192.333786,124.7941543,67.5396317,0.572160491,1.214479658,2.800547186,2.912502309,0.666666667,0.541666667,0,100,100,3.906071525,129.4296875,22621.2207,2.429085452,2.406937046
2013/9/10,22976.65039,2241118600,22654.54258,22214.61709,23010.08842,21419.14576,92.71244776,22394.81639,22161.87652,232.9398756,146.4232986,86.51657701,0.993378194,1.616166525,3.388392036,3.72895298,0.75,0.583333333,0,100,100,5.091317162,226,22750.65039,2.912502309,2.429085452
2013/9/11,22937.14063,2000939900,22776.72656,22234.41758,23079.57567,21389.25949,85.77485068,22478.25089,22219.30349,258.9474018,168.9281192,90.01928256,-0.17195616,1.037362715,2.851236275,3.288620844,0.666666667,0.583333333,2.721058239,96.82724159,98.94241386,4.23452283,-39.50976563,22976.65039,3.72895298,2.912502309
2013/9/12,22953.7207,1626682900,22847.87656,22255.14111,23148.15241,21362.12982,94.40783108,22551.40009,22273.70476,277.6953285,190.6815611,87.01376743,0.072284852,0.646731817,2.512280925,3.112190755,0.75,0.583333333,1.57917958,97.13847676,97.98857278,4.932400181,16.58007813,22937.14063,3.288620844,3.72895298
2013/9/13,22915.2793,1579265000,22906.68828,22275.01455,23207.34861,21342.68049,83.52718298,22607.38151,22321.2288,286.1527051,209.7757899,76.37691517,-0.16747353,0.245717985,1.813662774,2.726515849,0.75,0.541666667,4.226659349,90.56453066,94.84341634,6.460634115,-38.44140625,22953.7207,3.112190755,3.288620844
2013/9/16,23252.41016,1448448600,23007.04023,22314.4501,23337.66376,21291.23643,90.09630488,22706.61669,22390.2052,316.4114851,231.1029289,85.30855615,1.471205544,1.254562319,2.722931794,4.047154852,0.75,0.541666667,0,100,95.90100247,7.130369022,337.1308594,22915.2793,2.726515849,3.112190755
2013/9/17,23180.51953,1388461800,23047.81406,22374.96162,23451.3656,21298.55765,79.46114245,22779.52482,22448.747,330.7778129,251.0379057,79.73990718,-0.309174939,0.627567168,1.86190843,3.601962303,0.666666667,0.5,4.645204931,89.01493107,93.19315391,6.668472572,-71.890625,23252.41016,4.047154852,2.726515849
2013/9/18,23117.44922,1278223200,23083.87578,22439.94756,23530.7771,21349.11802,62.42438239,22831.51319,22498.2805,333.2326851,267.4768616,65.75582352,-0.272083257,0.251651156,1.23550508,3.208949447,0.583333333,0.5,8.872932164,78.61799863,89.21097657,4.248455183,-63.0703125,23180.51953,3.601962303,4.047154852
2013/9/19,23502.50977,2179785600,23193.63359,22520.30303,23673.81178,21366.79427,80.9902084,22934.74343,22572.66785,362.0755752,286.3966043,75.67897091,1.665670564,1.506724348,2.507298847,4.736218381,0.583333333,0.541666667,0,100,89.21097657,4.947311732,385.0605469,23117.44922,3.208949447,3.601962303
2013/9/23,23371.53906,1514566800,23284.88555,22595.70449,23764.67241,21426.73657,70.35032277,23001.94276,22631.8435,370.0992584,303.1371351,66.96212327,-0.557262626,0.638387551,1.55024034,3.977287921,0.583333333,0.541666667,11.13422774,77.69688221,85.43829362,4.682021079,-130.9707031,23502.50977,4.736218381,3.208949447
2013/9/24,23179.03906,1558382100,23270.21133,22654.39043,23816.73934,21492.04152,61.17036324,23029.18834,22672.3765,356.8118392,313.8720759,42.93976321,-0.823651363,-0.379096905,0.502366398,2.890335071,0.5,0.541666667,27.49925281,44.91588561,74.20425594,2.57132982,-192.5,23371.53906,3.977287921,4.736218381
2013/9/25,23209.63086,1340232800,23276.03359,22721.1335,23849.55411,21592.71288,47.55290695,23056.94873,22712.17312,344.7756074,320.0527822,24.72282518,0.131980436,-0.217039876,0.42150562,2.761580745,0.5,0.583333333,32.37880136,50.12538997,57.57938593,2.60114237,30.59179688,23179.03906,2.890335071,3.977287921
2013/9/26,23125.0293,1574961100,23277.54961,22801.15244,23798.16445,21804.14043,46.87130401,23067.42266,22742.75506,324.667602,320.9757462,3.691855791,-0.364510591,-0.541213875,-0.079420163,2.155271826,0.416666667,0.541666667,42.83276451,35.71851448,43.58659669,1.645574521,-84.6015625,23209.63086,2.761580745,2.890335071
2013/9/27,23207.03906,1487481800,23218.45547,22876.26543,23750.34042,22002.19044,54.94570186,23088.90211,22777.14647,311.7556405,319.1317251,-7.376084519,0.354636375,-0.252554369,0.19181853,2.264656746,0.416666667,0.583333333,39.29866581,23.2664303,36.37011158,1.002707827,82.00976563,23125.0293,2.155271826,2.761580745
2013/9/30,22859.85938,1573033200,23116.11953,22932.68994,23632.09577,22233.28411,12.97471987,23053.66477,22783.27335,270.3914149,309.383663,-38.99224815,-1.496010269,-1.290358328,-1.279613266,0.576960433,0.416666667,0.541666667,100,0,19.66164826,-0.33692626,-347.1796875,23207.03906,2.264656746,2.155271826
2013/10/2,22984.48047,1444728400,23077.20781,22973.14697,23580.14124,22366.1527,27.53587703,23043.02103,22798.17758,244.843446,296.4756196,-51.63217366,0.545152495,-0.475008077,-0.752423003,0.919952727,0.416666667,0.583333333,80.60825986,19.39174014,14.21939015,0.134007754,124.6210938,22859.85938,0.576960433,2.264656746
2013/10/3,23214.40039,1217000800,23078.16172,23014.13799,23567.68446,22460.59151,51.96687011,23069.38708,22829.0089,240.3781826,285.2561322,-44.87794958,1.000326817,0.494921151,0.132600021,1.615349574,0.5,0.625,44.83143233,55.16856767,24.85343594,1.305334706,229.9199219,22984.48047,0.919952727,0.576960433
2013/10/4,23138.53906,1158821800,23080.86367,23054.75391,23511.11361,22598.3942,46.23531578,23080.02585,22851.93706,228.0887885,273.8226635,-45.73387495,-0.326785645,0.217922573,-0.153751071,1.019123051,0.416666667,0.583333333,56.63587986,54.46369952,43.00800244,-0.48971738,-75.86132813,23214.40039,1.615349574,0.919952727
2013/10/7,22973.94922,1209772900,23034.2457,23073.55283,23481.5066,22665.59906,42.62435138,23063.70637,22860.975,202.7313693,259.6044046,-56.87303536,-0.711323404,-0.386312298,-0.790286036,0.074344678,0.416666667,0.541666667,82.24698134,32.17958959,47.27061893,-0.891137544,-164.5898438,23138.53906,1.019123051,1.615349574
2013/10/8,23178.84961,1337047400,23098.04375,23101.43428,23454.4405,22748.42806,48.77124337,23081.42071,22884.52127,196.8994467,247.063413,-50.16396637,0.891881447,0.522601462,0.072435257,0.783325769,0.5,0.541666667,50.363333,89.97273103,58.87200671,0.265601927,204.9003906,22973.94922,0.074344678,1.019123051
2013/10/9,23033.9707,1079534900,23107.9418,23115.60029,23432.00365,22799.19693,59.21446778,23074.12071,22895.59159,178.5291165,233.3565537,-54.82743721,-0.625047872,-0.231270246,-0.38514195,0.037500089,0.416666667,0.5,72.90730222,49.10893816,57.08708626,-1.993570334,-144.8789063,23178.84961,0.783325769,0.074344678
2013/10/10,22951.30078,1350438100,23055.32188,23114.33281,23433.14641,22795.51921,48.16244235,23055.22534,22899.7182,155.5071363,217.7866703,-62.27953396,-0.358904346,-0.56552774,-0.592110619,-0.434162287,0.416666667,0.5,85.77120506,25.79148878,54.95771932,-1.798077055,-82.66992188,23033.9707,0.037500089,0.783325769
2013/10/11,23218.32031,1360356000,23071.27813,23128.3918,23439.41391,22817.36968,50.20852425,23080.31687,22923.31836,156.9985145,205.6290391,-48.63052458,1.163417855,0.588463556,0.550162428,0.611387211,0.5,0.5,29.94427056,100,58.30014231,0.169468846,267.0195313,22951.30078,-0.434162287,0.037500089
2013/10/15,23336.51953,1244268400,23143.79219,23147.53174,23460.31096,22834.75252,60.07782612,23119.73267,22953.92585,165.8068139,197.6645941,-31.85778016,0.509077389,0.956218331,1.015782998,0.993144927,0.5,0.5,0,100,75.26382959,0.54670698,118.1992188,23218.32031,0.611387211,-0.434162287
2013/10/16,23228.33008,1041169900,23153.68828,23163.18428,23458.76551,22867.60304,63.73758277,23136.43996,22974.25209,162.1878691,190.5692491,-28.38137994,-0.463605779,0.304208488,0.510015143,0.438421901,0.5,0.458333333,22.69739807,71.91480084,90.63826695,0.446705515,-108.1894531,23336.51953,0.993144927,0.611387211
2013/10/17,23094.88086,1237910800,23165.87031,23155.30781,23449.35021,22861.26541,45.08613438,23130.04625,22983.18756,146.858697,181.8271387,-34.96844164,-0.574510601,-0.211745697,-0.026993673,-0.159874429,0.416666667,0.416666667,50.69412006,37.27234931,69.72905005,-0.483293896,-133.4492188,23228.33008,0.438421901,0.993144927
2013/10/18,23340.09961,1314426900,23243.63008,23163.28682,23468.09618,22858.47745,66.03195385,23162.36215,23009.62549,152.7366682,176.0090446,-23.27237638,1.061788331,0.625960997,0.85978011,0.827032401,0.5,0.458333333,0,100,69.72905005,2.10080135,245.21875,23094.88086,-0.159874429,0.438421901
2013/10/21,23438.15039,1160840800,23287.59609,23179.32188,23505.77254,22852.87121,75.09205665,23204.79111,23041.36807,163.4230422,173.4918441,-10.06880191,0.420095813,0.696425122,1.118290209,1.162393546,0.5,0.458333333,0,100,79.0907831,1.973809773,98.05078125,23340.09961,0.827032401,-0.159874429
2013/10/22,23315.99023,1070908500,23283.49023,23169.9959,23468.43803,22871.55376,55.91746995,23221.89867,23061.71045,160.1882169,170.8311186,-10.6429018,-0.521202203,0.101586168,0.554533161,0.562663886,0.416666667,0.458333333,25.09196966,74.90803034,91.63601011,0.437615627,-122.1601563,23438.15039,1.162393546,0.827032401
2013/10/23,22999.94922,1723799400,23237.81406,23151.41641,23443.55706,22859.27575,33.5515967,23187.7526,23057.13555,130.6170537,162.7883057,-32.17125197,-1.355468983,-1.016878147,-0.759022532,-0.755404862,0.416666667,0.416666667,90.007502,9.992498004,61.63350945,-0.598956759,-316.0410156,23315.99023,0.562663886,1.162393546
2013/10/24,22835.82031,1863163900,23186.00195,23134.25547,23456.64615,22811.86479,31.81223336,23133.60917,23040.74183,92.86734581,148.8041137,-55.93676787,-0.713605516,-1.445761792,-1.418249073,-1.40251503,0.416666667,0.416666667,100,0,28.30017612,-0.601241454,-164.1289063,22999.94922,-0.755404862,0.562663886
2013/10/25,22698.33984,1852391200,23057.65,23108.69092,23480.42975,22736.95209,31.69382746,23066.64466,23015.37872,51.26594361,129.2964797,-78.03053606,-0.602038669,-1.758883052,-1.842071049,-1.922160345,0.333333333,0.416666667,100,0,3.330832668,-2.073052691,-137.4804688,22835.82031,-1.40251503,-0.755404862
2013/10/28,22806.58008,1103232900,22931.33594,23092.76846,23486.94667,22698.59024,21.80432036,23026.63472,22999.91215,26.72257376,108.7816985,-82.05912473,0.476864102,-0.909048955,-1.293105732,-1.33083561,0.416666667,0.416666667,85.36919556,14.63080444,4.876934815,-0.987196814,108.2402344,22698.33984,-1.922160345,-1.40251503
2013/10/29,22846.53906,1428098200,22837.4457,23074.74346,23479.20741,22670.2795,16.68891768,22998.9277,22988.55118,10.37651838,89.10066247,-78.72414409,0.175208138,-0.308345055,-1.082788275,-1.064327645,0.5,0.458333333,79.96794999,20.03205001,11.55428482,-0.456452206,39.95898438,22806.58008,-1.33083561,-1.922160345
2013/10/30,23304.01953,1716763900,22898.25977,23096.95146,23500.55619,22693.34674,49.5107329,23045.8649,23011.91921,33.94569735,78.06966945,-44.12397209,2.002405999,1.696740101,0.866747364,0.894013711,0.5,0.5,18.13043352,81.86956648,38.84414031,0.369101716,457.4804688,22846.53906,-1.064327645,-1.33083561
2013/10/31,23206.36914,1792714700,22972.36953,23108.0459,23510.87208,22705.21972,60.27026659,23070.55786,23026.32291,44.23495801,71.30272716,-27.06776915,-0.419028102,1.118789372,0.491262109,0.471830613,0.416666667,0.458333333,31.32981153,68.67018847,56.85726832,-0.557711232,-97.65039063,23304.01953,0.894013711,-1.064327645
2013/11/1,23249.78906,1244395900,23082.65938,23109.81533,23514.79975,22704.83091,73.40841922,23098.13189,23042.87595,55.25593995,68.09336972,-12.83742977,0.18710347,1.004330764,0.67148904,0.637167383,0.5,0.5,25.46075193,89.28177285,79.94050927,0.092382811,43.41992188,23206.36914,0.471830613,0.894013711
2013/11/4,23189.61914,1033387800,23159.26719,23112.36934,23518.68818,22706.05049,80.44163885,23112.20686,23053.74582,58.46103528,66.16690283,-7.705867547,-0.258797711,0.385849622,0.376640081,0.379874402,0.5,0.458333333,33.59390469,81.11206418,79.6880085,0.410213336,-60.16992188,23249.78906,0.637167383,0.471830613
2013/11/5,23038.94922,1194252900,23197.74922,23115.61934,23518.48263,22712.75604,63.67923986,23100.93645,23052.64978,48.28667421,62.59085711,-14.3041829,-0.649730041,-0.433311923,-0.167090751,-0.304526193,0.416666667,0.458333333,53.959919,56.23589201,75.54324301,-1.290270374,-150.6699219,23189.61914,0.379874402,0.637167383
2013/11/6,23036.93945,1299946400,23144.3332,23108.52383,23511.68129,22705.36637,61.73282592,23091.09076,23051.48605,39.60471002,57.99362769,-18.38891767,-0.008723339,-0.578345523,-0.030966332,-0.322650931,0.333333333,0.416666667,54.2315785,55.90407213,64.41734278,-1.711785831,-2.009765625,23038.94922,-0.304526193,0.379874402
2013/11/7,22881.0293,1084952200,23079.26523,23100.87676,23515.05202,22686.7015,8.516547716,23058.77361,23038.85962,19.91398818,50.37769979,-30.46371161,-0.676783288,-0.94985132,-0.551113791,-0.937712227,0.333333333,0.375,75.30591394,14.96648854,42.36881756,-1.865504888,-155.9101563,23036.93945,-0.322650931,-0.304526193
2013/11/8,22744.39063,1167359000,22978.18555,23090.53125,23528.77195,22652.29055,7.911528675,23010.407,23017.0471,-6.640106613,38.97413851,-45.61424512,-0.597170128,-1.212077862,-1.053405699,-1.459218224,0.333333333,0.375,92.54419945,0,23.62352022,-1.111126774,-136.6386719,22881.0293,-0.937712227,-0.322650931
2013/11/11,23069.84961,1338415000,22954.23164,23083.10771,23517.45091,22648.76452,39.17146021,23019.55201,23020.9584,-1.40638604,30.8980336,-32.30441964,1.430941764,0.33221059,0.277384197,-0.066457661,0.416666667,0.416666667,38.66233699,58.15621401,24.37423418,1.024834202,325.4589844,22744.39063,-1.459218224,-0.937712227
2013/11/12,22901.41016,1114214800,22926.72383,23061.35225,23486.22881,22636.47568,34.6554833,23001.37634,23012.10297,-10.72663101,22.57310068,-33.29973169,-0.730128093,-0.191837361,-0.527937722,-0.746398997,0.416666667,0.375,66.47232577,31.06846393,29.74155931,0.894648304,-168.4394531,23069.84961,-0.066457661,-1.459218224
2013/11/13,22463.83008,2049895400,22812.10195,23023.12725,23513.54108,22532.71342,26.54560632,22918.67692,22971.49017,-52.81324934,7.495830673,-60.30908001,-1.910712376,-1.688192423,-2.307364312,-2.542510779,0.333333333,0.375,100,0,29.74155931,-1.50285575,-437.5800781,22901.41016,-0.746398997,-0.066457661
2013/11/14,22649.15039,1252607400,22765.72617,23000.84072,23516.06979,22485.61166,36.24224971,22877.2113,22947.61315,-70.40184846,-8.083705153,-62.3181433,0.824972019,-0.595976767,-1.430915941,-1.684815043,0.333333333,0.416666667,77.94303275,25.53363258,18.8673655,-0.863976252,185.3203125,22463.83008,-2.542510779,-0.746398997
2013/11/15,23032.15039,2032598700,22823.27813,22985.44326,23477.06243,22493.8241,54.61738055,22901.04808,22953.87517,-52.82708311,-17.03238074,-35.79470237,1.691012658,0.973340267,0.334827737,0.011382861,0.333333333,0.416666667,32.35807586,93.7792073,39.77094663,-1.16661909,383,22649.15039,-1.684815043,-2.542510779
2013/11/18,23660.06055,3971447800,22941.32031,22996.53877,23536.19598,22456.88156,71.51774346,23017.81923,23006.18519,11.63403705,-11.29909719,22.93313424,2.726233311,3.036739641,2.90071062,2.677821621,0.416666667,0.416666667,0,100,73.10427996,1.955029688,627.9101563,23032.15039,0.011382861,-1.684815043
2013/11/19,23657.81055,2973659300,23092.60039,23013.62979,23611.21469,22416.04488,66.29151947,23116.27943,23054.45374,61.82569487,3.325861226,58.49983365,-0.009509697,2.589142047,2.738996443,2.58838794,0.333333333,0.416666667,0.188090845,99.81190915,97.86370549,1.754947037,-2.25,23660.06055,2.677821621,0.011382861
2013/11/20,23700.85938,1932689900,23340.00625,23048.67529,23716.96748,22380.38311,73.80575175,23206.21481,23102.33564,103.8791715,23.43652329,80.44264825,0.181964548,2.185405674,2.735869272,2.662658338,0.416666667,0.458333333,0,100,99.93730305,2.204608154,43.04882813,23657.81055,2.58838794,2.677821621
2013/11/21,23580.28906,1620640500,23526.23398,23085.89873,23784.8503,22386.94716,90.98301536,23263.76469,23137.73959,126.0250993,43.95423849,82.07086082,-0.508717049,0.856438066,2.013751581,2.096137012,0.416666667,0.416666667,9.746762894,90.25323711,96.68838209,2.349672455,-120.5703125,23700.85938,2.662658338,2.58838794
2013/11/22,23696.2793,1689620800,23659.05977,23135.7957,23859.01557,22412.57584,90.49944251,23330.3054,23179.11291,151.1924962,65.40189003,85.79060615,0.491894879,0.601600444,2.272445646,2.550587145,0.5,0.416666667,0.370248153,99.62975185,96.62766298,2.862098262,115.9902344,23580.28906,2.096137012,2.662658338
2013/11/25,23684.44922,1513617400,23663.9375,23179.68916,23923.91223,22435.46609,85.38949135,23384.78907,23216.54523,168.2438408,85.97028019,82.27356063,-0.049923779,0.089412235,1.926858101,2.431333654,0.5,0.416666667,1.326577818,98.67342218,96.18547038,3.511292746,-11.83007813,23696.2793,2.550587145,2.096137012
2013/11/26,23681.2793,1505522100,23668.63125,23221.42617,23979.72743,22463.12491,53.57387231,23430.40295,23250.96997,179.4329764,104.6628194,74.77015699,-0.01338398,0.061062249,1.571940161,2.292033511,0.5,0.416666667,1.582830591,98.13826083,98.81381162,4.119207621,-3.169921875,23684.44922,2.431333654,2.550587145
2013/11/27,23806.34961,1588937200,23689.7293,23246.54268,24046.26776,22446.8176,67.69671811,23488.2409,23292.1092,196.1316919,122.9565939,73.17509799,0.528140017,0.484413782,1.840292767,2.652968236,0.5,0.458333333,0,100,98.93722767,3.192478549,125.0703125,23681.2793,2.292033511,2.431333654
2013/11/28,23789.08984,1333799400,23731.48945,23275.67871,24109.17333,22442.1841,61.19986909,23534.52535,23328.92258,205.6027647,139.4858281,66.11693663,-0.072500681,0.349276322,1.445436168,2.377912711,0.5,0.458333333,1.285624918,92.36498104,96.83441395,3.876091828,-17.25976563,23806.34961,2.652968236,2.292033511
2013/11/29,23881.28906,880337300,23768.49141,23307.25371,24181.29265,22433.21477,91.17427036,23587.87361,23369.83862,218.0349929,155.1956611,62.83933184,0.387569341,0.525469824,1.328203323,2.577020193,0.583333333,0.458333333,0,100,97.45499368,6.3099613,92.19921875,23789.08984,2.377912711,2.652968236
2013/12/2,24038.55078,1386380400,23839.31172,23349.70029,24277.56274,22421.83784,92.06969565,23657.20856,23419.37285,237.8357077,171.7236704,66.11203733,0.658514364,0.945049937,1.496842278,3.032700055,0.583333333,0.458333333,0,100,97.45499368,6.134448165,157.2617188,23881.28906,2.577020193,2.377912711
2013/12/3,23910.4707,1337937500,23885.15,23393.27637,24340.3311,22446.22163,71.60647804,23696.17197,23455.75047,240.4214956,185.4632354,54.95826019,-0.532811147,0.248621555,0.64502153,2.372854686,0.5,0.416666667,9.218370672,72.05088863,90.68362954,3.813453358,-128.0800781,24038.55078,3.032700055,2.577020193
2013/12/4,23728.69922,1523707900,23869.61992,23427.86436,24370.85633,22484.87238,53.37920783,23701.17616,23475.9689,225.2072624,193.4120408,31.79522155,-0.760217089,-0.546440513,-0.144140833,1.500019339,0.416666667,0.416666667,30.78810038,13.27279784,61.77456216,0.290103534,-181.7714844,23910.4707,2.372854686,3.032700055
2013/12/5,23712.57031,1204080200,23854.31602,23469.44141,24385.26073,22553.62208,42.08882137,23702.92911,23493.49493,209.4341781,196.6164683,12.81770985,-0.067972147,-0.548891633,-0.231174091,1.347434682,0.416666667,0.375,71.13412607,8.758330008,31.36067216,0.231465906,-16.12890625,23728.69922,1.500019339,2.372854686
2013/12/6,23743.09961,1705820500,23826.67813,23519.37686,24378.78879,22659.96492,46.20524275,23709.10918,23511.98416,197.1250198,196.7181786,0.406841235,0.128747312,-0.388828638,-0.117517218,1.377992995,0.416666667,0.416666667,64.47214764,17.30345555,13.1115278,0.178222375,30.52929688,23712.57031,1.347434682,1.500019339
2013/12/9,23811.16992,1294590800,23781.20195,23556.44287,24398.88397,22714.00177,43.97438092,23724.81084,23534.14607,190.6647638,195.5074956,-4.84273183,0.286695139,-0.054245517,0.087830773,1.529153859,0.5,0.458333333,49.61812215,30.24709111,18.76962556,0.979126502,68.0703125,23743.09961,1.377992995,1.347434682
2013/12/10,23744.18945,1030689800,23747.9457,23598.58184,24388.41753,22808.74614,20.0584872,23727.79216,23549.70484,178.0873205,192.0234606,-13.93614008,-0.281298521,-0.12973168,-0.210461616,1.116498264,0.416666667,0.458333333,64.23432639,9.699704018,19.08341689,0.202184299,-66.98046875,23811.16992,1.529153859,1.377992995
2013/12/11,23338.24023,1903525800,23669.85391,23642.30234,24252.39883,23032.20585,12.81463543,23667.8611,23534.0408,133.8202997,180.3828284,-46.56252871,-1.709678149,-1.441833214,-1.797470158,-0.692834194,0.416666667,0.458333333,100,0,13.31559838,-1.461756536,-405.9492188,23744.18945,1.116498264,1.529153859
2013/12/12,23218.11914,1713492700,23570.96367,23670.75078,24126.4882,23215.01337,13.93084113,23598.67003,23510.63919,88.03083378,161.9124295,-73.88159573,-0.514696449,-1.595476083,-2.143990165,-1.286874413,0.416666667,0.458333333,100,0,3.233234673,-1.955807161,-120.1210938,23338.24023,-0.692834194,1.116498264
2013/12/13,23245.96094,1522556000,23471.53594,23681.44131,24083.64354,23279.23908,17.57370107,23544.40709,23491.0334,53.37369373,140.2046823,-86.83098862,0.119914093,-1.151668814,-1.833435881,-1.199327097,0.416666667,0.458333333,96.60644525,4.021338058,1.340446019,-2.353946242,27.84179688,23218.11914,-1.286874413,-0.692834194
2013/12/16,23114.66016,1333076000,23332.23398,23654.17129,24126.34579,23181.99678,11.69283886,23478.29218,23463.1539,15.13828015,115.1914019,-100.0531218,-0.564832668,-1.270270651,-2.155688704,-1.794472951,0.416666667,0.458333333,100,0,1.340446019,-2.835037792,-131.3007813,23245.96094,-1.199327097,-1.286874413
2013/12/17,23069.23047,1411284400,23197.24219,23624.74229,24161.31754,23088.16703,3.490595838,23415.35961,23433.97438,-18.61477712,88.4301661,-107.0449432,-0.196540582,-0.941110578,-2.067461261,-2.092415828,0.333333333,0.458333333,100,0,1.340446019,-3.40039682,-45.4296875,23114.66016,-1.794472951,-1.199327097
2013/12/18,23143.82031,1295395100,23158.3582,23596.89033,24171.26695,23022.51371,12.72075463,23373.58433,23412.48149,-38.89715894,62.96470109,-101.86186,0.323330437,-0.19198542,-1.438847116,-1.861697987,0.333333333,0.458333333,92.30493339,10.05335994,3.35111998,-3.722064932,74.58984375,23069.23047,-2.092415828,-1.794472951
2013/12/19,22888.75,1958325000,23092.48438,23562.31338,24214.51248,22910.11428,15.65386877,23298.99443,23373.68656,-74.69213077,35.43333472,-110.1254655,-1.102109803,-0.972047705,-2.170374024,-2.918693057,0.333333333,0.416666667,100,0,3.35111998,-4.273109952,-255.0703125,23143.82031,-1.861697987,-2.092415828
2013/12/20,22812.17969,2123556900,23005.72813,23518.1084,24243.71027,22792.50652,16.77000361,23224.09986,23332.09346,-107.9936051,6.747946764,-114.7415518,-0.334532521,-1.013579805,-2.178312833,-3.098260905,0.333333333,0.375,100,0,3.35111998,-3.862493779,-76.5703125,22888.75,-2.918693057,-1.861697987
2013/12/23,22921.56055,1094500300,22967.1082,23479.96396,24245.67808,22714.24985,26.572237,23177.55535,23301.68362,-124.1282687,-19.42729634,-104.7009724,0.479484472,-0.305065079,-1.430653961,-2.506588123,0.416666667,0.416666667,89.050858,20.79244681,6.930815602,-3.33582465,109.3808594,22812.17969,-3.098260905,-2.918693057
2013/12/24,23179.55078,801469000,22989.17227,23454.87754,24225.42594,22684.32914,53.96142546,23177.86234,23292.63674,-114.7744023,-38.49671753,-76.27768476,1.125535209,0.769635318,-0.119510695,-1.318095383,0.416666667,0.416666667,63.22575726,84.69040415,35.16095032,-2.373526782,257.9902344,22921.56055,-2.506588123,-3.098260905
2013/12/27,23243.24023,850151200,23009.05625,23426.72207,24184.89452,22668.54962,60.39123569,23187.92048,23288.97774,-101.0572639,-51.00882681,-50.04843711,0.274765692,0.919276433,0.359593642,-0.987753915,0.416666667,0.458333333,56.8503743,99.37279375,68.2852149,-2.385139787,63.68945313,23179.55078,-1.318095383,-2.506588123
2013/12/30,23244.86914,1000190800,23080.28008,23399.51104,24142.62322,22656.39885,56.6102873,23196.68181,23285.71044,-89.0286272,-58.61278688,-30.41584032,0.007008086,0.852601902,0.547273828,-0.901415184,0.5,0.458333333,56.68731903,100,94.68773263,-2.102915804,1.62890625,23243.24023,-0.987753915,-1.318095383
2013/12/31,23306.39063,674177100,23179.12227,23370.76611,24080.85266,22660.67957,86.58499863,23213.56009,23287.2423,-73.68221362,-61.62667223,-12.05554139,0.264666942,0.81506073,0.824964573,-0.572361843,0.583333333,0.5,46.97363099,100,99.79093125,-0.136469627,61.52148438,23244.86914,-0.901415184,-0.987753915
