Date,Close,Volume,MA_5,MA_20,BBands_up,BBands_down,RSI,EMA_12,EMA_26,DIF,DEM,OSC,RDP,BIAS_6,BIAS_12,BIAS_24,PSY_12,PSY_24,W%R,%K,%D,PROC,MO,LAG,BIAS_6_L1,BIAS_24_L1,RDP_L1,RDP_L2,RDP_L3
2018/1/2,2695.810059,3367250000,2684.016064,2667.020032,2707.753203,2626.286861,61.89668984,2677.537404,2657.004731,20.53267268,21.86074824,-1.328075559,0.830336148,0.443632095,0.569005611,1.277533373,0.5,0.5,0,100,60.58095287,1.237770048,22.19995117,2673.610107,-0.313939902,0.592143463,-0.518315316,0.183399873,0.079094094
2018/1/3,2713.060059,3538660000,2690.528076,2670.701038,2714.023047,2627.379028,73.49033047,2683.002428,2661.156978,21.84545002,21.8576886,-0.012238575,0.639881877,0.900134551,1.020798293,1.78852988,0.583333333,0.5,0,100,66.66666667,2.302029351,17.25,2695.810059,0.443632095,1.277533373,0.830336148,-0.518315316,0.183399873
2018/1/4,2723.98999,3695260000,2698.802051,2675.422034,2720.33569,2630.508378,80.4765799,2689.308206,2665.811275,23.49693166,22.18553721,1.311394449,0.402863608,1.034267128,1.276367854,2.042399226,0.583333333,0.541666667,0,100,100,1.80057368,10.92993164,2713.060059,0.900134551,1.78852988,0.639881877,0.830336148,-0.518315316
2018/1/5,2743.149902,3236620000,2709.924023,2681.116028,2729.890625,2632.34143,84.24031333,2697.591544,2671.540062,26.05148226,22.95872622,3.092756044,0.703376744,1.365628322,1.821553589,2.607081617,0.583333333,0.541666667,0,100,100,1.969771016,19.15991211,2723.98999,1.034267128,2.042399226,0.402863608,0.639881877,0.830336148
2018/1/8,2747.709961,3242650000,2724.743994,2686.652527,2739.128258,2634.176796,84.17588818,2705.30207,2677.182277,28.11979317,23.99093961,4.12885356,0.166234393,1.159267724,1.782270289,2.608950665,0.666666667,0.583333333,0,100,100,2.470286483,4.560058594,2743.149902,1.365628322,2.607081617,0.703376744,0.402863608,0.639881877
2018/1/9,2751.290039,3453480000,2735.83999,2691.642029,2748.585715,2634.698343,100,2712.377142,2682.671741,29.70540147,25.13383198,4.57156949,0.13029316,0.810565762,1.688751111,2.564144414,0.75,0.625,0,100,100,2.688813626,3.580078125,2747.709961,1.159267724,2.608950665,0.166234393,0.703376744,0.402863608
2018/1/10,2748.22998,3576350000,2742.873975,2696.054028,2756.093926,2636.01413,94.77270832,2717.892963,2687.527907,30.36505685,26.18007695,4.184979892,-0.111222683,0.377112862,1.376875855,2.261590153,0.666666667,0.625,3.939316795,96.0606832,98.6868944,2.371326152,-3.060058594,2751.290039,0.810565762,2.564144414,0.13029316,0.166234393,0.703376744
2018/1/11,2767.560059,3641320000,2751.587988,2701.226526,2766.925157,2635.527895,94.9520741,2725.534055,2693.456214,32.07784086,27.35962974,4.718211123,0.703364648,0.748883295,1.826304174,2.76053616,0.75,0.666666667,0,100,98.6868944,3.138624548,19.33007813,2748.22998,0.377112862,2.261590153,-0.111222683,0.13029316,0.166234393
2018/1/12,2786.23999,3573970000,2760.206006,2707.396021,2780.299842,2634.492199,95.52427476,2734.87343,2700.329086,34.54434321,28.79657243,5.747770781,0.674960299,1.047256561,2.182310198,3.215783105,0.833333333,0.666666667,0,100,98.6868944,3.944786056,18.67993164,2767.560059,0.748883295,2.76053616,0.703364648,-0.111222683,0.13029316
2018/1/16,2776.419922,4325970000,2765.947998,2713.616516,2787.77531,2639.457722,78.18047215,2741.265198,2705.965445,35.29975307,30.09720856,5.202544511,-0.352448762,0.489035288,1.531113591,2.654064622,0.75,0.625,8.718883581,86.58092712,95.52697571,3.496574267,-9.820068359,2786.23999,1.047256561,3.215783105,0.674960299,0.703364648,-0.111222683
2018/1/17,2802.560059,3778050000,2776.202002,2719.954016,2801.41073,2638.497303,84.02174571,2750.695176,2713.120601,37.57457508,31.59268186,5.981893219,0.941505156,1.100631315,2.129056942,3.393466261,0.75,0.625,0,100,95.52697571,4.279750919,26.14013672,2776.419922,0.489035288,2.654064622,-0.352448762,0.674960299,0.703364648
2018/1/18,2798.030029,3681470000,2786.162012,2725.347522,2812.298494,2638.39655,78.6536395,2757.977461,2719.410188,38.5672729,32.98760007,5.579672827,-0.161638973,0.654355026,1.580170363,3.014276863,0.75,0.583333333,3.513013581,92.37499178,92.9853063,4.653629994,-4.530029297,2802.560059,1.100631315,3.393466261,0.941505156,-0.352448762,0.674960299
2018/1/19,2810.300049,3639430000,2794.71001,2731.789026,2823.728344,2639.849708,84.19075028,2766.02709,2726.142771,39.88431949,34.36694395,5.517375537,0.438523511,0.720921043,1.673454865,3.232514354,0.75,0.625,0,100,97.45833059,4.24696057,12.27001953,2798.030029,0.654355026,3.014276863,-0.161638973,0.941505156,-0.352448762
2018/1/22,2832.969971,3471780000,2804.056006,2739.475024,2838.024437,2640.925612,84.75179973,2776.325995,2734.055897,42.27009826,35.94757482,6.322523445,0.80667265,1.138247564,2.124429639,3.777827818,0.75,0.666666667,0,100,97.45833059,4.419729365,22.66992188,2810.300049,0.720921043,3.232514354,0.438523511,-0.161638973,0.941505156
2018/1/23,2839.129883,3519650000,2816.597998,2747.203015,2851.397097,2643.008933,82.41195956,2785.988131,2741.839155,44.14897663,37.58785518,6.561121451,0.217436548,1.040186968,1.993704129,3.744861866,0.75,0.666666667,0,100,100,4.226883836,6.159912109,2832.969971,1.138247564,3.777827818,0.80667265,0.438523511,-0.161638973
2018/1/24,2837.540039,4014070000,2823.593994,2754.913013,2861.847999,2647.978026,91.65773657,2793.919194,2748.928109,44.99108495,39.06850113,5.922583816,-0.05599757,0.618835255,1.649354643,3.454622486,0.666666667,0.625,1.38079315,97.77861163,99.25953721,3.440939798,-1.58984375,2839.129883,1.040186968,3.744861866,0.217436548,0.80667265,0.438523511
2018/1/25,2839.25,3835150000,2831.837988,2762.850513,2870.079995,2655.62103,87.49251557,2800.893164,2755.61862,45.27454465,40.30970983,4.964834811,0.06026209,0.461632446,1.433423223,3.269440578,0.666666667,0.666666667,0,100,99.25953721,3.331502974,1.709960938,2837.540039,0.618835255,3.454622486,-0.05599757,0.217436548,0.80667265
2018/1/26,2872.870117,3443230000,2844.352002,2772.363013,2883.131649,2661.594377,97.96225541,2811.966542,2764.303916,47.6626259,41.78029305,5.882332851,1.184119651,1.204555666,2.264361906,4.186557651,0.666666667,0.708333333,0,100,99.25953721,4.419020765,33.62011719,2839.25,0.461632446,3.269440578,0.06026209,-0.05599757,0.217436548
2018/1/29,2853.530029,3573830000,2848.464014,2780.662512,2889.624861,2671.700163,75.40255015,2818.360924,2770.913258,47.44766687,42.91376781,4.533899056,-0.673197433,0.268751726,1.259626108,3.221640986,0.666666667,0.666666667,15.51674156,74.15811708,91.38603903,3.831558842,-19.34008789,2872.870117,1.204555666,4.186557651,1.184119651,0.06026209,-0.05599757
2018/1/30,2822.429932,3990650000,2845.124023,2788.103503,2886.633601,2689.573406,44.36482204,2818.986926,2774.729307,44.25761805,43.18253786,1.075080189,-1.089881562,-0.762802913,-0.006231948,1.883060522,0.583333333,0.666666667,40.4686539,32.60271738,68.92027815,1.982608214,-31.10009766,2853.530029,0.268751726,3.221640986,-0.673197433,1.184119651,0.06026209
2018/1/31,2823.810059,4261280000,2842.378027,2794.503503,2884.479699,2704.527308,41.36816331,2819.728946,2778.364919,41.36402733,42.81883575,-1.454808425,0.048898537,-0.625063847,-0.068180996,1.713638011,0.583333333,0.708333333,46.58629883,21.59180918,42.78421455,1.348414655,1.380126953,2822.429932,-0.762802913,1.883060522,-1.089881562,-0.673197433,1.184119651
2018/2/1,2821.97998,3938450000,2838.924023,2799.9495,2882.420492,2717.478507,41.25647526,2820.075259,2781.595664,38.47959501,41.9509876,-3.471392597,-0.064808825,-0.59874963,-0.266947378,1.43556011,0.583333333,0.666666667,52.76312459,0,18.06484219,1.640964259,-1.830078125,2823.810059,-0.625063847,1.713638011,0.048898537,-1.089881562,-0.673197433
2018/2/2,2762.129883,4301130000,2816.775977,2801.856494,2878.791619,2724.92137,23.79017136,2811.160586,2780.153754,31.00683147,39.76215638,-8.75532491,-2.120854792,-2.264412126,-2.265766519,-0.826530751,0.5,0.625,100,0,7.197269728,-1.442615856,-59.85009766,2821.97998,-0.59874963,1.43556011,-0.064808825,0.048898537,-1.089881562
2018/2/5,2648.939941,5283460000,2775.857959,2797.145996,2896.230101,2698.061891,0.608815712,2786.203564,2770.434213,15.76935096,34.96359529,-19.19424434,-4.09792248,-5.015174875,-5.856975037,-4.855467367,0.5,0.625,100,0,0,-5.328394847,-113.1899414,2762.129883,-2.264412126,-0.826530751,-2.120854792,-0.064808825,0.048898537
2018/2/6,2695.139893,5891660000,2750.399951,2794.517493,2901.205301,2687.829684,18.76553861,2772.193768,2764.856856,7.336912462,29.43825873,-22.10134626,1.744092059,-2.435017914,-3.887227074,-3.195088216,0.5,0.625,79.36859067,20.63140933,6.877136442,-4.097788644,46.19995117,2648.939941,-5.015174875,-4.855467367,-4.09792248,-2.120854792,-0.064808825
2018/2/7,2681.659912,4626570000,2721.969922,2791.035986,2907.257538,2674.814435,20.16701677,2758.265482,2758.694119,-0.428636508,23.46487968,-23.89351619,-0.500158842,-2.091440387,-3.935980053,-3.633980909,0.416666667,0.583333333,85.38831554,14.61168446,11.74769793,-5.341039974,-13.47998047,2695.139893,-2.435017914,-3.195088216,1.744092059,-4.09792248,-2.120854792
2018/2/8,2581,5305440000,2673.773926,2782.674487,2929.930532,2635.418443,13.7823921,2730.99387,2745.531592,-14.53772186,15.86435937,-30.40208123,-3.753641976,-4.353382475,-6.823888968,-7.052215988,0.333333333,0.541666667,100,0,11.74769793,-9.09186594,-100.6599121,2681.659912,-2.091440387,-3.633980909,-0.500158842,1.744092059,-4.09792248
2018/2/9,2619.550049,5680070000,2645.257959,2775.273987,2938.802273,2611.745701,22.78655004,2713.848667,2736.199626,-22.35095895,8.221295706,-30.57225466,1.493609021,-1.695723469,-4.807931912,-5.488655737,0.416666667,0.541666667,86.79205353,15.87662762,10.16277069,-7.682358213,38.55004883,2581,-4.353382475,-7.052215988,-3.753641976,-0.500158842,1.744092059
2018/2/12,2656,4055790000,2646.669971,2768.761987,2940.206095,2597.31788,34.77463228,2704.948872,2730.258913,-25.31004081,1.515028403,-26.82506921,1.391458475,0.33817671,-2.944787061,-4.041273546,0.416666667,0.541666667,74.30363864,30.88834146,15.58832303,-6.454169235,36.44995117,2619.550049,-1.695723469,-5.488655737,1.493609021,-3.753641976,-0.500158842
2018/2/13,2662.939941,3472870000,2640.22998,2763.087988,2940.548511,2585.627466,52.88922165,2698.485959,2725.272322,-26.78636271,-4.145249819,-22.64111289,0.261292975,0.511753715,-2.065120165,-3.662410977,0.416666667,0.541666667,71.92588875,34.00280025,26.92258978,-7.30733264,6.939941406,2656,0.33817671,-4.041273546,1.391458475,1.493609021,-3.753641976
2018/2/14,2698.629883,4003740000,2643.623975,2757.891479,2936.50722,2579.275739,50.75290021,2698.508101,2723.298808,-24.79070662,-8.274341179,-16.51636544,1.340245826,1.836500352,-0.2791473,-2.298202476,0.5,0.583333333,59.697867,64.94228395,43.27780855,-5.428369244,35.68994141,2662.939941,0.511753715,-3.662410977,0.261292975,1.391458475,1.493609021
2018/2/15,2731.199951,3684910000,2673.663965,2754.549976,2932.536456,2576.563495,59.87404649,2703.537617,2723.884078,-20.34646113,-10.68876517,-9.657695964,1.206911276,2.745445496,1.208721149,-1.064762923,0.583333333,0.583333333,44.88682529,100,66.31502807,-3.232320471,32.57006836,2698.629883,1.836500352,-2.298202476,1.340245826,0.261292975,1.391458475
2018/2/16,2732.219971,3637460000,2696.197949,2750.645972,2926.987498,2574.304445,100,2707.950287,2724.501551,-16.55126484,-11.8612651,-4.689999735,0.037346937,1.81844853,1.533691344,-0.947051393,0.583333333,0.583333333,37.72087879,100,88.31409465,-3.243493223,1.020019531,2731.199951,2.745445496,-1.064762923,1.206911276,1.340245826,0.261292975
2018/2/20,2716.26001,3627610000,2708.249951,2744.810474,2917.556393,2572.064555,87.59233812,2709.228706,2723.891067,-14.66236132,-12.42148435,-2.240876975,-0.584138946,0.619304538,1.272152143,-1.436087612,0.583333333,0.583333333,44.29390176,89.44586428,96.48195476,-3.746304773,-15.95996094,2732.219971,1.81844853,-0.947051393,0.037346937,1.206911276,1.340245826
2018/2/21,2701.330078,3779400000,2715.927979,2737.920483,2905.998273,2569.842694,71.1605527,2708.013532,2722.219883,-14.20635042,-12.77845756,-1.427892859,-0.549650313,-0.213016439,0.906124482,-1.827587723,0.583333333,0.541666667,50.06635908,79.57287491,89.67291306,-2.201192821,-14.92993164,2716.26001,0.619304538,-1.436087612,-0.584138946,0.037346937,1.206911276
2018/2/22,2703.959961,3701270000,2716.993994,2731.241479,2893.468355,2569.014604,69.95140927,2707.389906,2720.867296,-13.47738997,-12.91824404,-0.559145926,0.097355108,-0.367486848,0.831668119,-1.591832796,0.666666667,0.583333333,32.11503313,74.91787578,81.31220499,2.077058021,2.629882813,2701.330078,-0.213016439,-1.827587723,-0.549650313,-0.584138946,0.037346937
2018/2/23,2747.300049,3189190000,2720.214014,2726.643982,2881.406441,2571.881523,72.03267883,2713.529928,2722.825277,-9.295349671,-12.19366517,2.898315498,1.602837635,0.927796768,2.282047793,0.081102316,0.666666667,0.583333333,0,100,84.83025023,1.93534133,43.34008789,2703.959961,-0.367486848,-1.591832796,0.097355108,-0.549650313,-0.584138946
2018/2/26,2779.600098,3424650000,2729.690039,2721.980481,2863.927229,2580.033733,71.96413892,2723.694569,2727.03082,-3.336250389,-10.42218221,7.085931824,1.175701534,1.812687863,3.171084129,1.339851326,0.75,0.583333333,0,100,91.63929193,3.652222458,32.30004883,2747.300049,0.927796768,0.081102316,1.602837635,0.097355108,-0.549650313
2018/2/27,2744.280029,3745080000,2735.294043,2716.517981,2845.622283,2587.413678,54.17360888,2726.861563,2728.308539,-1.446975773,-8.627140925,7.180165152,-1.270688844,0.445014041,1.348249443,0.196506805,0.75,0.541666667,17.78451712,56.37893709,85.4596457,6.326231278,-35.32006836,2779.600098,1.812687863,1.339851326,1.175701534,1.602837635,0.097355108
2018/2/28,2713.830078,4230660000,2737.794043,2711.087988,2830.703867,2591.47211,49.23572621,2724.856719,2727.23606,-2.379341045,-7.377580949,4.998239904,-1.109578864,-0.654776437,-0.066249569,-0.728424227,0.666666667,0.541666667,33.11681127,15.97035503,57.44976404,3.599092498,-30.44995117,2744.280029,0.445014041,0.196506805,-1.270688844,1.175701534,1.602837635
2018/3/1,2677.669922,4503970000,2732.536035,2703.780981,2812.300516,2595.261447,43.4350359,2717.597212,2723.564495,-5.967282528,-7.095521265,1.128238737,-1.332439954,-1.836788754,-1.463331256,-1.809340149,0.583333333,0.5,63.68643842,0,24.1164307,0.815885613,-36.16015625,2713.830078,-0.654776437,-0.728424227,-1.109578864,-1.270688844,1.175701534
2018/3/2,2691.25,3882450000,2721.326025,2697.244482,2791.280595,2603.20837,46.67540283,2713.543795,2721.170828,-7.627033497,-7.201823711,-0.425209786,0.507160274,-1.262266462,-1.049497401,-1.036731249,0.583333333,0.5,71.48060506,13.32292231,9.764425778,1.063112921,13.58007813,2677.669922,-1.836788754,-1.809340149,-1.332439954,-1.109578864,-1.270688844
2018/3/5,2720.939941,3710810000,2709.593994,2695.184985,2785.163296,2605.206675,42.57462784,2714.681663,2721.153726,-6.472062054,-7.05587138,0.583809326,1.103202653,-0.011823069,-0.026211981,0.258711126,0.583333333,0.541666667,50.2829399,42.45064742,18.59118991,0.826717985,29.68994141,2691.25,-1.262266462,-1.036731249,0.507160274,-1.332439954,-1.109578864
2018/3/6,2728.120117,3370690000,2706.362012,2699.143994,2787.589599,2610.698389,33.10806697,2716.749118,2721.669755,-4.920636649,-6.628824434,1.708187785,0.263885861,0.569120807,0.247058042,0.669041832,0.583333333,0.583333333,50.50514244,49.49485756,35.08947576,-0.112764867,7.180175781,2720.939941,-0.011823069,0.258711126,1.103202653,0.507160274,-1.332439954
2018/3/7,2726.800049,3393270000,2708.956006,2700.727002,2789.959094,2611.494909,42.61702751,2718.295415,2722.049776,-3.754361381,-6.053931823,2.299570442,-0.048387472,0.628529652,0.215183368,0.770635047,0.5,0.541666667,51.80021365,48.19978635,46.71509711,-0.198370627,-1.320068359,2728.120117,0.569120807,0.669041832,0.263885861,1.103202653,0.507160274
2018/3/8,2738.969971,3212320000,2721.216016,2703.592505,2793.866067,2613.318943,62.55734602,2721.476116,2723.303124,-1.827008228,-5.208547104,3.381538876,0.446307821,0.921592534,0.592486557,1.349928082,0.583333333,0.583333333,39.86074452,60.13925548,52.6112998,0.836074634,12.16992188,2726.800049,0.628529652,0.770635047,-0.048387472,0.263885861,1.103202653
2018/3/9,2786.570068,3364100000,2740.280029,2713.871008,2791.960676,2635.78134,98.81650977,2731.49057,2727.989564,3.501005687,-3.466636546,6.967642233,1.737883152,1.993394971,2.074375028,3.072432056,0.666666667,0.625,0,100,69.44634728,3.155482217,47.60009766,2738.969971,0.921592534,1.349928082,0.446307821,-0.048387472,0.263885861
2018/3/12,2783.02002,3185020000,2752.696045,2722.044507,2792.810321,2651.278693,95.20233967,2739.418178,2732.065894,7.352283285,-1.30285258,8.655135864,-0.127398513,1.296375299,1.698897438,2.728834984,0.583333333,0.625,3.259911894,96.74008811,85.62644786,2.92386203,-3.550048828,2786.570068,1.993394971,3.072432056,1.737883152,0.446307821,-0.048387472
2018/3/13,2765.310059,3301650000,2760.134033,2727.51001,2793.769498,2661.250522,74.77939332,2743.401544,2734.528425,8.873118897,0.732341716,8.140777181,-0.636357655,0.381577038,0.996337842,1.965067586,0.5,0.583333333,19.52248041,80.47751959,92.40586923,0.655553068,-17.70996094,2783.02002,1.296375299,2.728834984,-0.127398513,1.737883152,0.446307821
2018/3/14,2749.47998,3391360000,2764.67002,2731.837012,2791.654276,2672.019747,60.87789012,2744.336688,2735.635948,8.700740351,2.326021443,6.374718908,-0.572452195,-0.321871785,0.510322017,1.27584009,0.416666667,0.583333333,34.05880441,61.08889919,79.4355023,-1.08361333,-15.83007813,2765.310059,0.381577038,1.965067586,-0.636357655,-0.127398513,1.737883152
2018/3/15,2747.330078,3500330000,2766.342041,2734.272021,2792.425718,2676.118325,60.3676534,2744.79721,2736.50218,8.295030017,3.519823157,4.77520686,-0.078193053,-0.523211516,0.422399184,0.938973564,0.416666667,0.583333333,36.03300041,40.21040023,60.592273,0.111142041,-2.149902344,2749.47998,-0.321871785,1.27584009,-0.572452195,-0.636357655,-0.127398513
2018/3/16,2752.01001,5372340000,2759.430029,2735.312524,2793.951774,2676.673275,57.12414569,2745.906871,2737.650908,8.255963419,4.46705121,3.788912209,0.170344717,-0.432111464,0.476610768,0.906301714,0.5,0.583333333,31.73554831,42.17827121,47.82585688,1.406865225,4.679931641,2747.330078,-0.523211516,0.938973564,-0.078193053,-0.572452195,-0.636357655
2018/3/19,2712.919922,3302130000,2745.41001,2734.347522,2793.788329,2674.906715,5.637791941,2740.831956,2735.818983,5.012973023,4.576235572,0.43673745,-1.420419539,-1.408537554,-1.056694249,-0.613418042,0.5,0.541666667,67.63089754,0,27.46289048,1.316443065,-39.09008789,2752.01001,-0.432111464,0.906301714,0.170344717,-0.078193053,-0.572452195
2018/3/20,2716.939941,3261030000,2735.735986,2734.381519,2793.781671,2674.981366,10.42160183,2737.156261,2734.420535,2.735726002,4.208133658,-1.472407656,0.148180545,-0.865667894,-0.987387055,-0.54812238,0.5,0.541666667,63.93942451,5.458264135,15.87884511,0.954572834,4.020019531,2712.919922,-1.408537554,-0.613418042,-1.420419539,0.170344717,-0.078193053
2018/3/21,2711.929932,3415510000,2728.225977,2734.911511,2793.303204,2676.519819,12.29153373,2733.275288,2732.754565,0.520722845,3.470651496,-2.949928651,-0.184398988,-0.726210156,-1.142915622,-0.751643162,0.416666667,0.5,78.30474527,0,1.819421378,-0.331135929,-5.010009766,2716.939941,-0.865667894,-0.54812238,0.148180545,-1.420419539,0.170344717
2018/3/22,2643.689941,3739800000,2707.497949,2731.89801,2801.510798,2662.285222,7.06222527,2719.492927,2726.157185,-6.664258597,1.443669477,-8.107928074,-2.516288841,-2.595547144,-3.382645621,-3.119739888,0.333333333,0.458333333,100,0,1.819421378,-3.094811524,-68.23999023,2711.929932,-0.726210156,-0.751643162,-0.184398988,0.148180545,-1.420419539
2018/3/23,2588.26001,3815080000,2674.747949,2723.946008,2817.069225,2630.822792,4.929989582,2699.303247,2715.94258,-16.63933252,-2.172930923,-14.4664016,-2.096688071,-3.697128545,-5.007610366,-4.942066143,0.333333333,0.416666667,100,0,0,-5.080681993,-55.42993164,2643.689941,-2.595547144,-3.119739888,-2.516288841,-0.184398988,0.148180545
2018/3/26,2658.550049,3511100000,2663.873975,2717.893506,2811.495071,2624.291941,30.69647828,2693.033524,2711.691281,-18.65775676,-5.469896089,-13.18786067,2.715725576,-0.505164908,-2.187298273,-2.2742499,0.333333333,0.458333333,64.5554847,42.92521469,14.3084049,-2.936137407,70.29003906,2588.26001,-3.697128545,-4.942066143,-2.096688071,-2.516288841,-0.184398988
2018/3/27,2612.620117,3706350000,2643.01001,2711.31051,2814.582758,2608.038262,29.85299772,2680.662231,2704.352676,-23.69044543,-9.114005957,-14.57643947,-1.727630881,-1.608520262,-3.361742905,-3.831926051,0.25,0.458333333,87.71615137,14.87640148,19.26720539,-6.242439519,-45.92993164,2658.550049,-0.505164908,-2.2742499,2.715725576,-2.096688071,-2.516288841
2018/3/28,2605,3864500000,2621.624023,2705.869006,2819.031865,2592.706147,27.83543229,2669.021888,2696.993219,-27.97133113,-12.88547099,-15.08586014,-0.291665717,-1.201323942,-3.11194766,-3.96665985,0.25,0.416666667,91.55867819,10.2228948,22.67483699,-6.396648902,-7.620117188,2612.620117,-1.608520262,-3.831926051,-1.727630881,2.715725576,-2.096688071
2018/3/29,2640.870117,3565990000,2621.060059,2704.029016,2820.124769,2587.933263,37.46210343,2664.690846,2692.835952,-28.14510596,-15.93739799,-12.20770797,1.376971869,0.611026277,-1.397524207,-2.484889254,0.333333333,0.416666667,72.98721258,40.88446951,21.9945886,-4.500035756,35.87011719,2605,-1.201323942,-3.96665985,-0.291665717,-1.727630881,2.715725576
2018/4/2,2581.879883,3598520000,2619.784033,2698.56051,2826.271227,2570.849794,38.7261564,2651.950698,2684.616984,-32.66628606,-19.2831756,-13.38311046,-2.233742356,-1.248796002,-3.094712268,-4.372222203,0.333333333,0.375,100,0,17.0357881,-6.095701691,-58.99023438,2640.870117,0.611026277,-2.484889254,1.376971869,-0.291665717,-1.727630881
2018/4/3,2614.449951,3392810000,2610.964014,2693.236011,2825.566564,2560.905457,55.21150326,2646.181352,2679.419426,-33.23807373,-22.07415523,-11.1639185,1.261486585,-0.169730681,-1.462730317,-2.971483795,0.416666667,0.416666667,80.85579025,25.04425692,21.97624215,-4.836700476,32.57006836,2581.879883,-1.248796002,-4.372222203,-2.233742356,1.376971869,-0.291665717
2018/4/4,2644.689941,3350340000,2617.377979,2689.064502,2821.992052,2556.136952,46.7190424,2645.951904,2676.846872,-30.89496713,-23.83831761,-7.056649526,1.156648274,1.074107654,0.014116729,-1.744155043,0.416666667,0.458333333,63.08116633,81.92242414,35.65556036,-3.899697602,30.23999023,2614.449951,-0.169730681,-2.971483795,1.261486585,-2.233742356,1.376971869
2018/4/5,2662.840088,3178970000,2628.945996,2685.866504,2818.084409,2553.648599,63.68834121,2648.550086,2675.809332,-27.25924553,-24.52250319,-2.736742337,0.686286366,1.443266311,0.85967897,-1.047122301,0.5,0.5,52.41277572,100,68.98889369,-1.845975385,18.15014648,2644.689941,1.074107654,-1.744155043,1.156648274,1.261486585,-2.233742356
2018/4/6,2604.469971,3299700000,2621.665967,2679.141504,2813.535534,2544.747474,49.88683809,2641.76853,2670.524935,-28.75640467,-25.36928349,-3.387121181,-2.192024878,-0.777056151,-0.999739783,-3.085973746,0.416666667,0.458333333,83.27404258,27.90270586,69.94171,-4.139582513,-58.37011719,2662.840088,1.443266311,-1.047122301,0.686286366,1.156648274,1.261486585
2018/4/9,2613.159912,3062960000,2627.921973,2670.470996,2798.23476,2542.707232,43.30705318,2637.367204,2666.275674,-28.90846958,-26.07712071,-2.831348877,0.33365489,-0.270523176,-0.357671809,-2.59985301,0.5,0.458333333,76.83991135,38.63630195,55.51300261,-3.64205647,8.689941406,2604.469971,-0.777056151,-3.085973746,-2.192024878,0.686286366,1.156648274
2018/4/10,2656.870117,3543930000,2636.406006,2664.163501,2781.073644,2547.253358,69.55615997,2640.367652,2665.578966,-25.21131355,-25.90395927,0.692645727,1.672695378,0.916284659,1.266629255,-0.860943887,0.583333333,0.458333333,42.33740391,92.62604301,53.05501694,0.498552254,43.71020508,2613.159912,-0.270523176,-2.59985301,0.33365489,-2.192024878,0.686286366
2018/4/11,2642.189941,3020760000,2635.906006,2658.007495,2765.556731,2550.458259,57.97857176,2640.648005,2663.846446,-23.19844106,-25.36285563,2.16441457,-0.552536448,0.182755787,0.534883003,-1.278857256,0.583333333,0.458333333,25.50653925,74.49346075,68.58526857,2.083636553,-14.68017578,2656.870117,0.916284659,-0.860943887,1.672695378,0.33365489,-2.192024878
2018/4/12,2663.98999,3021320000,2636.135986,2653.732996,2752.866581,2554.59941,55.83433336,2644.239079,2663.857079,-19.61799928,-24.21388436,4.59588508,0.825075006,0.886292451,1.346889798,-0.348010621,0.583333333,0.458333333,0,100,89.03983459,0.204620613,21.80004883,2642.189941,0.182755787,-1.278857256,-0.552536448,1.672695378,0.33365489
2018/4/13,2656.300049,2960910000,2646.502002,2649.181494,2738.589761,2559.773227,47.88949886,2646.094613,2663.297299,-17.20268553,-22.8116446,5.608959067,-0.288662549,0.636613247,0.914595491,-0.43350645,0.583333333,0.416666667,9.365401712,87.0800758,87.19117885,1.671882236,-7.689941406,2663.98999,0.886292451,-0.348010621,0.825075006,-0.552536448,1.672695378
2018/4/16,2677.840088,3019700000,2659.438037,2645.472998,2722.85742,2568.088576,81.05998594,2650.978532,2664.374542,-13.39600998,-20.92851767,7.532507693,0.810903839,0.984833324,1.498855812,0.539037343,0.666666667,0.458333333,0,100,95.6933586,2.796164602,21.54003906,2656.300049,0.636613247,-0.43350645,-0.288662549,0.825075006,-0.552536448
2018/4/17,2706.389893,3234360000,2669.341992,2645.146497,2721.437246,2568.855747,83.78627067,2659.503357,2667.48679,-7.983433491,-18.33950084,10.35606735,1.06615047,1.466917254,2.369132333,1.704678817,0.666666667,0.5,0,100,95.6933586,2.480991964,28.54980469,2677.840088,0.984833324,0.539037343,0.810903839,-0.288662549,0.825075006
2018/4/18,2708.639893,3383410000,2682.631982,2644.731494,2719.531307,2569.931681,76.82093573,2667.062824,2670.535168,-3.472344408,-15.36606955,11.89372514,0.08313658,1.223825726,2.046503703,1.854366294,0.75,0.541666667,0,100,100,4.909601357,2.25,2706.389893,1.466917254,1.704678817,1.06615047,0.810903839,-0.288662549
2018/4/19,2693.129883,3349370000,2688.459961,2643.791492,2715.60258,2571.980403,76.16602793,2671.073141,2672.208851,-1.135710214,-12.51999768,11.38428747,-0.572612469,0.325894434,1.212159878,1.357209621,0.666666667,0.541666667,12.23572781,83.75574682,94.58524894,3.009425811,-15.51000977,2708.639893,1.223825726,1.854366294,0.08313658,1.06615047,0.810903839
2018/4/20,2670.139893,3388590000,2691.22793,2645.113989,2717.837315,2572.390664,53.12083414,2670.929564,2672.055595,-1.126030676,-10.24120428,9.115173605,-0.85365323,-0.568506964,0.268241026,0.62115217,0.583333333,0.5,36.95884504,42.06165795,75.27246826,0.962303776,-22.98999023,2693.129883,0.325894434,1.357209621,-0.572612469,0.08313658,1.06615047
2018/4/23,2670.290039,3017480000,2689.71792,2649.215491,2717.784321,2580.64666,57.68765344,2670.831176,2671.924813,-1.093637237,-8.411690873,7.318053635,0.005623169,-0.649179361,0.250507695,0.694210698,0.583333333,0.541666667,36.81470892,42.2876122,56.03500566,0.279774636,0.150146484,2670.139893,-0.568506964,0.62115217,-0.85365323,-0.572612469,0.08313658
2018/4/24,2634.560059,3706740000,2675.351953,2648.015991,2716.728864,2579.303119,29.42571904,2665.251004,2669.157053,-3.906049512,-7.510562601,3.604513088,-1.338056164,-1.714771749,-1.183925034,-0.524376857,0.583333333,0.5,71.1144183,0,28.11642338,1.155324816,-35.72998047,2670.290039,-0.649179361,0.694210698,0.005623169,-0.85365323,-0.572612469
2018/4/25,2639.399902,3499440000,2661.503955,2649.35498,2716.277033,2582.432928,8.886697972,2661.273911,2666.95282,-5.678908636,-7.144231808,1.465323172,0.183705956,-1.122368019,-1.08352198,-0.227786376,0.583333333,0.541666667,66.46831349,6.533281042,16.27363108,1.004147894,4.83984375,2634.560059,-1.714771749,-0.524376857,-1.338056164,0.005623169,-0.85365323
2018/4/26,2666.939941,3665720000,2656.265967,2652.451978,2716.550096,2588.353859,30.47023822,2662.145608,2666.951866,-4.806257727,-6.676636992,1.870379265,1.043420477,0.170146172,-0.082829944,0.77635322,0.583333333,0.583333333,43.67402566,43.709443,16.74757468,0.379010782,27.54003906,2639.399902,-1.122368019,-0.227786376,0.183705956,-1.338056164,0.005623169
2018/4/27,2669.909912,3219030000,2656.219971,2653.903967,2718.202208,2589.605727,37.67778713,2663.340116,2667.17098,-3.830863964,-6.107482386,2.276618422,0.111362489,0.427676642,-0.058053743,0.759049223,0.666666667,0.625,52.28140829,47.71859171,32.65377192,1.049128614,2.969970703,2666.939941,0.170146172,0.77635322,1.043420477,0.183705956,-1.338056164
2018/4/30,2648.050049,3734530000,2651.771973,2657.212476,2712.528285,2601.896666,38.13520205,2660.987798,2665.754615,-4.76681676,-5.839349261,1.072532501,-0.818749096,-0.256445633,-0.827015816,-0.049412039,0.583333333,0.583333333,81.78992918,18.21007082,36.54603518,-0.598348397,-21.85986328,2669.909912,0.427676642,0.759049223,0.111362489,1.043420477,0.183705956
2018/5/1,2654.800049,3559850000,2655.819971,2659.22998,2710.988986,2607.470975,42.23089714,2660.035837,2664.943166,-4.907328873,-5.652945183,0.74561631,0.254904548,0.095140784,-0.569564617,0.138937699,0.666666667,0.625,72.6781377,34.55702745,33.49522999,-0.056469524,6.75,2648.050049,-0.256445633,-0.049412039,-0.818749096,0.111362489,1.043420477
2018/5/2,2635.669922,4010770000,2655.073975,2658.778979,2711.189988,2606.367971,50.6678694,2656.287235,2662.774777,-6.487542749,-5.819864697,-0.667678053,-0.720586357,-0.633061273,-1.155951317,-0.630548718,0.583333333,0.625,98.50180107,3.106252135,18.62445014,-1.574782834,-19.13012695,2654.800049,0.095140784,0.138937699,0.254904548,-0.818749096,0.111362489
2018/5/3,2629.72998,3851470000,2647.631982,2657.123474,2710.988318,2603.258631,44.25708005,2652.201503,2660.327015,-8.125511422,-6.280994042,-1.84451738,-0.225367424,-0.796725402,-1.141871472,-0.837141466,0.5,0.583333333,100,0,12.55442653,-2.832552409,-5.939941406,2635.669922,-0.633061273,-0.630548718,-0.720586357,0.254904548,-0.818749096
2018/5/4,2663.419922,3327220000,2646.333984,2660.070972,2708.238608,2611.903336,48.05179012,2653.927414,2660.556119,-6.628705097,-6.350536253,-0.278168844,1.281117896,0.496426758,0.266656438,0.304746953,0.5,0.625,57.30581811,83.84768224,28.98464479,-1.669471487,33.68994141,2629.72998,-0.796725402,-0.837141466,-0.225367424,-0.720586357,0.254904548
2018/5/7,2672.629883,3237960000,2651.249951,2663.04447,2706.35925,2619.72969,51.40814629,2656.804717,2661.450472,-4.645755052,-6.009580013,1.363824961,0.34579455,0.826691485,0.67812081,0.559789915,0.583333333,0.625,45.63433009,100,61.28256075,-0.761196114,9.209960938,2663.419922,0.496426758,0.304746953,1.281117896,-0.225367424,-0.720586357
2018/5/8,2671.919922,3717570000,2654.673926,2663.79696,2707.179392,2620.414529,65.82254718,2659.130133,2662.225987,-3.095853694,-5.426834749,2.330981055,-0.026564132,0.648849526,0.645752641,0.490178269,0.583333333,0.583333333,33.45424859,98.34507563,94.06425262,0.066664271,-0.709960938,2672.629883,0.826691485,0.559789915,0.34579455,1.281117896,-0.225367424
2018/5/9,2697.790039,3909500000,2667.097949,2666.576965,2711.173545,2621.980386,72.73398627,2665.077811,2664.860361,0.217449922,-4.297977815,4.515427737,0.968222026,1.349811603,1.532581633,1.407606288,0.583333333,0.583333333,0,100,99.44835854,1.029850675,25.87011719,2671.919922,0.648849526,0.490178269,-0.026564132,0.34579455,1.281117896
2018/5/10,2723.070068,3333050000,2685.765967,2669.530969,2720.431912,2618.630026,93.39632019,2673.999697,2669.172191,4.827505521,-2.472881148,7.300386668,0.937064372,1.742750277,2.200306441,2.168080408,0.666666667,0.625,0,100,99.44835854,3.35957457,25.2800293,2697.790039,1.349811603,1.407606288,0.968222026,-0.026564132,0.34579455
2018/5/11,2727.719971,2862700000,2698.625977,2673.101965,2729.51188,2616.692051,99.2858248,2682.264354,2673.509064,8.755290515,-0.227246815,8.98253733,0.170759555,1.298359007,2.092811809,2.159581597,0.666666667,0.625,0,100,100,3.346217763,4.649902344,2723.070068,1.742750277,2.168080408,0.937064372,0.968222026,-0.026564132
2018/5/14,2730.129883,2972660000,2710.125977,2675.716455,2737.366134,2614.066776,98.95793019,2689.628282,2677.703198,11.92508325,2.203219198,9.721864054,0.088348956,0.970948709,1.982014547,2.133076925,0.666666667,0.625,0,100,100,2.369379993,2.409912109,2727.719971,1.298359007,2.159581597,0.170759555,0.937064372,0.968222026
2018/5/15,2711.449951,3290680000,2718.031982,2675.969458,2738.159743,2613.779173,75.01297786,2692.985462,2680.202958,12.78250372,4.319076102,8.463427616,-0.684214028,0.040707419,1.153439646,1.324879876,0.583333333,0.625,18.6055277,81.3944723,93.79815743,1.555859202,-18.67993164,2730.129883,0.970948709,2.133076925,0.088348956,0.170759555,0.937064372
2018/5/16,2722.459961,3202670000,2722.965967,2676.660461,2740.570738,2612.750185,78.74863209,2697.52,2683.333106,14.18689371,6.292639624,7.894254085,0.406056168,0.135722482,1.329775066,1.643778476,0.666666667,0.625,7.639371848,88.50258377,89.96568536,2.809988888,11.01000977,2711.449951,0.040707419,1.324879876,-0.684214028,0.088348956,0.170759555
2018/5/17,2720.129883,3475400000,2722.37793,2678.010461,2744.349765,2611.671158,67.35541579,2700.998443,2686.058793,14.93965008,8.022041714,6.917608363,-0.085587232,-0.086810253,1.038314769,1.456042583,0.583333333,0.625,9.960169051,82.82080964,84.23928857,2.460819376,-2.330078125,2722.459961,0.135722482,1.643778476,0.406056168,-0.684214028,0.088348956
2018/5/18,2712.969971,3368690000,2719.42793,2680.151965,2748.082837,2612.221093,39.07855416,2702.840217,2688.052214,14.78800296,9.375233963,5.412768996,-0.263219494,-0.288148235,0.531816028,1.133776406,0.583333333,0.583333333,17.09156255,70.52066033,80.61468458,2.932842546,-7.159912109,2720.129883,-0.086810253,1.456042583,-0.085587232,0.406056168,-0.684214028
2018/5/21,2733.01001,3019890000,2720.003955,2683.287964,2754.804455,2611.771473,54.29178089,2707.481723,2691.382421,16.09930246,10.72004766,5.379254797,0.7386753,0.41585902,0.952453341,1.838718799,0.666666667,0.583333333,0,100,84.44715665,3.927400534,20.04003906,2712.969971,-0.288148235,1.133776406,-0.263219494,-0.085587232,0.406056168
2018/5/22,2724.439941,3366310000,2722.601953,2687.781958,2757.765098,2617.798818,45.80326145,2710.09068,2693.831126,16.25955385,11.8279489,4.431604952,-0.313576179,0.135869315,0.447219703,1.494479017,0.583333333,0.541666667,8.297894973,60.25025478,76.92363837,2.291040141,-8.570068359,2733.01001,0.41585902,1.838718799,0.7386753,-0.263219494,-0.085587232
2018/5/23,2733.290039,3326290000,2724.767969,2692.476465,2761.436734,2623.516196,68.84058887,2713.659812,2696.754009,16.90580357,12.84351983,4.062283738,0.324840989,0.326926768,0.586048225,1.760739593,0.583333333,0.583333333,0,100,86.75008493,2.269680386,8.850097656,2724.439941,0.135869315,1.494479017,-0.313576179,0.7386753,-0.263219494
2018/5/24,2727.76001,3256030000,2726.293994,2695.517468,2765.066665,2625.968271,55.04956759,2715.829073,2699.050749,16.77832391,13.63048065,3.14784326,-0.20232135,0.091490773,0.210935364,1.464163654,0.583333333,0.583333333,9.010947918,74.67945493,78.30990324,2.089886281,-5.530029297,2733.290039,0.326926768,1.760739593,0.324840989,-0.313576179,0.7386753
2018/5/25,2721.330078,2995260000,2727.966016,2698.088477,2767.462529,2628.714424,51.06061652,2716.675382,2700.70107,15.97431169,14.09924686,1.875064833,-0.235722044,-0.15177572,-0.097280537,1.144979087,0.5,0.541666667,19.48824849,45.23849447,73.30598314,0.872567499,-6.429931641,2727.76001,0.091490773,1.464163654,-0.20232135,0.324840989,-0.313576179
2018/5/29,2689.860107,3736890000,2719.336035,2700.178979,2765.814723,2634.543236,35.7152774,2712.549955,2699.898036,12.65191914,13.80978131,-1.157862177,-1.156418729,-1.166767641,-1.152147305,-0.110226139,0.416666667,0.541666667,100,0,39.9726498,-1.219577907,-31.4699707,2721.330078,-0.15177572,1.144979087,-0.235722044,-0.20232135,0.324840989
2018/5/30,2724.01001,3561050000,2719.250049,2703.639478,2766.582982,2640.695973,45.26315789,2714.31304,2701.684108,12.62893235,13.57361152,-0.944679174,1.269579122,0.143191696,0.114178605,1.025691853,0.416666667,0.541666667,21.36781926,78.63218074,41.29022507,-0.136009597,34.14990234,2689.860107,-1.166767641,-0.110226139,-1.156418729,-0.235722044,-0.20232135
2018/5/31,2705.27002,4235370000,2713.646045,2707.119482,2761.800399,2652.438566,40.88621465,2712.921806,2701.949731,10.9720753,13.05330428,-2.081228976,-0.687955997,-0.428795262,-0.498804162,0.271287514,0.333333333,0.5,64.51776108,35.48223892,38.03813989,-0.910574381,-18.73999023,2724.01001,0.143191696,1.025691853,1.269579122,-1.156418729,-0.235722044
2018/6/1,2734.620117,3684130000,2715.018066,2712.363989,2755.182364,2669.545615,50.5291951,2716.260008,2704.36976,11.89024836,12.82069309,-0.93044473,1.084923037,0.643263964,0.509327989,1.257959366,0.416666667,0.5,0,100,71.37147322,0.85453047,29.35009766,2705.27002,-0.428795262,0.271287514,-0.687955997,1.269579122,-1.156418729
2018/6/4,2746.870117,3376510000,2720.126074,2716.536499,2755.559621,2677.513377,57.21735891,2720.969256,2707.517934,13.4513213,12.94681873,0.504502562,0.447959844,0.975742187,0.884143328,1.556717369,0.416666667,0.541666667,0,100,78.49407964,0.896621313,12.25,2734.620117,0.643263964,1.257959366,1.084923037,-0.687955997,1.269579122
2018/6/5,2748.800049,3517790000,2731.914063,2720.345007,2756.225563,2684.464452,60.73969575,2725.250916,2710.575869,14.67504738,13.29246446,1.38258292,0.070259297,0.876910506,0.866516177,1.481119457,0.5,0.541666667,0,100,100,1.053999892,1.929931641,2746.870117,0.975742187,1.556717369,0.447959844,1.084923037,-0.687955997
2018/6/6,2772.350098,3651640000,2741.58208,2725.366516,2760.841298,2689.891734,84.37943252,2732.496944,2715.151738,17.34520651,14.10301287,3.242193634,0.856739247,1.230411119,1.546293259,2.135807312,0.583333333,0.583333333,0,100,100,2.188749879,23.55004883,2748.800049,0.876910506,1.481119457,0.070259297,0.447959844,1.084923037
2018/6/7,2770.370117,3711330000,2754.6021,2728.99552,2767.189157,2690.801883,76.40095765,2738.323586,2719.241988,19.08159819,15.09872994,3.982868251,-0.071418847,0.873514596,1.358185009,1.842996546,0.5,0.583333333,2.400267551,97.59973245,99.19991082,1.366994899,-1.979980469,2772.350098,1.230411119,2.135807312,0.856739247,0.070259297,0.447959844
2018/6/8,2779.030029,3123210000,2763.484082,2731.793518,2775.623952,2687.963084,97.45241738,2744.586116,2723.670732,20.91538411,16.26206077,4.653323337,0.312590439,0.737912937,1.506075898,1.980756989,0.583333333,0.583333333,0,100,99.19991082,2.003717794,8.659912109,2770.370117,0.873514596,1.842996546,-0.071418847,0.856739247,0.070259297
2018/6/11,2782,3232330000,2770.510059,2734.50752,2783.420331,2685.594708,96.14338431,2750.342098,2727.991418,22.35067975,17.47978457,4.870895186,0.106870767,0.557727846,1.464121585,1.919305642,0.583333333,0.583333333,0,100,99.19991082,1.782099969,2.969970703,2779.030029,0.737912937,1.980756989,0.312590439,-0.071418847,0.856739247
2018/6/12,2786.850098,3401010000,2778.120068,2737.34353,2791.236087,2683.450974,95.4938937,2755.958713,2732.35132,23.60739291,18.70530624,4.902086674,0.174338521,0.491004444,1.4588,1.918187643,0.666666667,0.625,0,100,100,2.166249512,4.850097656,2782,0.557727846,1.919305642,0.106870767,0.312590439,-0.071418847
2018/6/13,2775.629883,3779230000,2778.776025,2740.552527,2795.527889,2685.577164,75.2016915,2758.985047,2735.55714,23.42790724,19.64982644,3.778080805,-0.402612787,-0.074707523,0.884119668,1.387594088,0.666666667,0.583333333,11.56842558,78.51767368,92.83922456,1.995340629,-11.22021484,2786.850098,0.491004444,1.918187643,0.174338521,0.106870767,0.312590439
2018/6/14,2782.48999,3526890000,2781.2,2743.554028,2800.760116,2686.347941,63.87495072,2762.601192,2739.033647,23.56754491,20.43337013,3.134174776,0.247154978,0.111354114,0.850510102,1.546343541,0.75,0.583333333,4.495420003,89.09427326,89.20398231,3.443669154,6.860107422,2775.629883,-0.074707523,1.387594088,-0.402612787,0.174338521,0.106870767
2018/6/15,2779.659912,5428790000,2781.325977,2746.53053,2804.737806,2688.323253,62.422707,2765.225611,2742.043,23.18261041,20.98321819,2.199392221,-0.101710272,-0.046150044,0.578877278,1.363003285,0.666666667,0.541666667,7.413327426,81.10334739,82.90509811,2.04294045,-2.830078125,2782.48999,0.111354114,1.546343541,0.247154978,-0.402612787,0.174338521
2018/6/18,2773.75,3287150000,2779.675977,2749.569531,2806.788956,2692.350106,42.37879439,2766.537055,2744.391667,22.14538827,21.2156522,0.929736072,-0.212612776,-0.227092447,0.158217756,1.080499382,0.666666667,0.5,16.05796165,20.50902195,63.56888087,2.531354725,-5.909912109,2779.659912,-0.046150044,1.363003285,-0.101710272,0.247154978,-0.402612787
2018/6/19,2762.590088,3661470000,2774.823975,2751.048535,2808.007961,2694.089109,27.34092218,2765.929829,2745.739698,20.19013136,21.01054803,-0.820416677,-0.402340229,-0.51275192,-0.328647153,0.595697647,0.583333333,0.5,29.7376643,0,33.87078978,1.022810098,-11.15991211,2773.75,-0.227092447,1.080499382,-0.212612776,-0.101710272,0.247154978
2018/6/20,2767.320068,3327600000,2773.162012,2753.192542,2809.204489,2697.180594,27.13657747,2766.143712,2747.338244,18.80546832,20.56953209,-1.764063769,0.171215429,-0.225458442,-0.219343956,0.699393826,0.583333333,0.5,37.39237335,19.49702624,13.3353494,0.744481912,4.729980469,2762.590088,-0.51275192,0.595697647,-0.402340229,-0.212612776,-0.101710272
2018/6/21,2749.76001,3300060000,2766.616016,2754.01604,2809.313058,2698.719022,23.62910571,2763.623143,2747.517634,16.10550864,19.6767274,-3.57121876,-0.634551052,-0.70421905,-0.855362911,0.015472642,0.5,0.5,92.77165085,0,6.499008745,0.034922909,-17.56005859,2767.320068,-0.225458442,0.699393826,0.171215429,-0.402340229,-0.212612776
2018/6/22,2754.879883,5450550000,2761.66001,2755.372034,2809.341273,2701.402795,20.81989462,2762.278026,2748.062986,14.21503998,18.58438992,-4.369349941,0.186193451,-0.353754556,-0.618595005,0.138091957,0.5,0.541666667,84.02148178,13.80388491,11.10030372,-0.630159043,5.119873047,2749.76001,-0.70421905,0.015472642,-0.634551052,0.171215429,-0.402340229
2018/6/25,2717.070068,3655080000,2750.324023,2755.159033,2809.694659,2700.623408,11.96975001,2755.322955,2745.767214,9.555741265,16.77866019,-7.222918921,-1.372466897,-1.349135937,-1.825264704,-1.212420971,0.5,0.5,100,0,4.601294971,-1.92393242,-37.80981445,2754.879883,-0.353754556,0.138091957,0.186193451,-0.634551052,0.171215429
2018/6/26,2723.060059,3555090000,2742.418018,2756.819031,2804.94793,2708.690131,19.23019924,2750.359433,2744.085203,6.274230199,14.67777419,-8.40354399,0.220457702,-0.827450504,-1.442734094,-0.992566478,0.5,0.541666667,91.41589607,9.156217346,7.65336742,-2.014011008,5.989990234,2717.070068,-1.349135937,-1.212420971,-1.372466897,0.186193451,-0.634551052
2018/6/27,2699.629883,3776090000,2728.87998,2755.600024,2808.033605,2703.166443,16.73696294,2742.554887,2740.792216,1.762670696,12.09475349,-10.33208279,-0.860435513,-1.30358472,-2.047403307,-1.794383041,0.416666667,0.5,100,0,3.052072449,-2.960823767,-23.43017578,2723.060059,-0.827450504,-0.992566478,0.220457702,-1.372466897,0.186193451
2018/6/28,2716.310059,3428140000,2722.18999,2756.152026,2806.651333,2705.652719,26.0718793,2738.517221,2738.978723,-0.461502023,9.583502388,-10.04500441,0.617868986,-0.384149646,-1.231523402,-1.170449127,0.416666667,0.541666667,80.87579145,22.50424907,10.5534888,-2.531174501,16.68017578,2699.629883,-1.30358472,-1.794383041,-0.860435513,0.220457702,-1.372466897
2018/6/29,2718.370117,3565620000,2714.888037,2755.339526,2807.68749,2702.991563,32.76986371,2735.417666,2737.452159,-2.034493046,7.259903301,-9.294396347,0.075840333,-0.116963628,-0.984822621,-1.091058156,0.5,0.583333333,78.51388648,27.68530508,16.72985138,-2.06294672,2.060058594,2716.310059,-0.384149646,-1.170449127,0.617868986,-0.860435513,0.220457702
2018/7/2,2726.709961,3073650000,2716.816016,2754.331519,2808.051433,2700.611604,35.06526117,2734.078019,2736.656441,-2.578421633,5.292238314,-7.870659947,0.306795741,0.362610114,-0.512603034,-0.84300528,0.5,0.625,67.31831642,40.00591505,30.0651564,-2.004680322,8.33984375,2718.370117,-0.116963628,-1.091058156,0.075840333,0.617868986,-0.860435513
2018/7/3,2713.219971,1911470000,2714.847998,2752.552515,2809.16596,2695.939069,47.24954653,2730.869089,2734.920406,-4.051317364,3.423527178,-7.474844543,-0.494735063,-0.110326401,-0.804415108,-1.317435902,0.5,0.583333333,83.59875661,24.59744415,30.76288809,-2.390218354,-13.48999023,2726.709961,0.362610114,-0.84300528,0.306795741,0.075840333,0.617868986
2018/7/5,2736.610107,2953420000,2722.244043,2750.765515,2807.021643,2694.509387,57.75259742,2731.752322,2735.045569,-3.29324679,2.080172385,-5.373419174,0.862080368,0.667105309,0.164069378,-0.513963402,0.583333333,0.625,53.79206414,66.93253323,43.84529747,-1.33897765,23.39013672,2713.219971,-0.110326401,-1.317435902,-0.494735063,0.306795741,0.075840333
2018/7/6,2759.820068,2554780000,2730.946045,2750.238013,2805.944097,2694.531928,84.52453305,2736.070437,2736.880717,-0.810280119,1.502081884,-2.312362003,0.84812816,1.14763707,1.022124323,0.291523048,0.666666667,0.625,18.79372587,100,63.84332579,-0.10026893,23.20996094,2736.610107,0.667105309,-0.513963402,0.862080368,-0.494735063,0.306795741
2018/7/9,2784.169922,3050040000,2744.106006,2750.495007,2806.774511,2694.215504,85.77603073,2743.470358,2740.383621,3.086736557,1.819012818,1.267723738,0.882298589,1.618839353,1.86108601,1.119283662,0.666666667,0.625,0,100,88.97751108,0.60888705,24.34985352,2759.820068,1.14763707,0.291523048,0.84812816,0.862080368,-0.494735063
2018/7/10,2793.840088,3063850000,2757.532031,2751.087012,2808.907656,2693.266368,86.83260453,2751.219547,2744.34336,6.87618752,2.830447759,4.045739761,0.347326718,1.505781985,2.077692443,1.401383376,0.75,0.625,0,100,100,1.603051829,9.670166016,2784.169922,1.618839353,1.119283662,0.882298589,0.84812816,0.862080368
2018/7/11,2774.02002,2964740000,2769.692041,2750.445508,2806.934141,2693.956875,70.76274274,2754.727312,2746.541631,8.185681397,3.901494486,4.284186911,-0.709420287,0.497775229,1.294501745,0.679478849,0.666666667,0.583333333,21.03813312,75.41548059,91.8051602,0.694772097,-19.82006836,2793.840088,1.505781985,1.401383376,0.347326718,0.882298589,0.84812816
2018/7/12,2798.290039,2821690000,2782.028027,2751.578516,2810.881131,2692.275901,84.10709986,2761.42927,2750.374846,11.05442395,5.33208038,5.722343574,0.874904267,0.858966394,1.92881619,1.517465643,0.75,0.625,0,100,91.8051602,2.989248295,24.27001953,2774.02002,0.497775229,0.679478849,-0.709420287,0.347326718,0.882298589
2018/7/13,2801.310059,2614000000,2790.326025,2752.519519,2814.299772,2690.739266,81.00435915,2767.564776,2754.147825,13.41695117,6.949054539,6.467896635,0.107923749,0.576910771,1.797029295,1.592812178,0.75,0.625,0,100,91.8051602,2.873605367,3.020019531,2798.290039,0.858966394,1.517465643,0.874904267,-0.709420287,0.347326718
2018/7/16,2798.429932,2812230000,2793.178027,2753.45802,2817.391654,2689.524386,72.97925639,2772.313262,2757.427981,14.88528059,8.53629975,6.348980843,-0.102813573,0.241906782,1.389020392,1.463170597,0.75,0.583333333,2.83253538,96.73047556,98.91015852,3.65976275,-2.880126953,2801.310059,0.576910771,1.592812178,0.107923749,0.874904267,-0.709420287
2018/7/17,2809.550049,3050730000,2796.32002,2755.248022,2823.230397,2687.265647,67.92875202,2778.041998,2761.288875,16.75312318,10.17966444,6.573458747,0.397369863,0.487975913,1.506157428,1.831433429,0.75,0.583333333,0,100,98.91015852,3.432597466,11.12011719,2798.429932,0.241906782,1.463170597,-0.102813573,0.107923749,0.874904267
2018/7/18,2815.620117,3089780000,2804.640039,2757.899524,2830.780648,2685.0184,66.21010208,2783.823247,2765.313411,18.50983581,11.84569871,6.664137102,0.216051263,0.574502728,1.428485009,1.98984663,0.75,0.625,0,100,98.91015852,3.577511369,6.070068359,2809.550049,0.487975913,1.831433429,0.397369863,-0.102813573,0.107923749
2018/7/19,2804.48999,3266700000,2805.880029,2759.75802,2835.350528,2684.165512,76.04694942,2787.002746,2768.21538,18.78736594,13.23403216,5.553333786,-0.395299312,-0.004458391,0.792196794,1.552961519,0.666666667,0.583333333,10.86924905,73.24494994,91.08164998,2.852523019,-11.13012695,2815.620117,0.574502728,1.98984663,0.216051263,0.397369863,-0.102813573
2018/7/20,2801.830078,3230210000,2805.984033,2762.361523,2839.957489,2684.765558,54.79935391,2789.283874,2770.705358,18.57851632,14.30292899,4.275587332,-0.094844771,-0.120310611,0.430075132,1.422717924,0.666666667,0.583333333,13.46681576,66.85094546,80.03196513,3.265865222,-2.659912109,2804.48999,-0.004458391,1.552961519,-0.395299312,0.216051263,0.397369863
2018/7/23,2806.97998,2907430000,2807.694043,2764.966528,2844.847415,2685.085642,57.26721991,2792.006352,2773.392367,18.61398514,15.16514022,3.448844918,0.183804949,0.029576325,0.403624686,1.558236766,0.666666667,0.625,8.437621444,79.23048934,73.10879491,2.571424875,5.149902344,2801.830078,-0.120310611,1.422717924,-0.094844771,-0.395299312,0.216051263
2018/7/24,2820.399902,3417530000,2809.864014,2770.13302,2850.319946,2689.946094,72.16947432,2796.374591,2776.874407,19.50018399,16.03214897,3.468035015,0.478091115,0.376830099,0.701803512,1.954924205,0.666666667,0.666666667,0,100,82.02714493,2.195064623,13.41992188,2806.97998,0.029576325,1.558236766,0.183804949,-0.094844771,-0.395299312
2018/7/25,2846.070068,3553010000,2815.954004,2776.283521,2859.882221,2692.68482,78.48671131,2804.020049,2782.000011,22.02003754,17.22972669,4.790310852,0.910160506,1.07147732,1.431537308,2.760988492,0.666666667,0.666666667,0,100,93.07682978,2.223289103,25.67016602,2820.399902,0.376830099,1.954924205,0.478091115,0.183804949,-0.094844771
2018/7/26,2837.439941,3653330000,2822.543994,2783.174023,2862.996903,2703.351143,66.36646645,2809.161571,2786.106673,23.054898,18.39476095,4.66013705,-0.303229602,0.635031945,0.99319229,2.314425684,0.583333333,0.666666667,11.97796128,81.88475612,93.96158537,1.560570832,-8.630126953,2846.070068,1.07147732,2.760988492,0.910160506,0.478091115,0.183804949
2018/7/27,2818.820068,3415710000,2825.941992,2788.299524,2863.310052,2713.288996,59.66291099,2810.647493,2788.529887,22.11760623,19.13933001,2.978276225,-0.656220869,-0.109970085,0.197310766,1.545465699,0.583333333,0.625,37.82093204,38.40414554,73.42963388,1.6149865,-18.61987305,2837.439941,0.635031945,2.314425684,-0.303229602,0.910160506,0.478091115
2018/7/30,2802.600098,3245770000,2825.066016,2792.511023,2860.470638,2724.551408,50.43895786,2809.409432,2789.572125,19.83730754,19.27892551,0.558382027,-0.575417029,-0.689270822,-0.391958634,0.831707101,0.5,0.625,60.33302046,1.740550862,40.67648417,0.154024727,-16.2199707,2818.820068,-0.109970085,1.545465699,-0.656220869,-0.303229602,0.910160506
2018/7/31,2816.290039,3892100000,2824.244043,2796.990027,2858.515597,2735.464457,54.83639407,2810.467987,2791.55123,18.91675765,19.20649194,-0.28973429,0.48847288,-0.259006414,0.05021003,1.182830352,0.5,0.625,62.32735671,32.68527154,24.27665598,0.534749105,13.68994141,2802.600098,-0.689270822,0.831707101,-0.575417029,-0.656220869,-0.303229602
2018/8/1,2813.360107,3496990000,2817.702051,2801.997034,2850.321217,2753.67285,45.89564242,2810.912929,2793.166702,17.74622678,18.91443891,-1.16821213,-0.104035153,-0.321352385,-0.098034234,0.905769806,0.5,0.625,68.66051021,26.06245896,20.16276045,0.533519729,-2.929931641,2816.290039,-0.259006414,1.182830352,0.48847288,-0.575417029,-0.656220869
2018/8/2,2827.219971,3467380000,2815.658057,2806.527527,2845.58229,2767.472763,37.25478544,2813.421705,2795.689166,17.7325381,18.67805875,-0.945520644,0.49264448,0.281333404,0.341660631,1.235080811,0.5,0.625,39.5676817,56.63650711,38.46141253,0.628923549,13.85986328,2813.360107,-0.321352385,0.905769806,-0.104035153,0.48847288,-0.575417029
2018/8/3,2840.350098,3030390000,2819.964063,2810.554028,2845.95035,2775.157706,51.85479102,2817.564534,2798.997384,18.56715069,18.65587714,-0.088726449,0.464418301,0.729728881,0.733987258,1.520477415,0.5,0.625,12.92941222,86.84155841,56.51350816,0.878313815,13.13012695,2827.219971,0.281333404,1.235080811,0.49264448,-0.104035153,0.48847288
2018/8/6,2850.399902,2874540000,2829.524023,2813.865527,2851.112675,2776.618379,72.5958767,2822.616129,2802.804978,19.81115179,18.88693207,0.924219727,0.353822745,0.897800721,0.953429136,1.692356038,0.583333333,0.625,0,100,81.15935517,1.637014654,10.04980469,2840.350098,0.729728881,1.520477415,0.464418301,0.49264448,-0.104035153
2018/8/7,2858.449951,3162770000,2837.956006,2817.096021,2857.875381,2776.31666,95.25207408,2828.129025,2806.926827,21.20219756,19.34998517,1.852212396,0.282418226,0.850458913,1.069642351,1.759866925,0.666666667,0.666666667,0,100,95.6138528,2.020817518,8.050048828,2850.399902,0.897800721,1.692356038,0.353822745,0.464418301,0.49264448
2018/8/8,2857.699951,2972200000,2846.823975,2821.280017,2860.669868,2781.890166,92.45448311,2832.678398,2810.6878,21.99059869,19.87810787,2.112490819,-0.026237997,0.579086919,0.892342885,1.550766844,0.583333333,0.625,1.324623246,98.65711376,99.55237125,1.806923136,-0.75,2858.449951,0.850458913,1.759866925,0.282418226,0.353822745,0.464418301
2018/8/9,2853.580078,3047050000,2852.095996,2824.044519,2864.342676,2783.746362,90.25240062,2835.894041,2813.865005,22.02903593,20.30829348,1.720742445,-0.144167446,0.197689084,0.648635724,1.263782535,0.5,0.583333333,8.719580698,91.2804193,96.64584435,1.176435149,-4.119873047,2857.699951,0.579086919,1.550766844,-0.026237997,0.282418226,0.353822745
2018/8/10,2833.280029,3256040000,2850.681982,2825.643018,2864.725091,2786.560944,55.37240167,2835.491886,2815.303155,20.18873031,20.28438085,-0.095650536,-0.711388791,-0.550375306,-0.029785459,0.470447161,0.416666667,0.541666667,45.06712246,44.17828987,78.03860764,-0.449392979,-20.30004883,2853.580078,0.197689084,1.263782535,-0.144167446,-0.026237997,0.282418226
2018/8/13,2821.929932,3158450000,2844.987988,2826.818018,2863.919675,2789.716361,33.13785351,2833.405431,2815.794028,17.61140353,19.74978538,-2.138381852,-0.400599219,-0.84191738,-0.384835915,0.026448648,0.416666667,0.5,65.38964247,19.0061076,51.48827226,-0.546619843,-11.35009766,2833.280029,-0.550375306,0.470447161,-0.711388791,-0.144167446,-0.026237997
2018/8/14,2839.959961,2976970000,2841.28999,2828.338513,2864.974437,2791.702589,41.66140166,2834.41382,2817.584097,16.82972359,19.16577303,-2.336049432,0.638925478,-0.147320739,0.189325846,0.567602225,0.5,0.541666667,33.10660471,49.37026192,37.5182198,0.749955374,18.0300293,2821.929932,-0.84191738,0.026448648,-0.400599219,-0.711388791,-0.144167446
2018/8/15,2818.370117,3645070000,2833.424023,2828.476013,2864.940209,2792.011818,23.68013493,2831.945558,2817.642321,14.30323783,18.19326599,-3.890028155,-0.760216484,-0.673131139,-0.618405013,-0.226490003,0.5,0.5,71.76354361,0,22.79212317,0.562692463,-21.58984375,2839.959961,-0.147320739,0.567602225,0.638925478,-0.400599219,-0.711388791
2018/8/16,2840.689941,3219880000,2830.845996,2830.286011,2865.375943,2795.196079,41.29564064,2833.290848,2819.349552,13.94129636,17.34287206,-3.401575704,0.791940848,0.213605336,0.096869702,0.505276483,0.5,0.5,31.79956374,55.68841485,35.01955892,0.86638457,22.31982422,2818.370117,-0.673131139,-0.226490003,-0.760216484,0.638925478,-0.400599219
2018/8/17,2850.129883,3024100000,2834.215967,2832.701001,2866.238777,2799.163224,48.32563209,2835.881469,2821.629576,14.25189256,16.72467616,-2.472783598,0.332311572,0.567027717,0.321185578,0.762470418,0.583333333,0.541666667,18.45220047,79.24126042,44.97655842,1.306970099,9.439941406,2840.689941,0.213605336,0.505276483,0.791940848,-0.760216484,0.638925478
2018/8/20,2857.050049,2748020000,2841.23999,2835.204504,2868.158615,2802.250394,63.25713632,2839.138173,2824.253315,14.88485848,16.35671263,-1.471854149,0.242801777,0.670481203,0.476851352,0.936497464,0.583333333,0.541666667,3.104695486,98.34755889,77.75907805,1.055102837,6.920166016,2850.129883,0.567027717,0.762470418,0.332311572,0.791940848,-0.760216484
2018/8/21,2862.959961,3147140000,2845.83999,2837.332507,2871.655934,2803.009081,74.36181409,2842.803064,2827.120474,15.6825899,16.22188808,-0.539298178,0.206853643,0.63623432,0.618019818,1.074853195,0.583333333,0.541666667,0,100,92.52960644,0.796023818,5.909912109,2857.050049,0.670481203,0.936497464,0.242801777,0.332311572,0.791940848
2018/8/22,2861.820068,2689560000,2854.52998,2838.120007,2873.900954,2802.339061,66.23606935,2845.728757,2829.690814,16.03794258,16.18509898,-0.147156399,-0.039815177,0.467499251,0.54432994,0.94947603,0.5,0.541666667,2.556395094,97.44360491,98.5970546,0.400651361,-1.139892578,2862.959961,0.63623432,1.074853195,0.206853643,0.242801777,0.332311572
2018/8/23,2856.97998,2713910000,2857.787988,2839.097009,2875.80539,2802.388628,88.17480472,2847.459714,2831.712234,15.74748035,16.09757525,-0.350094907,-0.169126213,0.071513512,0.378603124,0.697121052,0.416666667,0.541666667,13.41108191,86.58891809,94.67750767,-0.051425448,-4.840087891,2861.820068,0.467499251,0.94947603,-0.039815177,0.206853643,0.242801777
2018/8/24,2874.689941,2596190000,2862.7,2841.890503,2880.457734,2803.323272,86.98871725,2851.64898,2834.895768,16.75321217,16.22870264,0.524509534,0.61988397,0.492376998,0.950616527,1.220674828,0.5,0.541666667,0,100,94.67750767,0.594533734,17.70996094,2856.97998,0.071513512,0.697121052,-0.169126213,-0.039815177,0.206853643
2018/8/27,2896.73999,2854080000,2870.637988,2846.597498,2887.728437,2805.466558,89.79004014,2858.586058,2839.476821,19.10923716,16.80480954,2.304427616,0.767040943,0.988945833,1.596628432,1.882969497,0.583333333,0.541666667,0,100,95.52963936,1.512482949,22.05004883,2874.689941,0.492376998,1.220674828,0.61988397,-0.169126213,-0.039815177
2018/8/28,2897.52002,2683190000,2877.55,2850.658997,2894.9386,2806.379393,88.59433861,2864.575899,2843.776317,20.79958116,17.60376386,3.195817291,0.026927833,0.779157244,1.43353857,1.833622801,0.666666667,0.541666667,0,100,100,2.267336429,0.780029297,2896.73999,0.988945833,1.882969497,0.767040943,0.61988397,-0.169126213
2018/8/29,2914.040039,2791860000,2887.993994,2855.692993,2904.524425,2806.861562,90.51399625,2872.185766,2848.981038,23.20472879,18.72395685,4.480771944,0.570143413,1.054516295,1.738475423,2.299469564,0.75,0.583333333,0,100,100,3.264082017,16.52001953,2897.52002,0.779157244,1.833622801,0.026927833,0.767040943,0.61988397
2018/8/30,2901.129883,2802180000,2896.823975,2859.388489,2910.188504,2808.588474,76.27299517,2876.638707,2852.843915,23.79479236,19.73812395,4.056668406,-0.443032905,0.37875016,1.107799119,1.723776149,0.666666667,0.583333333,13.49447768,77.3744427,92.45814757,2.153900855,-12.91015625,2914.040039,1.054516295,2.299469564,0.570143413,0.026927833,0.767040943
2018/8/31,2901.52002,2880260000,2902.18999,2862.446985,2915.604722,2809.289247,81.65137615,2880.466602,2856.449552,24.01704916,20.59390899,3.423140168,0.013447751,0.13505528,0.877786733,1.590636964,0.75,0.625,13.08668313,78.05817267,85.14420512,2.95028328,0.390136719,2901.129883,0.37875016,1.723776149,-0.443032905,0.570143413,0.026927833
2018/9/4,2896.719971,3077060000,2902.185986,2864.762988,2919.628193,2809.897784,69.17307292,2882.96712,2859.432546,23.53457354,21.1820419,2.352531639,-0.165432215,-0.157115213,0.547679274,1.303706705,0.666666667,0.583333333,18.10398506,69.64589805,75.02617114,1.972409184,-4.800048828,2901.52002,0.13505528,1.590636964,0.013447751,-0.443032905,0.570143413
2018/9/5,2888.600098,3241250000,2900.402002,2866.270496,2922.008911,2810.53208,40.64815802,2883.833732,2861.593106,22.24062615,21.39375875,0.846867397,-0.280312668,-0.390409645,0.154381703,0.909106077,0.583333333,0.583333333,34.68290053,55.41550073,67.70652382,1.349770587,-8.119873047,2896.719971,-0.157115213,1.303706705,-0.165432215,0.013447751,-0.443032905
2018/9/6,2878.050049,3139590000,2893.204004,2867.288,2923.106371,2811.46963,31.73215685,2882.943934,2862.812139,20.13179594,21.14136619,-1.009570253,-0.365230509,-0.643034404,-0.271924169,0.466223794,0.5,0.541666667,56.31341299,8.539006564,44.53346845,0.735023876,-10.55004883,2888.600098,-0.390409645,0.909106077,-0.280312668,-0.165432215,0.013447751
2018/9/7,2871.679932,2946270000,2887.314014,2868.192993,2923.678944,2812.707042,0.904342315,2881.211011,2863.469012,17.74199886,20.46149272,-2.719493863,-0.221334483,-0.620730325,-0.517706267,0.198198176,0.416666667,0.5,74.23775661,0,21.3181691,0.304578856,-6.370117188,2878.050049,-0.643034404,0.466223794,-0.365230509,-0.280312668,-0.165432215
2018/9/10,2877.129883,2731400000,2882.435986,2870.385486,2923.598767,2817.172205,16.3678787,2880.583145,2864.480928,16.10221664,19.58963751,-3.487420865,0.189782681,-0.294106138,-0.372938847,0.34936048,0.5,0.5,64.68650254,12.86576334,7.134923302,0.534967751,5.449951172,2871.679932,-0.620730325,0.198198176,-0.221334483,-0.365230509,-0.280312668
2018/9/11,2887.889893,2899660000,2880.669971,2873.683484,2922.467076,2824.899892,35.20074647,2881.70726,2866.214926,15.4923343,18.77017687,-3.277842568,0.373984151,0.157626712,-0.089463373,0.681575633,0.583333333,0.5,45.82916164,38.26704398,17.04426911,1.0819086,10.76000977,2877.129883,-0.294106138,0.34936048,0.189782681,-0.221334483,-0.365230509
2018/9/12,2888.919922,3264930000,2880.733936,2876.131482,2922.76669,2829.496274,40.77572916,2882.8169,2867.896777,14.92012301,18.0001661,-3.080043084,0.035667194,0.238544485,-0.094814674,0.67182985,0.583333333,0.541666667,44.02399473,57.77459603,36.30246778,0.495009227,1.030029297,2887.889893,0.157626712,0.681575633,0.373984151,0.189782681,-0.221334483
2018/9/13,2904.179932,3254930000,2885.959912,2880.421973,2920.312792,2840.531153,65.76262813,2886.103521,2870.584418,15.51910215,17.50395331,-1.984851156,0.528225433,0.67732262,0.41138093,1.129304284,0.583333333,0.583333333,23.27687067,100,65.34721334,0.256838426,15.26000977,2888.919922,0.238544485,0.67182985,0.035667194,0.373984151,0.189782681
2018/9/14,2904.97998,3149800000,2892.619922,2883.636475,2920.444594,2846.828355,83.94229763,2889.007591,2873.132238,15.87535349,17.17823334,-1.30287985,0.027548184,0.548610045,0.417458838,1.052038525,0.583333333,0.625,21.38818607,100,85.92486534,0.257460203,0.800048828,2904.179932,0.67732262,1.129304284,0.528225433,0.035667194,0.373984151
2018/9/17,2888.800049,2947760000,2894.953955,2885.569983,2919.046512,2852.093454,67.30004441,2888.975662,2874.292816,14.68284529,16.67915573,-1.996310445,-0.556972225,-0.110070745,-0.069182186,0.391904804,0.5,0.625,59.58433954,51.41168794,83.80389598,-0.866151113,-16.17993164,2904.97998,0.548610045,1.052038525,0.027548184,0.528225433,0.035667194
2018/9/18,2904.310059,3074610000,2898.237988,2887.932983,2919.648968,2856.216999,72.82512424,2891.3348,2876.516316,14.81848385,16.30702136,-1.488537506,0.536901464,0.269177183,0.458138319,0.836951303,0.583333333,0.625,22.96967846,97.98822555,83.1333045,0.109618525,15.51000977,2888.800049,-0.110070745,0.391904804,-0.556972225,0.027548184,0.528225433
2018/9/19,2907.949951,3280020000,2902.043994,2890.182483,2920.859317,2859.505649,69.13400276,2893.890977,2878.844733,15.04624357,16.0548658,-1.008622229,0.125327272,0.279093189,0.565401053,0.832657184,0.583333333,0.666666667,0,100,83.1333045,0.221605627,3.639892578,2904.310059,0.269177183,0.836951303,0.536901464,-0.556972225,0.027548184
2018/9/20,2930.75,3337730000,2907.358008,2893.628979,2926.214469,2861.04349,78.1912058,2899.561596,2882.689568,16.87202794,16.21829823,0.653729717,0.78405919,0.822947517,1.254591444,1.491187238,0.666666667,0.666666667,0,100,99.32940852,1.174778012,22.80004883,2907.949951,0.279093189,0.832657184,0.125327272,0.536901464,-0.556972225
2018/9/21,2929.669922,5607610000,2912.295996,2897.263477,2928.888403,2865.638551,71.23811539,2904.193646,2886.169594,18.02405189,16.57944896,1.444602928,-0.036853301,0.638707389,1.097734209,1.337480501,0.666666667,0.625,1.828469401,97.47999203,99.15999734,1.421789892,-1.080078125,2930.75,0.822947517,1.491187238,0.78405919,0.125327272,0.536901464
2018/9/24,2919.370117,3372210000,2918.41001,2899.497485,2930.738493,2868.256477,60.35116188,2906.528488,2888.628892,17.89959561,16.84347829,1.056117318,-0.351568776,0.202339161,0.62274263,0.890590668,0.666666667,0.583333333,19.2650578,72.872715,90.11756901,1.435696658,-10.29980469,2929.669922,0.638707389,1.337480501,-0.036853301,0.78405919,0.125327272
2018/9/25,2915.560059,3285480000,2920.66001,2900.438489,2932.415654,2868.461323,73.41622338,2907.91796,2890.623793,17.29416683,16.933616,0.360550834,-0.130509611,-0.081391782,0.364924631,0.682659682,0.666666667,0.541666667,25.71512414,63.79032399,78.047677,1.528029864,-3.810058594,2919.370117,0.202339161,0.890590668,-0.351568776,-0.036853301,0.78405919
2018/9/26,2905.969971,3388620000,2920.264014,2900.860986,2932.895984,2868.825989,51.62037589,2907.618269,2891.760547,15.85772227,16.71843725,-0.860714983,-0.328927811,-0.41949319,-0.047896232,0.287777645,0.583333333,0.541666667,41.95022959,40.9295396,59.19752619,1.002390892,-9.590087891,2915.560059,-0.081391782,0.682659682,-0.130509611,-0.351568776,-0.036853301
2018/9/27,2914,3060850000,2916.914014,2900.858984,2932.890692,2868.827277,55.43970252,2908.600074,2893.407914,15.19216009,16.41318182,-1.221021727,0.276328709,-0.178815278,0.153346319,0.482513655,0.583333333,0.583333333,31.23827563,60.07146723,54.93044361,0.904124063,8.030029297,2905.969971,-0.41949319,0.287777645,-0.328927811,-0.130509611,-0.351568776
2018/9/28,2913.97998,3432300000,2913.776025,2901.501489,2934.040642,2868.962336,24.45936701,2909.427752,2894.931771,14.49598122,16.0297417,-1.533760482,-0.000687012,-0.083836466,0.080824654,0.425132268,0.5,0.541666667,39.12733901,36.57315925,45.85805536,0.867454248,-0.020019531,2914,-0.178815278,0.482513655,0.276328709,-0.328927811,-0.130509611
2018/10/1,2924.590088,3364190000,2914.82002,2902.654993,2936.715099,2868.594887,44.00398831,2911.760419,2897.128683,14.6317359,15.75014054,-1.118404643,0.364110512,0.309088545,0.386587954,0.750498758,0.5,0.541666667,14.68395537,75.14162701,57.2620845,0.702785527,10.61010742,2913.97998,-0.083836466,0.425132268,-0.000687012,0.276328709,-0.328927811
2018/10/2,2923.429932,3401880000,2916.393994,2903.990491,2939.093643,2868.887338,56.11041295,2913.555729,2899.076924,14.47880489,15.49587341,-1.017068517,-0.039669021,0.246032214,0.293835942,0.673090775,0.416666667,0.5,17.44952772,70.45980749,60.72486458,0.635114572,-1.16015625,2924.590088,0.309088545,0.750498758,0.364110512,-0.000687012,0.276328709
2018/10/3,2925.51001,3598710000,2920.302002,2905.835986,2941.386697,2870.285276,65.79834865,2915.394849,2901.03493,14.35991869,15.26868246,-0.908763777,0.071151975,0.26034631,0.259973712,0.728144031,0.5,0.5,12.49105205,82.44759207,76.01634219,1.270768496,2.080078125,2923.429932,0.246032214,0.673090775,-0.039669021,0.364110512,-0.000687012
2018/10/4,2901.610107,3496860000,2917.824023,2907.013989,2940.292544,2873.735435,45.24035437,2913.274119,2901.077536,12.19658351,14.65426267,-2.457679163,-0.816948233,-0.533958929,-0.551430071,-0.095441047,0.416666667,0.5,69.46347198,0,50.96913318,-0.0929636,-23.89990234,2925.51001,0.26034631,0.728144031,0.071151975,-0.039669021,0.364110512
2018/10/5,2885.570068,3328980000,2912.142041,2907.708496,2938.49489,2876.922102,23.58318928,2909.011958,2899.928835,9.08312311,13.54003476,-4.456911652,-0.552797877,-0.922876307,-1.037923199,-0.624972313,0.333333333,0.458333333,100,0,27.48253069,-0.769610316,-16.04003906,2901.610107,-0.533958929,-0.095441047,-0.816948233,0.071151975,-0.039669021
2018/10/8,2884.429932,3330320000,2904.11001,2908.073499,2937.546149,2878.600848,23.10229116,2905.230108,2898.780768,6.44933983,12.12189578,-5.672555945,-0.039511663,-0.794264453,-0.945896109,-0.646715595,0.25,0.458333333,100,0,0,-1.580485144,-1.140136719,2885.570068,-0.922876307,-0.624972313,-0.552797877,-0.816948233,0.071151975
2018/10/9,2880.340088,3520500000,2895.492041,2907.696008,2938.362276,2877.029741,4.296780441,2901.400874,2897.414791,3.986082319,10.49473308,-6.508650765,-0.141790366,-0.683008791,-0.946511968,-0.775826226,0.25,0.458333333,100,0,0,-1.683801769,-4.08984375,2884.429932,-0.794264453,-0.646715595,-0.039511663,-0.552797877,-0.816948233
2018/10/10,2785.679932,4501250000,2867.526025,2902.534009,2963.696999,2841.371019,1.465771147,2883.597652,2889.138135,-5.540483264,7.287689814,-12.82817308,-3.2864229,-3.180536927,-3.833386928,-3.90935053,0.25,0.458333333,100,0,0,-4.579418853,-94.66015625,2880.340088,-0.683008791,-0.775826226,-0.141790366,-0.039511663,-0.552797877
2018/10/11,2728.370117,4890630000,2832.878027,2893.743518,2991.200641,2796.286395,0,2859.716493,2877.229393,-17.51290038,2.327571776,-19.84047215,-2.057300762,-4.076992447,-5.301863759,-5.691973194,0.25,0.458333333,100,0,0,-6.420376794,-57.30981445,2785.679932,-3.180536927,-3.90935053,-3.2864229,-0.141790366,-0.039511663
2018/10/12,2767.129883,3966040000,2809.18999,2886.851013,2998.604381,2775.097645,18.28292937,2845.472399,2869.073874,-23.60147493,-2.858237565,-20.74323736,1.420619783,-1.941590136,-3.569317228,-4.200443176,0.333333333,0.458333333,80.33895366,19.66104634,6.553682112,-4.777753703,38.75976563,2728.370117,-4.076992447,-5.691973194,-2.057300762,-3.2864229,-0.141790366
2018/10/15,2750.790039,3300140000,2782.462012,2879.950513,3006.442037,2753.458989,18.25711062,2830.905882,2860.312108,-29.40622629,-8.167835309,-21.23839098,-0.590497896,-1.738431124,-3.682220732,-4.577420617,0.25,0.416666667,88.62740484,11.37259516,10.34454716,-5.600890904,-16.33984375,2767.129883,-1.941590136,-4.200443176,1.420619783,-2.057300762,-3.2864229
2018/10/16,2809.919922,3428340000,2768.377979,2875.231006,3004.742356,2745.719656,36.21661902,2827.677273,2856.579354,-28.90208099,-12.31468444,-16.58739654,2.149560016,0.821000255,-1.312161437,-2.414827246,0.333333333,0.416666667,58.63353499,47.07331406,26.03565185,-3.571062921,59.12988281,2750.790039,-1.738431124,-4.577420617,-0.590497896,1.420619783,-2.057300762
2018/10/17,2809.209961,3321710000,2773.083984,2870.294006,3001.950164,2738.637849,36.67523126,2824.836148,2853.07051,-28.23436197,-15.49861995,-12.73574202,-0.025266234,1.226104665,-1.002791493,-2.305226546,0.25,0.375,58.99366552,51.42485296,36.62358739,-3.945172605,-0.709960938,2809.919922,0.821000255,-2.414827246,2.149560016,-0.590497896,1.420619783
2018/10/18,2768.780029,3616440000,2781.165967,2862.195508,2997.845916,2726.5451,46.02690286,2816.21213,2846.826771,-30.61464091,-18.52182414,-12.09281677,-1.439192236,-0.129370667,-1.982396656,-3.520833618,0.25,0.333333333,79.50191025,25.89386143,41.46400949,-5.290015699,-40.42993164,2809.209961,1.226104665,-2.305226546,-0.025266234,2.149560016,-0.590497896
2018/10/19,2767.780029,3566490000,2781.295996,2854.101013,2991.982292,2716.219735,62.60154351,2808.761037,2840.971456,-32.2104191,-21.25954313,-10.95087597,-0.03611699,-0.401410901,-1.559738699,-3.385920505,0.166666667,0.333333333,80.00916426,25.93269705,34.41713715,-5.391537884,-1,2768.780029,-0.129370667,-3.520833618,-1.439192236,-0.025266234,2.149560016
2018/10/22,2755.879883,3307140000,2782.313965,2845.926501,2986.715078,2705.137925,45.65669819,2800.625475,2834.668377,-34.0429018,-23.81621487,-10.22668693,-0.429952755,-0.762680481,-1.557787582,-3.593188831,0.166666667,0.291666667,86.04556122,33.73369897,28.52008582,-5.02239168,-11.90014648,2767.780029,-0.401410901,-3.385920505,-0.03611699,-1.439192236,-0.025266234
2018/10/23,2740.689941,4348580000,2768.467969,2837.182996,2981.269109,2693.096882,46.06571034,2791.404624,2827.707011,-36.30238754,-26.3134494,-9.988938139,-0.551183,-1.249801049,-1.676344474,-3.890254134,0.166666667,0.25,92.88857948,15.10711677,24.92450426,-5.020849382,-15.18994141,2755.879883,-0.762680481,-3.593188831,-0.429952755,-0.03611699,-1.439192236
2018/10/24,2656.100098,4709310000,2737.845996,2824.689502,2985.15237,2664.226634,0,2770.588543,2814.995388,-44.40684524,-29.93212857,-14.47471667,-3.086443398,-3.405408981,-4.056115524,-6.481330943,0.166666667,0.208333333,100,0,16.28027191,-7.915943164,-84.58984375,2740.689941,-1.249801049,-3.890254134,-0.551183,-0.429952755,-0.03611699
2018/10/25,2705.570068,4634770000,2725.204004,2814.268005,2977.229708,2651.306303,24.41998778,2760.585701,2806.889809,-46.30410823,-33.2065245,-13.09758372,1.862504005,-0.98433429,-1.752287224,-4.4253269,0.25,0.25,78.33398736,32.16098507,15.75603395,-6.067686947,49.4699707,2656.100098,-3.405408981,-6.481330943,-3.086443398,-0.551183,-0.429952755
2018/10/26,2658.689941,4803150000,2703.385986,2801.503503,2971.082977,2631.92403,23.66644203,2744.90943,2795.912041,-51.00261091,-36.76574178,-14.23686913,-1.732726404,-2.042224352,-3.082212072,-5.719629879,0.25,0.25,98.84505714,1.683686588,11.28155722,-4.558671253,-46.88012695,2705.570068,-0.98433429,-4.4253269,1.862504005,-3.086443398,-0.551183
2018/10/29,2641.25,4673700000,2680.46001,2787.336499,2960.716306,2613.956693,21.94082456,2728.961825,2784.455593,-55.49376804,-40.51134703,-14.98242101,-0.655959957,-1.922740884,-3.462466719,-5.956908144,0.25,0.25,100,0,11.28155722,-3.193119461,-17.43994141,2658.689941,-2.042224352,-5.719629879,-1.732726404,1.862504005,-3.086443398
2018/10/30,2682.629883,5106380000,2668.847998,2775.296497,2942.536209,2608.056785,35.63442162,2721.833834,2776.912948,-55.07911397,-43.42490042,-11.65421355,1.566678005,0.067450497,-1.6970296,-4.166020159,0.25,0.291666667,75.46694612,32.44716797,11.37695152,-3.053705593,41.37988281,2641.25,-1.922740884,-5.956908144,-0.655959957,-1.732726404,1.862504005
2018/10/31,2711.73999,5112420000,2679.975977,2764.607996,2918.903851,2610.31214,44.61636389,2720.280935,2772.085322,-51.80438653,-45.10079764,-6.703588884,1.085133197,1.335701472,-0.511674931,-2.833561525,0.333333333,0.291666667,58.20832224,55.71008766,29.38575187,-1.419593945,29.11010742,2682.629883,0.067450497,-4.166020159,1.566678005,-0.655959957,-1.732726404
2018/11/1,2740.370117,4708420000,2686.935986,2756.545996,2897.651655,2615.440337,69.7900422,2723.371578,2769.736047,-46.36446873,-45.35353186,-1.010936866,1.055784369,1.870917137,0.752945248,-1.552519704,0.333333333,0.333333333,41.23426626,86.46970123,58.20898562,-2.475152553,28.63012695,2711.73999,1.335701472,-2.833561525,1.085133197,1.566678005,-0.655959957
2018/11/2,2723.060059,4237930000,2699.81001,2748.420496,2877.03438,2619.806611,54.83816504,2723.323652,2766.278567,-42.95491423,-44.87380833,1.918894108,-0.631668638,1.11785659,0.381477648,-1.878383681,0.333333333,0.291666667,51.49694878,82.27082341,74.81687077,-3.066695033,-17.31005859,2740.370117,1.870917137,-1.552519704,1.055784369,1.085133197,1.566678005
2018/11/5,2738.310059,3623320000,2719.222021,2741.114502,2853.581172,2628.647832,76.69663848,2725.629253,2764.206825,-38.57757193,-43.61456105,5.03698912,0.560031717,1.185539046,1.038219997,-1.053861738,0.416666667,0.333333333,42.21238321,97.9216544,88.88739301,-1.10048362,15.25,2723.060059,1.11785659,-1.878383681,-0.631668638,1.055784369,1.085133197
2018/11/6,2755.449951,3510860000,2733.786035,2734.869995,2827.913666,2641.826324,88.36846483,2730.217053,2763.558168,-33.34111492,-41.55987183,8.218756903,0.625929577,1.107782057,1.709209068,-0.178947068,0.5,0.333333333,10.45250142,100,93.3974926,-0.445486202,17.13989258,2738.310059,1.185539046,-1.053861738,0.560031717,-0.631668638,1.055784369
2018/11/7,2813.889893,3914750000,2754.216016,2736.280493,2833.139492,2639.421494,89.56471826,2743.089798,2767.286444,-24.19664627,-38.08722672,13.89058044,2.120885606,2.429919671,3.681337246,2.073297682,0.583333333,0.375,0,100,99.30721813,2.104954215,58.43994141,2755.449951,1.107782057,-0.178947068,0.625929577,0.560031717,-0.631668638
2018/11/8,2806.830078,3630490000,2767.508008,2740.203491,2841.707383,2638.6996,83.05645472,2752.895995,2770.215602,-17.31960736,-33.93370284,16.61409549,-0.250891638,1.586872591,3.211602406,1.938522944,0.583333333,0.375,4.08932973,95.91067027,98.63689009,2.413265934,-7.059814453,2813.889893,2.429919671,2.073297682,2.120885606,0.625929577,0.560031717
2018/11/9,2781.01001,4019090000,2779.097998,2740.897498,2843.314008,2638.480987,64.40928851,2757.221228,2771.015188,-13.79396001,-29.90575428,16.11179426,-0.919901371,0.406232852,1.872229958,1.159103376,0.583333333,0.375,19.04535639,74.95057111,90.28708046,4.702756203,-25.82006836,2806.830078,1.586872591,1.938522944,-0.250891638,2.120885606,0.625929577
2018/11/12,2726.219971,3670930000,2776.67998,2739.668994,2842.170791,2637.167198,50.88513065,2752.451804,2767.697023,-15.24521994,-26.97364741,11.72842747,-1.970148934,-1.590631393,-0.197716261,-0.601699129,0.5,0.375,50.7819604,14.17522693,61.67882277,0.76323665,-54.79003906,2781.01001,0.406232852,1.159103376,-0.919901371,-0.250891638,2.120885606
2018/11/13,2722.179932,4091440000,2770.025977,2735.281995,2832.769276,2637.794713,45.17898657,2747.794592,2764.325387,-16.53079457,-24.88507684,8.354282274,-0.148191969,-1.641016134,-0.538261075,-0.653162122,0.5,0.375,53.12211423,0,29.70859935,2.388017845,-4.040039063,2726.219971,-1.590631393,-0.601699129,-1.970148934,-0.919901371,-0.250891638
2018/11/14,2701.580078,4402370000,2747.564014,2729.9005,2822.215305,2637.585696,34.22549046,2740.684667,2759.677586,-18.99291919,-23.70664531,4.713726121,-0.756741069,-2.067638286,-1.471917781,-1.364778464,0.5,0.375,65.05438157,0,4.725075644,2.284148722,-20.59985352,2722.179932,-1.641016134,-0.653162122,-0.148191969,-1.970148934,-0.919901371
2018/11/15,2730.199951,4179140000,2732.237988,2727.971497,2818.552032,2637.390962,20.30790925,2739.071634,2757.494058,-18.42242389,-22.64980103,4.227377138,1.059375337,-0.527205532,-0.571884278,-0.263829511,0.5,0.375,48.47659493,25.48296708,8.494322361,1.773262449,28.61987305,2701.580078,-2.067638286,-1.364778464,-0.756741069,-0.148191969,-1.970148934
2018/11/16,2736.27002,3975180000,2723.28999,2726.395996,2815.231427,2637.560565,24.78916388,2738.640616,2755.921907,-17.28129051,-21.57609892,4.294808417,0.222330542,0.122946824,-0.424953177,-0.019988844,0.5,0.416666667,59.13444101,30.88772034,18.79022914,0.904586331,6.070068359,2730.199951,-0.527205532,-0.263829511,1.059375337,-0.756741069,-0.148191969
2018/11/19,2690.72998,3772900000,2716.191992,2723.138501,2812.188159,2634.088842,21.72739603,2731.269749,2751.092875,-19.82312598,-21.22550433,1.402378355,-1.664310859,-0.998333553,-1.934566721,-1.505237737,0.416666667,0.375,100,0,18.79022914,-1.811439134,-45.54003906,2736.27002,0.122946824,-0.019988844,0.222330542,1.059375337,-0.756741069
2018/11/20,2641.889893,4357900000,2700.133984,2718.198499,2813.544625,2622.852372,22.56844071,2717.519002,2743.003765,-25.48476334,-22.07735613,-3.407407202,-1.815124083,-2.290044606,-3.47662173,-3.045612781,0.416666667,0.375,100,0,10.29590678,-2.980843767,-48.84008789,2690.72998,-0.998333553,-1.505237737,-1.664310859,0.222330542,1.059375337
2018/11/21,2649.929932,3233550000,2689.803955,2717.88999,2814.074086,2621.705894,27.09402768,2707.120684,2736.109407,-28.98872381,-23.45962967,-5.52909414,0.304329075,-1.554247309,-2.92164873,-2.573493319,0.416666667,0.416666667,95.32555868,5.779206649,1.926402216,-3.22754272,8.040039063,2641.889893,-2.290044606,-3.045612781,-1.815124083,-1.664310859,0.222330542
2018/11/23,2632.560059,1651650000,2670.275977,2714.23949,2817.312081,2611.166899,27.66052944,2695.649818,2728.439085,-32.78926706,-25.32555715,-7.463709911,-0.655484239,-1.779797043,-3.194802297,-3.01120225,0.333333333,0.416666667,100,0,1.926402216,-4.459884765,-17.36987305,2649.929932,-1.554247309,-2.573493319,0.304329075,-1.815124083,-1.664310859
2018/11/26,2673.449951,3443950000,2657.711963,2714.97749,2816.650433,2613.304547,32.98350825,2692.234454,2724.365816,-32.13136202,-26.68671812,-5.444643901,1.553236837,0.099033021,-1.266279939,-1.379945816,0.333333333,0.458333333,77.44999172,39.42716033,15.06878899,-4.990953689,40.88989258,2632.560059,-1.779797043,-3.01120225,-0.655484239,0.304329075,-1.815124083
2018/11/27,2682.169922,3485220000,2655.999951,2717.023486,2814.228227,2619.818746,34.03183918,2690.686064,2721.240194,-30.55412979,-27.46020046,-3.093929338,0.326169214,0.765712005,-0.562745821,-0.969202386,0.416666667,0.5,72.64109155,47.83519619,29.08745217,-4.441314678,8.719970703,2673.449951,0.099033021,-1.379945816,1.553236837,-0.655484239,0.304329075
2018/11/28,2743.790039,3951670000,2676.37998,2720.081494,2816.611602,2623.551387,64.30344624,2698.855907,2722.910553,-24.05464642,-26.77908965,2.724443227,2.297397964,2.739367185,1.838827438,1.169448232,0.5,0.541666667,36.17377173,100,62.42078551,-1.338361623,61.62011719,2682.169922,0.765712005,-0.969202386,0.326169214,1.553236837,-0.655484239
2018/11/29,2737.800049,3560770000,2693.954004,2721.384497,2818.132333,2624.636661,83.62204131,2704.847313,2724.013479,-19.16616555,-25.25650483,6.090339279,-0.218310809,1.90512443,1.580119021,0.898623227,0.5,0.5,29.10742684,94.61477004,80.81665541,0.424766829,-5.989990234,2743.790039,2.739367185,1.169448232,2.297397964,0.326169214,1.553236837
2018/11/30,2760.169922,4658580000,2719.475977,2722.374487,2820.277472,2624.471502,85.11728757,2713.358484,2726.691734,-13.33325003,-22.87185387,9.538603839,0.817074755,2.039931084,2.289953386,1.564771449,0.583333333,0.541666667,0,100,98.20492335,1.395572342,22.36987305,2737.800049,1.90512443,0.898623227,-0.218310809,2.297397964,0.326169214
2018/12/3,2790.370117,4186060000,2742.86001,2725.73999,2828.03503,2623.444951,96.47211917,2725.206427,2731.408651,-6.202223716,-19.53792784,13.33570412,1.094142613,2.163022399,3.12637057,2.441822664,0.666666667,0.583333333,0,100,98.20492335,3.286596603,30.20019531,2760.169922,2.039931084,1.564771449,0.817074755,-0.218310809,2.297397964
2018/12/4,2700.060059,4499840000,2746.438037,2723.82749,2826.540367,2621.114614,56.0695412,2721.337755,2729.086533,-7.748777872,-17.18009785,9.431319974,-3.236490315,-1.303734989,-0.118588776,-0.900119824,0.583333333,0.541666667,57.22706106,42.77293894,80.92431298,-1.103944514,-90.31005859,2790.370117,2.163022399,2.441822664,1.094142613,0.817074755,-0.218310809
2018/12/6,2695.949951,5141470000,2736.87002,2720.85249,2823.175351,2618.529629,53.21062613,2717.431939,2726.631971,-9.200032258,-15.58408473,6.384052471,-0.152222815,-1.53663426,-0.146518873,-1.027072991,0.5,0.5,59.83152586,40.16847414,60.98047103,-1.473541283,-4.110107422,2700.060059,-1.303734989,-0.900119824,-3.236490315,1.094142613,0.817074755
2018/12/7,2633.080078,4216690000,2715.926025,2711.812,2811.574987,2612.049012,24.35489672,2704.45473,2719.702202,-15.24747178,-15.51676214,0.269290359,-2.332011877,-3.180339682,-2.301270743,-3.176229436,0.5,0.458333333,99.67047758,0,27.64713769,-2.14253763,-62.86987305,2695.949951,-1.53663426,-1.027072991,-0.152222815,-3.236490315,1.094142613
2018/12/10,2637.719971,4151030000,2691.436035,2703.356494,2798.008013,2608.704975,26.67131046,2694.187844,2713.629444,-19.44159995,-16.3017297,-3.139870253,0.176215399,-2.411184756,-2.116489907,-2.878619553,0.583333333,0.5,96.73030214,2.949896005,14.37279005,-0.157838595,4.639892578,2633.080078,-3.180339682,-3.176229436,-2.332011877,-0.152222815,-3.236490315
2018/12/11,2636.780029,3905870000,2660.718018,2696.144995,2787.967425,2604.322565,18.04530769,2685.355872,2707.936895,-22.5810222,-17.5575882,-5.023433997,-0.035634617,-1.698028489,-2.111563864,-2.761765406,0.5,0.458333333,97.32591779,2.352311179,1.767402394,-0.496235851,-0.939941406,2637.719971,-2.411184756,-2.878619553,0.176215399,-2.332011877,-0.152222815
2018/12/12,2651.070068,3958890000,2650.92002,2692.3875,2785.125478,2599.649522,10.68522298,2680.081133,2703.724537,-23.64340378,-18.77475132,-4.868652462,0.541950368,-0.302355209,-1.63738365,-2.077727999,0.583333333,0.458333333,88.27070345,11.43746314,5.579890106,0.703118233,14.29003906,2636.780029,-1.698028489,-2.761765406,-0.035634617,0.176215399,-2.332011877
2018/12/13,2650.540039,3927720000,2641.838037,2688.805505,2782.195729,2595.415281,21.66394716,2675.53635,2699.784945,-24.24859506,-19.86952007,-4.379074994,-0.019993032,-0.01194521,-1.587338206,-1.850556504,0.5,0.416666667,88.60656879,11.10048738,8.296753899,-0.856941874,-0.530029297,2651.070068,-0.302355209,-2.077727999,0.541950368,-0.035634617,0.176215399
2018/12/14,2599.949951,4035020000,2635.212012,2683.723999,2784.544984,2582.903014,14.1416039,2663.907673,2692.38976,-28.48208703,-21.59203346,-6.890053575,-1.908670956,-1.324805953,-3.219505028,-3.415610387,0.416666667,0.416666667,100,0,7.512650172,-3.065427363,-50.59008789,2650.540039,-0.01194521,-1.850556504,-0.019993032,0.541950368,-0.035634617
2018/12/17,2545.939941,4616350000,2616.856006,2674.510999,2789.359769,2559.662228,15.14394531,2645.758791,2681.541625,-35.78283409,-24.43019359,-11.35264051,-2.077348056,-2.839081234,-4.64474827,-5.076621108,0.333333333,0.416666667,100,0,3.70016246,-7.210832274,-54.01000977,2599.949951,-1.324805953,-3.415610387,-1.908670956,-0.019993032,0.541950368
2018/12/18,2546.159912,4470880000,2598.731982,2665.005493,2788.944133,2541.066853,12.03350503,2630.435887,2671.51335,-41.07746351,-27.75964757,-13.31781594,0.008640059,-2.261487649,-4.062671514,-4.802127486,0.416666667,0.458333333,99.91000673,0.14663735,0.048879117,-6.999785715,0.219970703,2545.939941,-2.839081234,-5.076621108,-2.077348056,-1.908670956,-0.019993032
2018/12/19,2506.959961,5127940000,2569.909961,2655.816992,2796.836142,2514.797843,9.134979688,2611.43959,2659.32421,-47.88461983,-31.78464202,-16.09997781,-1.539571454,-2.960269403,-4.782657478,-5.952440289,0.333333333,0.458333333,100,0,0.048879117,-9.173709159,-39.19995117,2546.159912,-2.261487649,-4.802127486,0.008640059,-2.077348056,-1.908670956
2018/12/20,2467.419922,5585780000,2533.285938,2647.093494,2810.316964,2483.870024,0.119490792,2589.282718,2645.109078,-55.82635944,-36.59298551,-19.23337393,-1.577210633,-3.345636927,-5.3166107,-7.095722455,0.25,0.458333333,100,0,0.048879117,-11.57374046,-39.54003906,2506.959961,-2.960269403,-5.952440289,-1.539571454,0.008640059,-2.077348056
2018/12/21,2416.620117,7609010000,2496.619971,2635.428003,2827.051469,2443.804537,0.093860228,2562.719241,2628.18397,-65.46472835,-42.36733408,-23.09739427,-2.058822831,-3.867447957,-6.417762828,-8.558602106,0.25,0.416666667,100,0,0,-10.4975421,-50.79980469,2467.419922,-3.345636927,-7.095722455,-1.577210633,-1.539571454,0.008640059
2018/12/24,2351.100098,2613930000,2457.652002,2621.355005,2849.596505,2393.113505,0.088238952,2530.16245,2607.659238,-77.49678841,-49.39322494,-28.10356347,-2.711225445,-4.904877699,-7.930398282,-10.49425079,0.25,0.375,100,0,0,-12.79140413,-65.52001953,2416.620117,-3.867447957,-8.558602106,-2.058822831,-1.577210633,-1.539571454
2018/12/26,2467.699951,4233990000,2441.96001,2611.067505,2847.393657,2374.741353,37.45670115,2520.552835,2597.291884,-76.739049,-54.86238975,-21.87665924,4.959374279,0.340470876,-2.839955653,-5.721789281,0.333333333,0.416666667,66.18822588,38.93931216,12.97977072,-6.280862034,116.5998535,2351.100098,-4.904877699,-10.49425079,-2.711225445,-2.058822831,-1.577210633
2018/12/27,2488.830078,4096610000,2438.334033,2601.400513,2841.095181,2361.705844,41.38647956,2515.672411,2589.257676,-73.58526527,-58.60696486,-14.97830041,0.856268078,1.594368589,-1.526948007,-4.682272074,0.333333333,0.458333333,54.08541057,55.34661906,31.42864374,-5.64464364,21.13012695,2467.699951,0.340470876,-5.721789281,4.959374279,-2.711225445,-2.058822831
2018/12/28,2485.73999,3702620000,2441.998047,2588.49801,2823.887372,2353.108648,46.42376035,2511.067423,2581.589699,-70.5222763,-60.99002715,-9.532249157,-0.124158251,1.614929219,-1.156967987,-4.550532123,0.333333333,0.416666667,55.11554298,69.024926,54.43695241,-5.728200206,-3.090087891,2488.830078,1.594368589,-4.682272074,0.856268078,4.959374279,-2.711225445
2018/12/31,2506.850098,3442870000,2460.044043,2576.950513,2804.436401,2349.464624,57.08538648,2510.418604,2576.053432,-65.63482879,-61.91898747,-3.715841313,0.849248413,2.203327933,0.161122126,-3.545931227,0.333333333,0.458333333,48.07813608,79.84730245,68.07294917,-5.44006635,21.11010742,2485.73999,1.614929219,-4.550532123,-0.124158251,0.856268078,4.959374279
