Date,Close,Volume,MA_5,MA_20,BBands_up,BBands_down,RSI,EMA_12,EMA_26,DIF,DEM,OSC,RDP,BIAS_6,BIAS_12,BIAS_24,PSY_12,PSY_24,W%R,%K,%D,PROC,MO,LAG,MA_20_L1,MA_20_L2
2012-01-04,8560.110352,106000000,8455.705859,8497.240527,8733.763593000001,8260.717461,75.31071025,8460.364873,8484.053904999999,-23.68903172,-34.89900074,11.20996902,1.2389877059999999,1.187585253,1.6794150540000001,0.658641878,0.5,0.5,0.0,100.0,80.99905659,0.48104054399999996,104.7607422,8455.349609,8501.422509999999,8508.524023
2012-01-05,8488.709961,77700000,8465.335938,8486.877002,8705.116759,8268.637245,51.49648299,8464.725656,8484.398798,-19.67314202,-31.85382899,12.18068697,-0.83410596,0.325053145,0.7202966340000001,-0.18628340399999999,0.5,0.45833333299999995,27.04660299,56.71397024,81.20675801,1.329054849,-71.40039063,8560.110352,8497.240527,8501.422509999999
2012-01-06,8390.349609,101300000,8458.681836,8477.636475,8695.791847,8259.481102,43.26314548,8453.283187,8477.432191,-24.14900415,-30.31286402,6.163859875,-1.1587196640000001,-0.7392618329999999,-0.435575819,-1.321446292,0.41666666700000005,0.45833333299999995,64.30569017,0.0,52.23799008,-0.13533083199999998,-98.36035156,8488.709961,8486.877002,8497.240527
2012-01-10,8422.259766,112300000,8463.355859000001,8462.640967,8650.647084,8274.63485,49.82452604,8448.510353,8473.345345,-24.83499188,-29.2172896,4.382297714,0.380319745,-0.35908104,-0.181423125,-0.861075355,0.5,0.45833333299999995,52.21806264,18.79713521,25.17036849,1.520465551,31.91015625,8390.349609,8477.636475,8486.877002
2012-01-11,8447.879883,106200000,8461.861914,8451.805956999999,8615.404268,8288.207645999999,56.30485929,8448.413358,8471.459014,-23.04565678,-27.98296303,4.937306256,0.304195286,-0.152428646,0.012183643000000001,-0.463878432,0.5,0.45833333299999995,42.5131138,33.8890327,17.56205597,1.336288311,25.62011719,8422.259766,8462.640967,8477.636475
2012-01-12,8385.589844,84800000,8426.957812999999,8444.262451,8605.446954000001,8283.077948,41.15491102,8438.748201999999,8465.098334999999,-26.35013345,-27.65639712,1.306263665,-0.737345227,-0.7522657229999999,-0.6523392889999999,-1.0470178959999998,0.41666666700000005,0.41666666700000005,78.03988699,0.0,17.56205597,-0.8793238390000001,-62.29003906,8447.879883,8451.805956999999,8462.640967
2012-01-13,8500.019531,109800000,8429.219727,8436.572412000001,8569.172443000001,8303.972381,42.56321503,8448.17456,8467.68509,-19.51053032,-26.02722376,6.516693436000001,1.3645991469999998,0.72145744,0.599211555,0.340364671,0.5,0.45833333299999995,34.43195362,65.56804638,33.15235969,1.249045558,114.4296875,8385.589844,8444.262451,8451.805956999999
2012-01-16,8378.360352,76500000,8426.821875,8427.849951,8551.356859,8304.343043,37.85417007,8437.433912999999,8461.068443,-23.63453046,-25.548685100000004,1.914154636,-1.431281178,-0.503314395,-0.741792305,-0.9282504770000001,0.41666666700000005,0.41666666700000005,100.0,0.0,21.85601546,-1.190888607,-121.6591797,8500.019531,8436.572412000001,8444.262451
2012-01-17,8466.400391,85500000,8435.65,8425.213477,8542.929127,8307.497826,58.56525679,8441.890293999999,8461.463402,-19.5731083,-24.35356974,4.780461433999999,1.050802727,0.39108811200000004,0.275634039,0.210646305,0.5,0.45833333299999995,51.55981345,48.44018655,38.00274431,0.306150559,88.04003906,8378.360352,8427.849951,8436.572412000001
2012-01-18,8550.580078,136200000,8456.190039,8433.873975,8561.320109,8306.427840999999,62.92981296,8458.611799,8468.064637000001,-9.452838286,-21.37342345,11.92058516,0.994279548,1.132788574,1.1459092659999999,1.19997297,0.583333333,0.5,5.243616747,100.0,49.48006218,1.5071900109999998,84.1796875,8466.400391,8425.213477,8427.849951
2012-01-19,8639.679688,125100000,8507.008008,8445.771973,8600.499754999999,8291.04419,67.13421539,8486.468397,8480.776863,5.691533993999999,-15.96043196,21.65196595,1.042029998,1.8017221,1.957871395,2.261638119,0.666666667,0.5,0.0,100.0,82.81339552,2.866927048,89.09960938,8550.580078,8433.873975,8425.213477
2012-01-20,8766.360352,177500000,8560.276172,8469.283984,8663.720797,8274.847172,80.50611282,8529.528698,8501.931196,27.59750219,-7.248845131,34.84634732,1.466265749,2.527731619,3.1373926510000003,3.651900775,0.666666667,0.541666667,0.0,100.0,100.0,3.678271823,126.68066409999999,8639.679688,8445.771973,8433.873975
2012-01-23,8765.900391,119900000,8637.78418,8490.75498,8714.430109,8267.079851999999,76.06066291,8565.893574,8521.484468999999,44.40910429,3.082744753,41.32635953,-0.005246886,1.993746943,2.9243187180000003,3.520608348,0.583333333,0.541666667,0.11854663300000001,99.88145337,99.96048446,2.404058249,-0.459960938,8766.360352,8469.283984,8445.771973
2012-01-24,8785.330078,111000000,8701.570117,8507.022461,8764.194626999999,8249.850295,99.88723398,8599.653036,8541.028589,58.62444734,14.19108527,44.43336207,0.22165079,1.4194134180000002,2.8539393110000004,3.542210686,0.666666667,0.583333333,0.0,100.0,99.96048446,3.4942896919999997,19.4296875,8765.900391,8490.75498,8469.283984
2012-01-25,8883.69043,132500000,8768.192187999999,8531.448975,8830.821688,8232.076261,99.89001674,8643.351097,8566.410947,76.94014931,26.74089808,50.19925123,1.1195976779999999,1.73806982,3.5072943469999998,4.454240485,0.75,0.583333333,0.0,100.0,99.96048446,5.879860116000001,98.36035156,8785.330078,8507.022461,8490.75498
2012-01-26,8849.469727,122200000,8810.150195,8549.955469,8878.49531,8221.415627,90.58232937,8675.061655,8587.378264,87.68339079,38.92939662,48.75399417,-0.38520819,0.7712741959999999,2.682649205,3.7705577139999997,0.666666667,0.583333333,6.771950574,93.22804943,97.74268314,5.072391173,-34.22070313,8883.69043,8531.448975,8507.022461
2012-01-27,8841.219727,133100000,8825.12207,8569.988476999999,8917.704773000001,8222.27218,85.06247048,8700.624435,8606.181336,94.44309974,50.03213724,44.4109625,-0.093225925,0.29370744600000004,2.198226535,3.4187744010000003,0.583333333,0.541666667,8.404546842,89.82225811,94.35010251,4.65607761,-8.25,8849.469727,8549.955469,8531.448975
2012-01-30,8793.049805,98100000,8830.551953,8588.459961,8942.307911,8234.612011,56.38837983,8714.843723,8620.023444,94.82027852,58.989765500000004,35.83051302,-0.5448334429999999,-0.303033614,1.2440379540000002,2.688615364,0.583333333,0.5,17.93691469,72.78961024,85.27997259,4.859049495,-48.16992188,8841.219727,8569.988476999999,8549.955469
2012-01-31,8802.509766,138100000,8833.987890999999,8608.640967,8962.978889,8254.303045,58.40086052,8728.330806,8633.54095,94.78985674,66.14978375,28.64007299,0.107584526,-0.264772399,1.0596434909999999,2.595731213,0.583333333,0.541666667,16.064878699999998,66.73070073,76.44752303,3.558700463,9.459960938,8793.049805,8588.459961,8569.988476999999
2012-02-01,8809.790039,127200000,8819.207812999999,8626.362987999999,8983.702637,8269.023339,55.94435136,8740.862996,8646.596437999999,94.26655828,71.77313866,22.49341963,0.082706792,-0.228368961,0.72746169,2.516068341,0.666666667,0.541666667,14.62418206,37.26091679,58.92707592,5.149333156,7.280273437999999,8802.509766,8608.640967,8588.459961
2012-02-02,8876.820313,157800000,8824.67793,8642.198486,9014.161475,8270.235498,48.03048203,8761.779506,8663.650058,98.12944816,77.04440056,21.085047600000003,0.7608611909999999,0.54379262,1.098514636,3.078037715,0.666666667,0.583333333,1.359530629,94.16748883,66.05303545,4.84763185,67.03027344,8809.790039,8626.362987999999,8608.640967
2012-02-03,8831.929688,157500000,8822.819922,8659.359473,9033.079029,8285.639916,45.26152499,8772.571842,8676.115216,96.456626,80.92684565,15.52978036,-0.505706136,0.068470532,0.319375129,2.354559666,0.583333333,0.583333333,12.40402055,47.37641604,59.60160722,3.290415467,-44.890625,8876.820313,8642.198486,8626.362987999999
2012-02-06,8929.200195,143200000,8850.05,8686.302002,9056.237468000001,8316.366536,66.04888129,8796.668512,8694.862251,101.8062603,85.10272857,16.70353169,1.101350568,1.002768246,1.147051242,3.2175258230000003,0.583333333,0.625,0.0,100.0,80.51463496,3.3510560380000003,97.27050781,8831.929688,8659.359473,8642.198486
2012-02-07,8917.519531,129200000,8873.051953,8711.06499,9073.208713,8348.921268,76.19176787,8815.260976000001,8711.355383,103.90559300000001,88.86330145,15.04229152,-0.130814225,0.6344965370000001,0.870803825,2.8535473710000003,0.5,0.583333333,4.034485899,91.42076346,79.59905983,1.7243094469999998,-11.68066406,8929.200195,8686.302002,8659.359473
2012-02-08,9015.589844,157400000,8914.211914,8739.450488,9103.619305,8375.281672,82.65868787,8846.080802,8733.891269,112.1895328,93.52854772,18.66098507,1.099748783,1.3351032409999999,1.740668175,3.757559492,0.583333333,0.583333333,0.0,100.0,97.14025449,2.848417641,98.0703125,8917.519531,8711.06499,8686.302002
2012-02-09,9002.240234,178300000,8939.295898,8770.283008,9113.189072,8427.376944,78.95799475,8870.10533,8753.768970000001,116.3363597,98.09011012,18.24624961,-0.148072501,0.821568959,1.383211276,3.34942268,0.5,0.583333333,5.346485087,94.00125504,95.14067283,2.469004059,-13.34960938,9015.589844,8739.450488,8711.06499
2012-02-10,8947.169922,154000000,8962.343945,8792.640527,9120.107259999999,8465.173795,60.98073288,8881.961421,8768.094967,113.8664544,101.245379,12.6210754,-0.61174009,0.073391944,0.70301521,2.4443269709999997,0.41666666700000005,0.583333333,29.714232399999997,67.89004281,87.29709928,0.714562182,-55.0703125,9002.240234,8770.283008,8739.450488
2012-02-13,8999.179688,126800000,8976.339844,8823.681494,9102.224788,8545.138201,75.53815872,8899.995001000001,8785.212353,114.78264709999999,103.9528326,10.829814500000001,0.581298512,0.34227027,1.146371497,2.7570092010000002,0.5,0.583333333,7.374024162,92.02615558,84.63915114,1.691739342,52.00976563,8947.169922,8792.640527,8770.283008
2012-02-14,9052.070313,141700000,9003.25,8852.96499,9095.984757,8609.945224,71.70303417,8923.391201999999,8804.979609999999,118.41159270000001,106.84458459999999,11.56700809,0.58772718,0.702069125,1.540306184,3.06467465,0.583333333,0.583333333,0.0,100.0,86.63873279,2.384858565,52.890625,8999.179688,8823.681494,8792.640527
2012-02-15,9260.339844,208100000,9052.2,8888.452979000002,9150.987824,8625.918133,85.73575041,8975.229455,8838.709997,136.5194575,112.7795592,23.73989832,2.300794449,2.368330845,3.4247668019999997,5.000243467,0.666666667,0.625,0.0,100.0,97.34205186,5.3143112960000005,208.2695313,9052.070313,8852.96499,8823.681494
2012-02-16,9238.099609,180000000,9099.371875,8918.373975,9196.612009,8640.13594,77.54992479,9015.671017,8868.294413,147.37660400000001,119.6989682,27.67763588,-0.240166503,1.70552918,2.759777063,4.384077694,0.583333333,0.583333333,4.759406903,93.51256808,97.83752269,4.94847328,-22.24023438,9260.339844,8888.452979000002,8852.96499
2012-02-17,9384.169922,188700000,9186.771875,8949.264453,9284.482385,8614.046521,85.59119666,9072.363156,8906.507414,165.85574259999999,128.93032309999998,36.92541954,1.581172738,2.594685728,3.831760332,5.534821291,0.583333333,0.625,0.0,100.0,97.83752269,6.5197908270000005,146.0703125,9238.099609,8918.373975,8888.452979000002
2012-02-20,9485.089844,169300000,9283.953906,8985.223926,9382.585249,8587.862602,96.18128100000001,9135.85957,8949.365371,186.4941983,140.4430981,46.05110017,1.075427264,2.691479836,4.363071806000001,6.163009923,0.583333333,0.625,0.0,100.0,97.83752269,6.852335745,100.9199219,9384.169922,8949.264453,8918.373975
2012-02-21,9463.019531,169900000,9366.14375,9019.108398,9456.109096,8582.107701,91.97942445,9186.191872,8987.413828,198.7780438,152.1100872,46.66795653,-0.232684275,1.602153615,3.521210702,5.467196513999999,0.583333333,0.583333333,3.3790047189999997,95.89710074,98.63236691,7.145548777,-22.0703125,9485.089844,8985.223926,8949.264453
2012-02-22,9554.0,165000000,9424.875781,9052.623877,9542.553117,8562.694637,92.49674232,9242.777737,9029.383173999999,213.3945636,164.3669825,49.02758108,0.961431692,1.6658436380000001,3.9245567869999998,6.030989373,0.583333333,0.583333333,0.0,100.0,98.63236691,6.997265052,90.98046875,9463.019531,9019.108398,8985.223926
2012-02-23,9595.570313,180000000,9496.369922,9089.928906000001,9623.939996,8555.917817,89.54573941,9297.053518,9071.322962,225.73055630000002,176.63969730000002,49.09085905,0.43510898600000003,1.504713365,3.739129817,6.085562044,0.666666667,0.583333333,0.0,100.0,98.63236691,7.603580557000001,41.5703125,9554.0,9052.623877,9019.108398
2012-02-24,9647.379883,180000000,9549.011914,9130.236914,9703.340717000001,8557.133111,95.13248891,9350.949881999999,9113.993845,236.95603709999997,188.70296519999997,48.25307184,0.539932163,1.321652351,3.708941561,6.227010439,0.666666667,0.625,0.0,100.0,100.0,7.007750463,51.80957031,9595.570313,9089.928906000001,9052.623877
2012-02-27,9633.929688,177100000,9578.779883,9172.280908,9763.364178,8581.197639,88.92754947,9394.485237,9152.507610999999,241.9776256,199.35789730000002,42.61972834,-0.139418116,0.7399727190000001,2.981593749,5.6675160689999995,0.666666667,0.583333333,1.9208803159999999,96.71369568,98.90456523,7.017025059,-13.45019531,9647.379883,9130.236914,9089.928906000001
2012-02-28,9722.519531,185500000,9630.679883,9218.281395999998,9829.936218,8606.626575,88.48496552,9444.952051,9194.730716,250.221335,209.5305848,40.69075015,0.91956083,1.247384435,3.215689275,6.231948475,0.75,0.583333333,0.0,100.0,98.90456523,8.665864359,88.58984375,9633.929688,9172.280908,9130.236914
2012-02-29,9723.240234,179200000,9664.52793,9263.953906,9883.148025,8644.759788,95.31549733,9487.765618000001,9233.879569,253.88604840000002,218.4016776,35.48437087,0.00741272,0.7996348109999999,2.5663403330000003,5.8188779,0.75,0.625,0.0,100.0,98.90456523,8.045850533,0.720703125,9722.519531,9218.281395999998,9172.280908
2012-03-01,9707.370117,175100000,9686.887891,9305.481396,9926.651526,8684.311267000001,86.17036467,9521.550925,9268.952943,252.5979821,225.24093849999997,27.35704364,-0.16321840099999999,0.36913820700000005,1.8124527480000001,5.232842894,0.666666667,0.625,2.191821838,93.90128572,97.96709524,7.239225747000001,-15.87011719,9723.240234,9263.953906,9218.281395999998
2012-03-02,9777.030273,158500000,9712.817969,9352.736426000001,9966.366284,8739.106568000001,87.78832114,9560.855441,9306.588301,254.2671394,231.0461787,23.22096074,0.717600703,0.774266508,2.082062814,5.519013057,0.666666667,0.666666667,0.0,100.0,97.96709524,5.579605483,69.66015625,9707.370117,9305.481396,9263.953906
2012-03-05,9698.589844,132600000,9725.75,9391.205908,9990.095154,8792.316663,59.59953576,9582.045349,9335.625452,246.4198963,234.1209222,12.298974099999999,-0.802293002,-0.122103249,0.8589587890000001,4.252348648,0.666666667,0.625,14.55482772,64.82969398,86.24365990000001,4.984685745,-78.44042969,9777.030273,9352.736426000001,9305.481396
2012-03-06,9637.629883,171900000,9708.77207,9427.211426,9993.561086,8860.861766,50.5887508,9590.596816,9357.996151000001,232.6006645,233.8168706,-1.21620613,-0.628544581,-0.756183217,0.0053520980000000004,3.214381368,0.583333333,0.583333333,25.86610856,23.17843016,62.66937471,2.700931068,-60.95996094,9698.589844,9391.205908,9352.736426000001
2012-03-07,9576.05957,155800000,9679.335938,9455.234912,9992.035958,8918.433866,24.50402054,9588.360316,9374.148997,214.2113194,229.89576040000003,-15.68444101,-0.6388532579999999,-1.141712688,-0.711638221,2.2359946369999997,0.5,0.541666667,51.15576116,0.0,29.33604138,0.959081338,-61.5703125,9637.629883,9427.211426,9391.205908
2012-03-08,9768.959961,144100000,9691.653906,9493.570898,10004.37479,8982.767005,54.76841846,9616.144876999999,9403.394253,212.7506235,226.466733,-13.71610951,2.0144025759999997,0.7704206809999999,1.021386551,3.862508653,0.583333333,0.583333333,2.570075292,95.98433385,39.72092134,3.233010655,192.9003906,9576.05957,9455.234912,9427.211426
2012-03-09,9929.740234,265400000,9722.195898,9542.699414,10021.86964,9063.529188,67.80922735,9664.390317,9442.382845,222.0074719,225.57488080000002,-3.567408871,1.64582795,2.03882894,2.352611127,5.1060404539999995,0.583333333,0.583333333,0.0,100.0,65.32811128,3.932805468,160.78027340000003,9768.959961,9493.570898,9455.234912
2012-03-12,9889.860352,153500000,9760.45,9587.233447,10019.312590000001,9155.1543,59.48899474,9699.078014,9475.529327,223.54868760000002,225.16964219999997,-1.620954539,-0.401620605,1.433008941,1.684496396,4.23690158,0.5,0.583333333,10.61368445,88.72432483,94.90288623,3.066936404,-39.87988281,9929.740234,9542.699414,9493.570898
2012-03-13,9899.080078,206000000,9812.740039,9629.583935999999,10005.998440000001,9253.169426999999,69.08302009,9729.847563,9506.903456,222.9441062,224.724535,-1.780428794,0.093224032,1.1808086629999999,1.5602672780000002,3.9308329630000003,0.5,0.583333333,8.668881102,91.3311189,93.35181458,2.6090005609999998,9.219726563,9889.860352,9587.233447,9542.699414
2012-03-14,10050.51953,168100000,9907.632031000001,9669.092920000001,10048.056190000001,9290.129652,83.52519708,9779.181712,9547.171314,232.01039780000002,226.18170750000002,5.828690271,1.5298336000000001,2.01118693,2.748013536,5.039113148999999,0.583333333,0.625,0.0,100.0,93.35181458,4.324194355,151.4394531,9899.080078,9629.583935999999,9587.233447
2012-03-15,10123.280270000001,177600000,9978.496094,9713.351953,10087.362509999999,9339.3414,93.63937398,9832.119952,9589.846051999999,242.2739003,229.4001461,12.87375424,0.72395006,1.807266474,3.1397183039999996,5.2604497619999995,0.583333333,0.666666667,0.0,100.0,97.11037297,4.121984438999999,72.76074219,10050.51953,9669.092920000001,9629.583935999999
2012-03-16,10129.83008,163000000,10018.51406,9750.634961,10134.487079999999,9366.782845,90.94934675,9877.92151,9629.844868,248.0766414,233.1354452,14.94119628,0.064700418,1.2606477740000002,2.851399603,4.8151192830000005,0.583333333,0.666666667,0.0,100.0,100.0,4.181629107,6.549804687999999,10123.280270000001,9713.351953,9669.092920000001
2012-03-19,10141.99023,135100000,10068.940040000001,9783.47998,10182.92486,9384.035098,86.34296263,9918.547467,9667.781562,250.76590530000004,236.6615372,14.104368099999999,0.120043043,1.024961175,2.597576913,4.4501317380000005,0.666666667,0.666666667,0.0,100.0,100.0,4.477217948,12.16015625,10129.83008,9750.634961,9713.351953
2012-03-21,10086.49023,149900000,10106.42207,9814.653516,10206.4355,9422.871536,81.95883979,9944.384816,9698.797019,245.5877969,238.4467891,7.141007731,-0.54722987,0.145208089,1.7706353240000001,3.511586113,0.583333333,0.625,9.806855066,85.12185097,95.04061699,3.165173394,-55.5,10141.99023,9783.47998,9750.634961
2012-03-22,10127.08008,146900000,10121.73418,9843.30752,10238.45677,9448.158267,83.62831858,9972.49178,9730.521690000001,241.9700892,239.15144909999998,2.81864007,0.40241791600000004,0.17027929,1.813363766,3.534571377,0.666666667,0.666666667,2.63462597,94.08631929,93.06939009,4.418067382,40.58984375,10086.49023,9814.653516,9783.47998
2012-03-23,10011.469729999999,121600000,10099.37207,9864.102490000001,10248.54256,9479.662417,43.55977027,9978.488387000001,9751.332656,227.15573080000001,236.7523055,-9.596574674,-1.141596103,-0.90947045,0.336809222,2.079849423,0.666666667,0.625,23.06298564,48.23282891,75.81366639,3.87896037,-115.61035159999999,10127.08008,9843.30752,9814.653516
2012-03-26,10018.24023,126600000,10077.0541,9882.645508,10259.17804,9506.112976999999,27.85653407,9984.604056,9771.103588,213.5004679,232.101938,-18.60147004,0.067627511,-0.670343725,0.035232997,1.918032515,0.75,0.625,21.8666363,49.05523839999999,63.7914622,4.61756384,6.770507812999999,10011.469729999999,9864.102490000001,9843.30752
2012-03-27,10255.15039,161100000,10099.68613,9913.706543,10305.23899,9522.174090999999,63.40206616,10026.22657,9806.958906,219.2676623,229.53508280000003,-10.26742056,2.364788134,1.468461848,1.9882470859999999,3.979044889,0.75,0.666666667,0.0,100.0,65.7626891,4.976890392,236.9101563,10018.24023,9882.645508,9864.102490000001
2012-03-28,10182.57031,141100000,10118.90215,9936.709082,10334.6139,9538.804264,53.84309475,10050.27945,9834.781974,215.4974788,226.727562,-11.23008321,-0.7077426990000001,0.682950004,1.054688256,2.9697046719999998,0.666666667,0.625,14.92832308,70.21508522,73.09010787,2.546190254,-72.58007813,10255.15039,9913.706543,9882.645508
2012-03-29,10114.79004,149300000,10116.444140000001,9956.286571999999,10348.74537,9563.827775,52.61918233,10060.20416,9855.523312000001,204.6808463,222.31821890000003,-17.637372600000003,-0.665649943,-0.033867211,0.19563174600000002,2.061005857,0.666666667,0.583333333,38.42435779,42.39988138,70.87165553,2.2743464469999997,-67.78027344,10182.57031,9936.709082,9913.706543
2012-03-30,10083.55957,137400000,10130.86211,9975.096045,10353.8526,9596.339493000001,45.90111162,10063.7973,9872.414886,191.3824119,216.13105750000003,-24.74864556,-0.308760425,-0.271030638,-0.265613795,1.559639565,0.583333333,0.541666667,46.97385693,29.58373576,47.39956745,1.8636023830000001,-31.23046875,10114.79004,9956.286571999999,9936.709082
2012-04-02,10109.87012,151900000,10149.188090000001,9991.738037000001,10363.40388,9620.07219,61.14180194,10070.88542,9890.004163,180.8812615,209.0810983,-28.19983675,0.260925189,-0.17273327800000002,-0.054273799000000005,1.621662805,0.583333333,0.583333333,40.80100709,40.38087757,37.45483157,0.590522567,26.31054688,10083.55957,9975.096045,9956.286571999999
2012-04-03,10050.38965,112400000,10108.23594,10009.32803,10356.31319,9662.342868000002,53.25206705,10067.73223,9901.884569,165.84765890000003,200.43441040000002,-34.58675151,-0.5883405829999999,-0.8125361959999999,-0.5825954560000001,0.885246493,0.5,0.541666667,84.02830933,15.97169067,28.64543467,-0.7200297040000001,-59.48046875,10109.87012,9991.738037000001,9975.096045
2012-04-04,9819.990234,147800000,10035.71992,10018.44604,10334.04707,9702.845023,5.393923377999999,10029.61808,9895.818322,133.799753,187.10747890000002,-53.30772589,-2.292442603,-2.38767492,-2.612947471,-1.467361564,0.41666666700000005,0.5,100.0,0.0,18.78418941,-3.0586874739999996,-230.39941409999997,10050.38965,10009.32803,9991.738037000001
2012-04-05,9767.610352,165100000,9966.283984,10028.02358,10297.6152,9758.431969,5.62694887,9989.309195,9886.321435,102.9877592,170.283535,-67.29577579,-0.5334005589999999,-2.23625122,-2.831771283,-2.017612216,0.333333333,0.5,100.0,0.0,5.323896888,-3.691384769,-52.37988281,9819.990234,10018.44604,10009.32803
2012-04-06,9688.450195,118400000,9887.262109000001,10023.9981,10310.79776,9737.198435,5.493255256,9943.023195,9871.664307,71.35888821,150.4986056,-79.13971743,-0.810435239,-2.333958294,-3.300171269,-2.775699592,0.333333333,0.45833333299999995,100.0,0.0,0.0,-3.946269017,-79.16015625,9767.610352,10028.02358,10018.44604
2012-04-09,9546.259766,111600000,9774.540039,10004.82407,10357.88688,9651.761264,4.46001268,9881.982667,9847.560266,34.42240072,127.2833647,-92.86096393,-1.467628226,-2.890704338,-4.256835446,-4.14153528,0.25,0.45833333299999995,100.0,0.0,0.0,-5.735318651,-142.19042969999998,9688.450195,10023.9981,10028.02358
2012-04-10,9538.019531,134800000,9672.066015999999,9987.232031,10392.63725,9581.826813,0.0,9829.065262,9824.631323,4.43393854,102.71347940000001,-98.27954089,-0.086318983,-2.024632712,-3.9594461589999996,-4.184346794,0.25,0.45833333299999995,100.0,0.0,0.0,-4.72907783,-8.240234375,9546.259766,10004.82407,10023.9981
2012-04-11,9458.740234,155800000,9599.816015999999,9965.215039,10430.748029999999,9499.682052,0.0,9772.092181,9797.528279,-25.43609897,77.08356375,-102.5196627,-0.8311924359999999,-1.8447700740000001,-4.308477281,-4.934075962,0.166666667,0.45833333299999995,100.0,0.0,0.0,-5.58481317,-79.27929688,9538.019531,9987.232031,10004.82407
2012-04-12,9524.790039,134700000,9551.251953,9938.928564,10440.2234,9437.633729000001,15.45748534,9734.045697,9777.325447,-43.27974965,53.01090107,-96.29065072,0.698293885,-0.652129076,-3.043269586,-4.172250483,0.166666667,0.45833333299999995,91.70655922,10.1438755,3.381291835,-7.121888258999999,66.04980469,9458.740234,9965.215039,9987.232031
2012-04-13,9637.990234,171400000,9541.159961,9914.664063,10424.818070000001,9404.510054,36.72251843,9719.267934,9767.00432,-47.73638631,32.86144359,-80.59782990000001,1.188479692,0.7556356359999999,-1.435631963,-2.914619247,0.25,0.45833333299999995,77.49275313,30.29665808,13.48017786,-5.34815927,113.2001953,9524.790039,9938.928564,9965.215039
2012-04-16,9470.639648,113000000,9526.035937999999,9881.704541,10416.57279,9346.836290000001,31.10302266,9681.017428000001,9745.051381000001,-64.03395309999999,13.48236426,-77.51631736,-1.7363639290000001,-0.616690311,-2.6124509,-4.4322195660000006,0.25,0.45833333299999995,98.35604869,3.29395545,14.57816301,-6.368401006,-167.35058590000003,9637.990234,9914.664063,9938.928564
2012-04-17,9464.709961,109200000,9511.374023,9847.840527,10398.044240000001,9297.636813,40.73402558,9647.739356,9724.28535,-76.54599386,-4.523307367,-72.02268649,-0.062611267,-0.537053114,-2.154544414,-4.317306933999999,0.25,0.41666666700000005,99.09004979,1.932762747,11.84112543,-6.1372137989999995,-5.9296875,9470.639648,9881.704541,9914.664063
2012-04-18,9667.259766,116800000,9553.07793,9826.879004,10371.02763,9282.730373999999,60.18667332,9650.742495999999,9720.061233,-69.31873659,-17.48239321,-51.83634338,2.14005295,1.362063019,0.321933724,-2.111616754,0.25,0.41666666700000005,67.97573929,90.77513679,32.00061833,-4.378002352,202.54980469999998,9464.709961,9847.840527,9881.704541
2012-04-19,9588.379883,118800000,9565.795898,9799.943994,10335.24576,9264.642227,60.22459275,9641.148248,9710.307059,-69.15881074,-27.81767672,-41.34113402,-0.815948725,0.307756172,-0.09748934699999999,-2.690730046,0.25,0.375,80.0900478,62.171465500000004,51.62645501,-4.596933868,-78.87988281,9667.259766,9826.879004,9847.840527
2012-04-20,9561.360352,109800000,9550.469922,9777.438525,10313.12295,9241.754101999999,53.07349871,9628.873187000001,9699.273969,-70.40078231,-36.33429784,-34.06648448,-0.281794543,-0.038643671,-0.154798734,-2.731123699,0.25,0.333333333,82.65524908,49.21367153,67.38675794,-2.6337081469999997,-27.01953125,9588.379883,9799.943994,9826.879004
2012-04-23,9542.169922,101500000,9564.775977,9753.63501,10286.70587,9220.564149,40.43556581,9615.534223,9687.636633,-72.10240933,-43.48792014,-28.614489199999998,-0.200708152,-0.072432757,-0.159327255,-2.67890958,0.25,0.291666667,76.90527682,40.01049062,50.46520922,-2.308040775,-19.19042969,9561.360352,9777.438525,9799.943994
2012-04-24,9468.040039,106400000,9565.441992,9714.279492,10208.22127,9220.337717,49.68118539,9592.84281,9671.370218,-78.52740795,-50.4958177,-28.03159025,-0.776866095,-0.844237177,-0.7442046959999999,-3.180506129,0.25,0.291666667,96.98908889,1.644078665,30.28941361,-2.274978472,-74.12988281,9542.169922,9753.63501,9777.438525
2012-04-25,9561.009766,97500000,9544.191992,9683.201465,10131.48058,9234.922348999999,59.73237955,9587.945419,9663.19537,-75.24995109,-55.44664438,-19.80330671,0.981932123,-0.038616171,0.217506158,-1.993420955,0.333333333,0.291666667,55.47884348,47.54376576,29.73277835,0.154510776,92.96972656,9468.040039,9714.279492,9753.63501
2012-04-26,9561.830078,104900000,9538.882031000001,9655.553467,10060.014809999999,9251.092120000001,32.00918538,9583.927673999999,9655.68683,-71.75915567,-58.70914664,-13.05000904,0.008579768,0.15395624,0.20526359100000002,-1.796416354,0.41666666700000005,0.333333333,50.56106105,47.94875874,32.37886772,0.249638269,0.8203125,9561.009766,9683.201465,9714.279492
2012-04-27,9520.889648,165500000,9530.787891,9627.419971,9984.368189,9270.471752,36.77026861,9574.229516,9645.701853,-71.47233707,-61.26178472,-10.21055234,-0.42816520799999996,-0.157234017,-0.277905334,-2.008331931,0.41666666700000005,0.291666667,70.19491954,27.73623385,41.07625279,0.657058049,-40.94042969,9561.830078,9655.553467,9683.201465
2012-05-01,9350.950195,117900000,9492.543945,9589.473975,9890.119804,9288.828145,23.56591468,9539.878851000001,9623.868397,-83.98954568,-65.80733691,-18.18220877,-1.784911488,-1.57738833,-1.9090194219999999,-3.382751733,0.333333333,0.25,100.0,0.0,25.22833087,-1.825130455,-169.9394531,9520.889648,9627.419971,9655.553467
2012-05-02,9380.25,94500000,9474.985938,9555.966992,9784.359913,9327.574072,30.16171565,9515.320567,9605.82259,-90.50202333,-70.7462742,-19.75574913,0.313335052,-0.9877557929999999,-1.379467227,-2.7440839360000004,0.333333333,0.291666667,90.73698445,12.34041328,13.35888238,-2.674211408,29.29980469,9350.950195,9589.473975,9627.419971
2012-05-07,9119.139648,133000000,9386.611914,9520.924463,9788.269524,9253.579402,20.68458486,9454.369656,9569.772002,-115.4023456,-79.67748847,-35.72485709,-2.783618257,-3.14941279,-3.8285148330000003,-5.0428806569999995,0.333333333,0.291666667,100.0,0.0,4.113471093,-3.711470535,-261.1103516,9380.25,9555.966992,9589.473975
2012-05-08,9181.650391,112400000,9310.575977,9491.626465000001,9772.500965000001,9210.751965000001,16.40584463,9412.412846,9541.022253000001,-128.6094067,-89.46387211,-39.14553456,0.685489472,-1.8262726790000001,-2.9277878630000003,-4.016362324,0.41666666700000005,0.333333333,88.59543005,14.12064458,8.820352622,-2.990684041,62.51074219,9119.139648,9520.924463,9555.966992
2012-05-09,9045.05957,131600000,9215.409961,9459.456934,9786.393398,9132.520469,13.10845913,9355.896956999999,9504.284276,-148.3873188,-101.2485614,-47.13875733,-1.487649981,-2.38782596,-3.8447790580000003,-5.003662971000001,0.333333333,0.291666667,100.0,0.0,4.706881528,-6.436158853999999,-136.59082030000002,9181.650391,9491.626465000001,9520.924463
2012-05-10,9009.650391,141500000,9147.15,9432.626465000001,9810.735172,9054.517758,13.21280552,9302.628255,9467.644729000001,-165.0164743,-114.002144,-51.01433027,-0.39147536200000005,-1.867597529,-3.727623117,-4.942625952,0.333333333,0.291666667,100.0,0.0,4.706881528,-6.035738042,-35.40917969,9045.05957,9459.456934,9491.626465000001
2012-05-11,8953.30957,143400000,9061.761914,9403.390967,9831.496952,8975.284982,15.79504445,9248.886919,9429.545829,-180.65890969999998,-127.33349720000001,-53.32541257,-0.625338586,-1.772204818,-3.808831548,-5.17577546,0.333333333,0.291666667,100.0,0.0,0.0,-6.359458893999999,-56.34082031,9009.650391,9432.626465000001,9459.456934
2012-05-14,8973.839844,112700000,9032.701953,9379.145946999999,9845.20772,8913.084175,14.50517884,9206.571984,9395.78983,-189.2178455,-139.7103668,-49.50747865,0.22930373699999998,-0.809854265,-3.0951827689999996,-4.6242546739999995,0.41666666700000005,0.333333333,96.6261986,3.6171589219999998,1.205719641,-5.955983626,20.53027344,8953.30957,9403.390967,9432.626465000001
2012-05-15,8900.740234,144900000,8976.519922,9347.943457,9852.771308,8843.115606,21.59818546,9159.520945999999,9359.119489,-199.5985435,-151.6880022,-47.91054136,-0.814585625,-1.220415698,-3.391365341,-5.070026875,0.41666666700000005,0.333333333,100.0,0.0,1.205719641,-5.991734322,-73.09960938,8973.839844,9379.145946999999,9403.390967
2012-05-16,8801.169922,145300000,8927.741992,9306.102440999999,9845.375387,8766.829495999998,4.870290832,9104.390019,9317.789892,-213.3998727,-164.0303763,-49.36949642,-1.118674513,-1.633175181,-3.8110185580000002,-5.82014369,0.333333333,0.333333333,100.0,0.0,1.205719641,-7.9472760970000005,-99.5703125,8900.740234,9347.943457,9379.145946999999
2012-05-17,8876.589844,160100000,8901.129883,9276.399951000001,9840.995447,8711.804455,26.62545831,9069.343837999999,9285.108407,-215.7645685,-174.3772147,-41.38735376,0.856930642,-0.477920787,-2.377494381,-4.732132813,0.333333333,0.375,90.08493856,19.82228473,6.607428245,-7.166413006,75.41992188,8801.169922,9306.102440999999,9347.943457
2012-05-18,8611.30957,155100000,8832.729883,9233.729932,9860.517027,8606.942836,16.25609895,8998.877028,9235.197381999998,-236.320354,-186.76584259999998,-49.55451143,-2.988538145,-2.7281335189999996,-4.498872194,-7.227679499,0.333333333,0.375,100.0,0.0,6.607428245,-9.553519804,-265.2802734,8876.589844,9276.399951000001,9306.102440999999
2012-05-21,8633.889648,110800000,8764.739844,9182.061426,9827.472593,8536.650259,21.29998807,8942.725123,9190.656068,-247.93094490000001,-198.998863,-48.93208189,0.26221421899999997,-1.883044531,-3.6096805560000003,-6.610940917000001,0.41666666700000005,0.375,97.51752719,5.2057817,8.342688812,-7.668317463999999,22.58007813,8611.30957,9233.729932,9276.399951000001
2012-05-22,8729.290039,111000000,8730.449805,9139.106934,9784.983601,8493.230267,30.63280449,8909.888956,9156.480807,-246.5918503,-208.5174605,-38.07438982,1.104952629,-0.33727676799999995,-1.9508080159999999,-5.19075197,0.41666666700000005,0.375,84.65674788,29.61797103,11.60791758,-6.939686692,95.40039063,8633.889648,9182.061426,9233.729932
2012-05-23,8556.599609,142700000,8681.535742,9088.868896,9751.639290000001,8426.098503,26.45908263,8855.536748999999,9112.045162,-256.5084133,-218.11565099999999,-38.39276225,-1.978287225,-1.664949524,-3.3817620510000004,-6.6803409060000005,0.41666666700000005,0.375,100.0,0.0,11.60791758,-6.168784126,-172.69042969999998,8729.290039,9139.106934,9182.061426
2012-05-24,8563.379883,134200000,8618.89375,9039.929395000001,9706.124315000001,8373.734473999999,31.36883729,8810.589539,9071.40329,-260.8137509,-226.655271,-34.15847991,0.079240279,-1.136746706,-2.739363248,-6.222294278,0.41666666700000005,0.41666666700000005,98.91524439,1.625028671,10.41433323,-6.733762249,6.780273437999999,8556.599609,9088.868896,9139.106934
2012-05-25,8580.389648,113600000,8612.709766,8995.546875,9660.013616,8331.080134,24.45410213,8775.174170999999,9035.031909000001,-259.8577379,-233.2957644,-26.56197347,0.198633785,-0.37256126799999995,-2.115675516,-5.567701522,0.5,0.41666666700000005,96.193903,6.912883087000001,2.8459705860000004,-5.137278735,17.00976563,8563.379883,9039.929395000001,9088.868896
2012-05-28,8593.150391,97000000,8604.561914,8947.153906,9580.070538,8314.237275,47.22524808,8747.170513,9002.299945,-255.1294321,-237.66249790000003,-17.46693416,0.148719845,-0.189320798,-1.5804101369999999,-4.993673136,0.583333333,0.45833333299999995,92.51713873,11.42246773,6.653459829,-4.622820886,12.76074219,8580.389648,8995.546875,9039.929395000001
2012-05-29,8657.080078,129700000,8590.119922,8901.916406,9479.550324,8324.282489,53.14598971,8733.310446,8976.728103,-243.417657,-238.81352969999998,-4.604127228,0.743960999,0.508110257,-0.567077292,-3.886479392,0.666666667,0.5,77.82136729,31.40110477,16.57881853,-3.308603259,63.9296875,8593.150391,8947.153906,8995.546875
2012-05-30,8633.19043,119000000,8605.438086,8857.531445,9370.949403,8344.113487999999,33.82491206,8717.907366,8951.280868,-233.37350130000002,-237.7255241,4.352022729,-0.27595503600000004,0.41748103200000003,-0.517102741,-3.74697494,0.583333333,0.5,81.64347203,44.35151412,29.05836221,-3.796027342,-23.88964844,8657.080078,8901.916406,8947.153906
2012-05-31,8542.730469,162800000,8601.308203,8817.120459,9294.81631,8339.424608,46.77206731,8690.957074,8921.017875,-230.06080079999998,-236.19257940000003,6.131778639,-1.0478161190000002,-0.607986362,-1.219906453,-4.344352005,0.583333333,0.5,100.0,0.0,25.25087296,-4.022247096,-90.45996094,8633.19043,8857.531445,8901.916406
2012-06-01,8440.25,125200000,8573.280273,8770.120459,9199.469523,8340.771395,30.174254600000005,8652.386755,8885.40544,-233.0186847,-235.55780049999998,2.539115754,-1.199621937,-1.565289107,-2.064295107,-4.995081355,0.583333333,0.45833333299999995,100.0,0.0,14.78383804,-4.1008175630000006,-102.4804688,8542.730469,8817.120459,8857.531445
2012-06-04,8295.629883,126800000,8513.776172,8728.944970999999,9174.168867,8283.721074,17.50361078,8597.501083,8841.718362,-244.21727909999998,-237.28969619999998,-6.927582901,-1.7134577430000002,-2.713441822,-3.19859057,-6.065111536,0.5,0.41666666700000005,100.0,0.0,0.0,-6.544855301,-144.62011719999998,8440.25,8770.120459,8817.120459
2012-06-05,8382.0,136900000,8458.760156,8688.962451000001,9107.191615,8270.733287000001,29.36977131,8564.34707,8807.66515,-243.3180798,-238.49537290000004,-4.822706907,1.0411520090000002,-1.293168731,-1.972154568,-4.574347787,0.583333333,0.45833333299999995,85.13320659,23.89544073,7.96514691,-2.662888478,86.37011719,8295.629883,8728.944970999999,8770.120459
2012-06-06,8533.530273,160100000,8438.828125,8663.385986,9052.962437999999,8273.809534,39.69302712,8559.606023999999,8787.358863,-227.75283829999998,-236.346866,8.594027691,1.807805696,0.735530625,-0.102292718,-2.4710692869999997,0.583333333,0.5,45.14128467,65.81830463,29.90458179,-1.162388901,151.53027340000003,8382.0,8688.962451000001,8728.944970999999
2012-06-07,8639.719727,127300000,8458.225977,8644.889453,9000.60498,8289.173927,50.47893297,8571.931209,8776.42263,-204.491421,-229.975777,25.48435596,1.244378935,1.97596248,1.2292669509999998,-0.907997974,0.583333333,0.5,20.65449436,95.19702803,61.63692446,-1.026089317,106.1894531,8533.530273,8663.385986,8688.962451000001
2012-06-08,8459.259766,182900000,8462.02793,8620.186963,8954.790857,8285.583069,44.59141704,8554.597141,8752.929085,-198.3319438,-223.6470103,25.31506659,-2.088724712,0.010185036,-0.790843338,-2.670829738,0.583333333,0.5,62.26771576,45.27038163,68.76190476,-1.13759961,-180.45996090000003,8639.719727,8644.889453,8663.385986
2012-06-11,8624.900391,108900000,8527.882031000001,8602.73999,8895.541203,8309.938778,61.05941889,8565.413026,8743.445478,-178.0324522,-214.52409869999997,36.4916465,1.958098339,1.598825296,1.090988139,-0.49945514799999996,0.583333333,0.5,8.902938197000001,95.69317834,78.720196,0.718413858,165.640625,8459.259766,8620.186963,8644.889453
2012-06-12,8536.719727,113200000,8558.825977,8584.538965,8844.381892,8324.696038,65.48681893,8560.998672,8728.132459,-167.13378730000002,-205.04603640000002,37.91224913,-1.022396318,0.086345874,0.100134285,-1.27551069,0.5,0.5,33.29929078,70.06595752,70.34317249,-0.508950335,-88.18066406,8624.900391,8602.73999,8620.186963
2012-06-13,8587.839844,101600000,8569.687891,8573.872461,8814.038308,8333.706614,63.84968382,8565.128083,8717.740414,-152.61233069999997,-194.55929530000003,41.94696462,0.5988262329999999,0.28233510100000003,0.704785936,-0.48204788200000004,0.5,0.541666667,19.156231,84.92257654,83.5605708,-0.061799766,51.12011719,8536.719727,8584.538965,8602.73999
2012-06-14,8568.889648,101600000,8555.521875,8558.487451,8754.472764,8362.502138,52.89574116,8565.706785,8706.714431,-141.00764569999998,-183.8489654,42.84131969,-0.22066312,-0.007762385,0.569238163,-0.516992311,0.41666666700000005,0.541666667,24.39905437,79.41523721,78.13459042,-1.01870872,-18.95019531,8587.839844,8573.872461,8584.538965
2012-06-15,8569.320313,106700000,8577.533984,8556.387988,8750.959433,8361.816544,43.02675388,8566.262713,8696.537089,-130.2743763,-173.1340475,42.85967125,0.005025903,0.134364777,0.637158619,-0.316929788,0.5,0.541666667,24.27990544,72.68373089,79.00718155,-0.7398205529999999,0.430664063,8568.889648,8558.487451,8573.872461
2012-06-18,8721.019531,109800000,8596.757813,8560.744482,8765.687251000001,8355.801714,77.49453273,8590.071454,8698.350603,-108.2791492,-160.1630679,51.88391866,1.7702596380000002,1.390129728,2.240304713,1.536166278,0.583333333,0.583333333,0.0,100.0,84.03298937,2.087026661,151.6992188,8569.320313,8556.387988,8558.487451
2012-06-19,8655.870117,99200000,8620.587891,8557.073486,8752.203929000001,8361.943043000001,54.12346604,8600.194325,8695.2039,-95.00957528,-147.13236940000002,52.12279408,-0.747038965,0.572353745,1.26321812,0.8487365170000001,0.583333333,0.583333333,15.31523259,75.11099007,82.59824032,2.554665054,-65.14941406,8721.019531,8560.744482,8556.387988
2012-06-20,8752.30957,114100000,8653.481836,8566.858984,8779.735114,8353.982854,78.08702290000001,8623.596671,8699.43395,-75.83727949,-132.8733514,57.03607189,1.11415088,1.2700901279999999,1.9375999419999999,2.033903118,0.666666667,0.583333333,0.0,100.0,91.70366336,5.505063436,96.43945313,8655.870117,8557.073486,8560.744482
2012-06-21,8824.070313,132500000,8704.517969,8579.893506,8820.446544,8339.340467,79.20538181,8654.438769,8708.666273,-54.22750388,-117.1441819,62.91667801,0.8199063529999999,1.6373932759999998,2.3343133430000003,2.7642807410000003,0.666666667,0.625,0.0,100.0,91.70366336,5.274043337,71.76074219,8752.30957,8566.858984,8557.073486
2012-06-22,8798.349609,113300000,8750.323828,8590.791504,8849.510006,8332.073001,77.90124659,8676.578899,8715.309483,-38.73058473,-101.4614625,62.73087772,-0.291483434,0.896693003,1.7755518609999998,2.383034599,0.583333333,0.583333333,5.818238049,91.04901664,97.01633888,3.1032799730000002,-25.72070313,8824.070313,8579.893506,8566.858984
2012-06-25,8734.620117,92800000,8753.043945,8597.86499,8864.081720999999,8331.648259,67.41835036,8685.508317,8716.739901,-31.23158381,-87.41548673,56.18390292,-0.72433462,-0.149598363,0.946010288,1.638812145,0.5,0.541666667,24.51962973,64.94632709,85.33178124,1.0984197820000001,-63.72949219,8798.349609,8590.791504,8579.893506
2012-06-26,8663.990234,127500000,8754.667969,8598.210498,8864.751479,8331.669517,42.75228857,8682.197843,8712.832518000001,-30.63467535,-76.05932445,45.4246491,-0.808619973,-0.849275728,-0.06729913,0.7644743890000001,0.5,0.541666667,43.88033172,37.26794359,64.42109577,2.420193663,-70.62988281,8734.620117,8597.86499,8590.791504
2012-06-27,8730.490234,106000000,8750.304102,8603.075488,8875.48013,8330.670847,59.45084167,8689.627441,8714.140497,-24.51305561,-65.75007068,41.23701508,0.767544725,-0.230247339,0.597630787,1.455727224,0.5,0.541666667,25.65169207,63.26591634,55.16006234,1.224244211,66.5,8663.990234,8598.210498,8597.86499
2012-06-28,8874.110352,118500000,8760.312109,8619.644482,8914.720468000001,8324.568496,63.77958671,8718.009428,8725.990115999999,-7.980688278,-54.1961942,46.21550592,1.645040695,1.176292312,1.922308022,2.978259348,0.583333333,0.541666667,0.0,100.0,66.84461998,3.9522279730000003,143.62011719999998,8730.490234,8603.075488,8598.210498
2012-06-29,9006.780273,143900000,8801.998242,8647.970996,8975.688283,8320.253709,68.16671489,8762.435712,8746.789387,15.64632477,-40.22769041,55.87401518,1.495022223,2.333610186,3.032934622,4.309192959,0.583333333,0.541666667,0.0,100.0,87.75530545,4.87829812,132.6699219,8874.110352,8619.644482,8603.075488
2012-07-02,9003.480469,99700000,8855.770312999999,8683.363525,9004.045051000001,8362.681999999999,71.34781902,8799.51952,8765.803541,33.71597936,-25.43895645,59.15493581,-0.036636896,1.900292701,2.5702469530000003,4.096973702,0.583333333,0.5,0.7535682429999999,99.03736856,99.67912285,5.071728522,-3.299804688,9006.780273,8647.970996,8619.644482
2012-07-03,9066.589844,121000000,8936.290234,8717.593018000001,9048.286978,8386.899056999999,84.59249611,8840.607262000001,8788.084008,52.52325455,-9.846514252999999,62.369768799999996,0.70094421,1.975984505,2.803883905,4.6082263789999995,0.583333333,0.541666667,0.0,100.0,99.67912285,5.802905168,63.109375,9003.480469,8683.363525,8647.970996
2012-07-04,9104.169922,105600000,9011.026172,8746.125,9105.589492000001,8386.660507999999,99.26142399,8881.155364,8811.497779000001,69.65758459999999,6.054305517,63.60327908,0.414489668,1.560637249,2.857612235,4.759065005,0.583333333,0.583333333,0.0,100.0,99.67912285,4.3934128260000005,37.58007813,9066.589844,8717.593018000001,8683.363525
2012-07-05,9079.799805,97100000,9052.164063,8768.129004,9151.90156,8384.356448,93.16200125,8911.716047,8831.372003,80.3440437,20.91225315,59.43179054,-0.267680825,0.6352056979999999,2.17447849,4.159261719,0.583333333,0.583333333,5.436120412,94.46359796,98.15453265,4.8975976039999995,-24.37011719,9104.169922,8746.125,8717.593018000001
2012-07-06,9020.75,108200000,9054.958008,8796.203516,9167.434029,8424.973001999999,72.90678269,8928.490501,8845.400003,83.09049825,33.34790217,49.74259607,-0.650342584,-0.289362138,1.255106123,3.124447121,0.5,0.583333333,18.60806563,81.04866621,91.83742139,3.067081066,-59.04980469,9079.799805,8768.129004,8746.125
2012-07-09,8896.879883,92100000,9033.637891,8809.80249,9174.810107,8444.794874,32.34698039,8923.627329,8849.213328,74.41400174,41.56112209,32.85287966,-1.3731687190000001,-1.4590479230000002,-0.20326428,1.459542279,0.41666666700000005,0.541666667,47.09214099,44.52734628,73.34653682,0.825124548,-123.8701172,9020.75,8796.203516,8768.129004
2012-07-10,8857.730469,108300000,8991.866016,8825.853027,9168.992445,8482.713609,29.00635796,8913.489351,8849.844227,63.64512385,45.97792244,17.66720141,-0.440035322,-1.6279909909999999,-0.697524496,0.8577147559999999,0.41666666700000005,0.5,55.98610298,0.0,41.85867083,0.674909068,-39.14941406,8896.879883,8809.80249,8796.203516
2012-07-11,8851.0,98000000,8941.232031,8839.011035,9164.354770999998,8513.667298999999,12.92522034,8903.875604,8849.92984,53.94576476,47.5714909,6.374273857,-0.075984122,-1.308912391,-0.880747226,0.68015867,0.41666666700000005,0.45833333299999995,57.51513054,0.0,14.84244876,1.33239776,-6.73046875,8857.730469,8825.853027,8809.80249
2012-07-12,8720.009766,141800000,8869.274023,8846.567041,9152.931728,8540.202354000001,0.0,8875.588552,8840.306131,35.28242182,45.11367709,-9.831255264,-1.479948417,-2.070354902,-2.398685633,-0.932288256,0.41666666700000005,0.45833333299999995,87.27348561,0.0,0.0,0.646578883,-130.9902344,8851.0,8839.011035,8825.853027
2012-07-13,8724.120117,122800000,8809.948047,8854.307031,9139.342453,8569.27161,1.12952656,8852.285716,8831.699759000001,20.585957,40.20813307,-19.62217607,0.047137005999999995,-1.367557616,-2.346877118,-0.932120891,0.41666666700000005,0.45833333299999995,86.33969615,1.069957802,0.356652601,-0.072964026,4.110351563,8720.009766,8846.567041,8839.011035
2012-07-17,8755.0,112000000,8781.57207,8856.006055,9138.234526999999,8573.777581999999,10.42212061,8837.318683,8826.018296,11.30038739,34.42658393,-23.12619654,0.35395985399999996,-0.5202946420000001,-1.892221832,-0.684033487,0.41666666700000005,0.5,90.89175859999999,9.108241395,3.3927330660000004,-1.342223016,30.87988281,8724.120117,8854.307031,8846.567041
2012-07-18,8726.740234,119000000,8755.374023,8859.549561,9133.289833,8585.809288,14.57197122,8820.306614,8818.664365,1.64224884,27.86971692,-26.22746808,-0.32278430199999997,-0.520872538,-1.952495565,-1.069560723,0.333333333,0.45833333299999995,98.24800447,1.870665671,4.016288288999999,-3.1092136210000003,-28.25976563,8755.0,8856.006055,8854.307031
2012-07-19,8795.549805,113200000,8744.283984,8861.711572,9132.698934,8590.724211,38.475683700000005,8816.497873999999,8816.952175,-0.454301381,22.20491326,-22.65921464,0.7884911029999999,0.38209941,-0.986640307,-0.39614248399999996,0.41666666700000005,0.5,80.33631603,25.11803558,12.03231421,-2.309447605,68.80957031,8726.740234,8859.549561,8856.006055
2012-07-20,8669.870117,116900000,8734.256055,8854.001563,9137.327573999999,8570.675551,26.70232302,8793.939758,8806.057208,-12.11745054,15.3404405,-27.45789104,-1.4289008680000002,-0.71017403,-2.0368603690000002,-1.86594179,0.333333333,0.45833333299999995,100.0,0.0,8.996233749,-4.375622295,-125.6796875,8795.549805,8861.711572,8859.549561
2012-07-23,8508.320313,103300000,8691.096094,8839.500098,9159.98744,8519.012756,24.75614414,8749.998304,8784.002623,-34.00431877,5.471488643,-39.47580741,-1.863347461,-2.1649815219999997,-3.319824988,-3.597815324,0.25,0.41666666700000005,100.0,0.0,8.372678525,-6.544798861,-161.54980469999998,8669.870117,8854.001563,8861.711572
2012-07-24,8488.089844,126200000,8637.714063,8827.173584,9180.164003,8474.183165,22.895579100000003,8709.704695,8762.083158,-52.37846297,-6.098501679,-46.27996129,-0.237772768,-1.95410374,-3.0062473589999996,-3.750795756,0.25,0.41666666700000005,100.0,0.0,0.0,-6.516773207000001,-20.23046875,8508.320313,8839.500098,8854.001563
2012-07-25,8365.900391,137400000,8565.546094,8812.269092,9213.445476,8411.092708,13.06381637,8656.811725,8732.736286,-75.92456123,-20.06371359,-55.86084764,-1.439540054,-2.636179444,-3.802641103,-4.962834664,0.25,0.375,100.0,0.0,0.0,-7.25936989,-122.1894531,8488.089844,8827.173584,8839.500098
2012-07-26,8443.099609,153400000,8495.056055,8797.899561,9229.218726000001,8366.580395,25.36379891,8623.932938,8711.281718,-87.34877961,-33.52072679,-53.82805282,0.922784341,-1.194114511,-2.490952913,-3.912574868,0.333333333,0.375,88.21115297,17.96795625,5.98931875,-5.100442845,77.19921875,8365.900391,8812.269092,8827.173584
2012-07-27,8566.639648,129100000,8474.409961,8782.526025,9223.689773,8341.362278,31.843728600000002,8615.118586,8700.567490000001,-85.44890452,-43.90636234,-41.54254218,1.463207172,0.701223562,-0.7862464440000001,-2.399378282,0.41666666700000005,0.41666666700000005,62.19453656,46.72164124,21.56319916,-3.286291238,123.54003909999999,8443.099609,8797.899561,8812.269092
2012-07-30,8635.44043,112000000,8499.833984,8763.959033,9196.989472,8330.928595,46.99833468,8618.245023000001,8695.743264,-77.49824029,-50.62473793,-26.87350236,0.803124493,1.578498256,0.219059531,-1.5691807269999998,0.5,0.45833333299999995,45.19651175,62.73487877,42.47482542,-2.43542617,68.80078125,8566.639648,8782.526025,8797.899561
2012-07-31,8695.05957,140300000,8541.22793,8748.537988,9168.108542,8328.967434,69.7993568,8630.062645999998,8695.69262,-65.62997373,-53.62578509,-12.00418865,0.690400694,1.906714759,0.935328376,-0.9042361940000001,0.583333333,0.5,32.14606375,76.61110871,62.02254291,-0.286125773,59.61914063,8635.44043,8763.959033,8782.526025
2012-08-01,8641.849609,123200000,8596.417773000001,8727.300976999999,9122.624252,8331.977701,65.23705745,8631.876025,8691.704249,-59.82822362,-54.86627279,-4.9619508219999995,-0.611956255,0.979801557,0.39755014200000005,-1.469184896,0.5,0.45833333299999995,35.7733981,83.83458089,74.39352279,-0.9430235570000001,-53.20996094,8695.05957,8748.537988,8763.959033
2012-08-02,8653.179688,127000000,8638.433789,8704.751465000001,9061.036917,8348.466013,86.48461607,8635.153512,8688.850577,-53.69706588,-54.63243141,0.935365529,0.131107097,0.549642867,0.628373515,-1.236344941,0.5,0.45833333299999995,33.13634618,87.27670823,82.57413261,-1.162996145,11.33007813,8641.849609,8727.300976999999,8748.537988
2012-08-03,8555.110352,141700000,8636.12793,8678.516992,8995.585714,8361.448271,63.50928934,8622.839179,8678.943894,-56.10471479,-54.92688809,-1.177826702,-1.133332942,-0.805099694,-0.346332464,-2.145475873,0.5,0.41666666700000005,55.96177843,57.48281458,76.19803457,-1.9667124059999999,-98.06933594,8653.179688,8704.751465000001,8727.300976999999
2012-08-06,8726.290039,113000000,8654.297852,8663.793994,8940.736721,8386.851267,67.2703686,8638.754696,8682.451015999999,-43.69631975,-52.68077442,8.984454673,2.000905663,0.8684978090000001,1.716027781,-0.055466510999999996,0.5,0.45833333299999995,16.12006519,100.0,81.58650759999999,-0.787441003,171.1796875,8555.110352,8678.516992,8704.751465000001
2012-08-07,8803.30957,109300000,8675.947852,8659.115479,8923.003396,8395.227561,67.84218153,8664.070831,8691.403501,-27.33267077,-47.61115369,20.27848292,0.882614844,1.430746946,2.480955559,0.9534992520000001,0.583333333,0.45833333299999995,0.0,100.0,85.82760486,1.539117095,77.01953125,8726.290039,8663.793994,8678.516992
2012-08-08,8881.160156,162300000,8723.809961,8660.286962999999,8927.87345,8392.700476,69.04196152,8697.469188,8705.45955,-7.990361489,-39.68699525,31.69663376,0.884333163,1.963344556,3.014633495,1.954906129,0.666666667,0.45833333299999995,0.0,100.0,100.0,4.382061677,77.85058594,8803.30957,8659.115479,8663.793994
2012-08-09,8978.599609,151200000,8788.893945,8666.666943,8957.235364,8376.098522,81.5966559,8740.720022,8725.692147,15.02787551,-28.7440211,43.77189661,1.097147798,2.42206307,3.653406424,3.1234211339999995,0.75,0.5,0.0,100.0,100.0,5.77880035,97.43945313,8881.160156,8660.286962999999,8659.115479
2012-08-10,8891.44043,120000000,8856.159961,8675.238476999999,8981.296731,8369.180221999999,69.57070687,8763.907777,8737.969797,25.9379799,-17.807620899999996,43.7456008,-0.970743585,0.9704241309999999,2.13083309,2.185592179,0.75,0.5,14.22544326,79.41879798,93.13959933,6.28193039,-87.15917969,8978.599609,8666.666943,8660.286962999999
2012-08-13,8885.150391,72100000,8887.932031,8683.289990000001,9002.268151,8364.311829,81.92256468,8782.560487,8748.872064,33.68842347,-7.508412025,41.1968355,-0.070742633,0.272640944,1.6285602909999999,2.119039178,0.666666667,0.5,15.252054500000002,77.93350905,85.78410234,5.235645695,-6.290039062999999,8891.44043,8675.238476999999,8666.666943
2012-08-14,8929.879883,117500000,8913.246094,8692.033984,9027.554606,8356.513363,76.06862402,8805.22501,8762.28005,42.94495928,2.582262236,40.36269705,0.503418515,0.392994314,1.78775834,2.59767657,0.666666667,0.541666667,9.097988154,88.49564052,81.94931585,4.240171751,44.72949219,8885.150391,8683.289990000001,8675.238476999999
2012-08-15,8925.040039,104400000,8922.02207,8701.948975,9052.374885,8351.523064,69.12145496,8823.658091,8774.336346,49.32174528,11.93015884,37.39158644,-0.054198307,0.110241776,1.4535078769999998,2.505737849,0.583333333,0.541666667,12.64720871,87.35279129,84.59398029,3.353617129,-4.83984375,8929.879883,8692.033984,8683.289990000001
2012-08-16,9092.759766,115300000,8944.854102,8716.809473000001,9105.022524,8328.596422,75.9200333,8865.058348999999,8797.923266,67.13508292,22.97114366,44.16393926,1.8792041919999998,1.589651493,2.9720985489999996,4.246076568,0.583333333,0.583333333,0.0,100.0,91.94947727,4.573863952,167.71972659999997,8925.040039,8701.948975,8692.033984
2012-08-17,9162.5,132500000,8999.066015999999,8741.440967,9174.534351,8308.347581999999,74.1669875,8910.818603,8824.92895,85.88965296,35.55484552,50.33480744,0.7669864390000001,2.01947432,3.254541914,4.826110469,0.666666667,0.583333333,0.0,100.0,95.78426376,6.024756437000001,69.74023438,9092.759766,8716.809473000001,8701.948975
2012-08-20,9171.160156,91300000,9056.267969,8774.582959000001,9232.009435,8317.156481999999,96.31435806,8950.871148999999,8850.575706,100.2954436,48.50296514,51.79247848,0.094517394,1.588566472,2.851825261,4.717447626,0.666666667,0.583333333,0.0,100.0,100.0,5.986013089,8.66015625,9162.5,8741.440967,8716.809473000001
2012-08-21,9156.919922,84200000,9101.675976999999,8808.024463,9274.485923999999,8341.563001999999,93.84373976,8982.570961,8873.26787,109.30309059999999,60.66299024,48.64010038,-0.155271897,0.924459687,2.117788052,4.341305716,0.666666667,0.583333333,2.3115394680000003,95.02106708,98.34035569,7.034503888,-14.24023438,9171.160156,8774.582959000001,8741.440967
2012-08-22,9131.740234,85900000,9143.016016,8846.316455,9286.299215000001,8406.333695000001,84.75797800000001,9005.52008,8892.413971,113.10610859999998,71.15161391,41.95449469,-0.27497988100000004,0.275111564,1.454705675,3.888563618,0.583333333,0.541666667,6.3988206110000005,86.21728115,93.74611608,4.646306661000001,-25.1796875,9156.919922,8808.024463,8774.582959000001
2012-08-23,9178.120117,102800000,9160.088086,8883.06748,9304.593573,8461.541388,88.12366499,9032.073932,8913.577389,118.4965423,80.62059959,37.87594271,0.507897527,0.319749089,1.617363347,4.165251813999999,0.583333333,0.583333333,0.0,100.0,93.74611608,4.257609526,46.37988281,9131.740234,8846.316455,8808.024463
2012-08-24,9070.759766,85700000,9141.740039,8908.273486,9310.968456999999,8505.578515000001,45.94933796,9038.025598,8925.220528,112.8050701,87.05749369,25.7475764,-1.16974228,-0.813981834,0.25332648399999996,2.6737049319999997,0.5,0.583333333,28.64389822,57.57850544,81.2652622,2.134851822,-107.36035159999999,9178.120117,8883.06748,8846.316455
2012-08-27,9085.389648,79500000,9124.585938,8930.770946999999,9320.03326,8541.508634,32.18750705,9045.312375,8937.084906999999,108.22746780000001,91.2914885,16.93597926,0.16128619,-0.514201356,0.31635324600000003,2.550412373,0.5,0.625,31.22658976,63.35923814,73.64591453,1.189384132,14.62988281,9070.759766,8908.273486,8883.06748
2012-08-28,9033.290039,124000000,9099.859961,8947.682471,9323.676104,8571.688838,23.47525805,9043.462785,8944.211214,99.25157154,92.88350511,6.368066425,-0.5734438629999999,-0.835183067,-0.388916516,1.643306467,0.5,0.625,49.43516855,0.0,40.31258119,1.5953501630000002,-52.09960938,9085.389648,8930.770946999999,8908.273486
2012-08-29,9069.80957,107500000,9087.473828,8969.080469,9320.955408,8617.20553,34.56414977,9047.516137,8953.514796,94.00134113,93.10707231,0.894268814,0.40427719100000004,-0.27534250600000004,-0.155635622,1.755245207,0.583333333,0.625,36.96987677,25.21543296,29.52489036,2.078289861,36.51953125,9033.290039,8947.682471,8930.770946999999
2012-08-30,8983.780273,98300000,9048.605859000001,8985.610498,9306.24668,8664.974316,28.43265927,9037.710619,8955.756683,81.95393646,90.87644514,-8.922508685,-0.9485237390000001,-0.952695375,-1.15156027,0.593916549,0.5,0.583333333,66.33444555,0.0,8.405144319,0.60359592,-86.02929688,9069.80957,8969.080469,8947.682471
2012-08-31,8839.910156,122800000,9002.435937999999,8999.850488,9262.863976,8736.837001,11.61144007,9007.279779,8947.175459,60.10432019,84.72202015,-24.61769996,-1.601442965,-1.929404219,-2.658579927,-1.111373489,0.5,0.541666667,100.0,0.0,8.405144319,-0.953831943,-143.87011719999998,8983.780273,8985.610498,8969.080469
2012-09-03,8783.889648,123400000,8942.135938,9002.730469,9254.729815,8750.731123,13.14324143,8972.912065999999,8935.080213,37.83185302,75.34398673,-37.51213370000001,-0.633722592,-2.031247745,-3.0005297489999996,-1.778721063,0.41666666700000005,0.5,100.0,0.0,0.0,-3.3968797719999997,-56.02050781,8839.910156,8999.850488,8985.610498
2012-09-04,8775.509766,110800000,8890.579883,9001.340479,9257.9882,8744.692756999999,9.537144008,8942.542481999999,8923.26018,19.28230145,64.13164967,-44.84934822,-0.095400593,-1.5576560380000002,-2.7467255610000003,-1.9334950569999998,0.333333333,0.5,100.0,0.0,0.0,-4.22363148,-8.379882813,8783.889648,9002.730469,8999.850488
2012-09-05,8679.820313,111700000,8812.582031,8991.273486,9279.802613,8702.744359999999,8.562433457000001,8902.123686,8905.227597,-3.103911009,50.68453754,-53.78844854,-1.090414753,-1.983331282,-3.368708999,-3.0148572789999997,0.25,0.45833333299999995,100.0,0.0,0.0,-5.3574448089999995,-95.68945313,8775.509766,9001.340479,9002.730469
2012-09-06,8680.570313,119100000,8751.940039,8976.372021,9295.176051,8657.567992,0.19194385600000002,8868.038552,8888.586317,-20.54776509,36.43807701,-56.9858421,0.008640732,-1.251450583,-2.931385868,-3.06309805,0.333333333,0.5,99.8494882,0.184925223,0.06164174099999999,-5.202072459,0.75,8679.820313,8991.273486,9001.340479
2012-09-07,8871.650391,157100000,8758.288086,8975.382520000001,9295.355551999999,8655.409487,38.69179754,8868.594219,8887.331804000001,-18.73758454,25.4029447,-44.14052924,2.201238758,1.137253274,-0.553649202,-0.996247215,0.41666666700000005,0.5,61.50307981,49.18855437,16.45782653,-2.848195821,191.0800781,8680.570313,8976.372021,8991.273486
2012-09-10,8869.370117,111800000,8775.38418,8974.593506000001,9295.529029000001,8653.657983,54.15865961,8868.713587999999,8886.001309000001,-17.28772034,16.86481169,-34.15253203,-0.025702923,1.05469352,-0.29164105,-1.052087859,0.333333333,0.45833333299999995,61.96069055,48.60385277,32.65911079,-3.3639786369999998,-2.280273438,8871.650391,8975.382520000001,8976.372021
2012-09-11,8807.379883,95400000,8781.758203,8968.468506000001,9297.165578,8639.771434,53.26099335,8859.277634,8880.177499,-20.89986571,9.311876212,-30.21174192,-0.6989248790000001,0.303655004,-0.743622062,-1.709949925,0.333333333,0.41666666700000005,74.40103947,41.96591219,46.58610645,-2.903614357,-61.99023438,8869.370117,8974.593506000001,8975.382520000001
2012-09-12,8959.959961,116100000,8837.786133,8970.214501999999,9298.340764,8642.088240000001,68.28520258,8874.767222,8886.087311,-11.32008886,5.185483197,-16.50557206,1.7324116840000001,1.685322185,1.0949929520000001,0.0015059270000000002,0.333333333,0.41666666700000005,30.92681729,100.0,63.52325499,-1.380564757,152.5800781,8807.379883,8968.468506000001,8974.593506000001
2012-09-13,8995.150391,95000000,8900.702148,8965.334033,9288.896175,8641.771892,85.52045657,8893.287709999999,8894.166058,-0.8783480690000001,3.972716943,-4.851065013,0.392752086,1.479430073,1.528454482,0.345867958,0.41666666700000005,0.45833333299999995,22.25001987,100.0,80.65530406,-0.422212154,35.19042969,8959.959961,8970.214501999999,8968.468506000001
2012-09-14,9159.389648,198000000,8958.25,8965.178516,9288.364212999999,8641.992818,89.41806003,8934.22647,8913.81225,20.41421982,7.261017519,13.153202300000002,1.8258645009999999,2.41030114,3.29519235,2.0479665590000002,0.41666666700000005,0.5,0.0,100.0,100.0,0.987673197,164.23925780000002,8995.150391,8965.334033,8970.214501999999
2012-09-18,9123.769531,137600000,9009.129883,8962.808984000001,9280.568440000001,8645.049529,77.89543292,8963.386940999999,8929.364641,34.02229962,12.61327394,21.40902568,-0.388891821,1.535003907,2.758295993,1.559698491,0.41666666700000005,0.45833333299999995,7.427521845,92.57247816,97.52415939,1.5582444530000001,-35.62011719,9159.389648,8965.178516,8965.334033
2012-09-19,9232.209961,157200000,9094.095898,8966.573486,9295.045634,8638.101339,82.50900335,9004.744328,8951.797628,52.9467007,20.67995929,32.26674141,1.1885485409999998,2.0549822769999997,3.598183531,2.62058425,0.5,0.5,0.0,100.0,97.52415939,4.437825698999999,108.4404297,9123.769531,8962.808984000001,8965.178516
2012-09-20,9086.980469,144600000,9119.5,8964.335498,9288.862037,8639.808959,71.79952215,9017.396042,8961.811171,55.58487082,27.6609416,27.92392922,-1.573073975,-0.065210419,1.68032012,1.008990209,0.5,0.45833333299999995,26.2911321,65.81468694,86.12905503,3.450530829,-145.22949219999998,9232.209961,8966.573486,8962.808984000001
2012-09-21,9110.0,121700000,9142.469922,8960.929492,9277.747938,8644.111046,64.65981325,9031.642805,8972.788122,58.85468328,33.89968993,24.95499335,0.25332431699999997,-0.08682539,1.6209423619999999,1.289499893,0.583333333,0.45833333299999995,22.12386877,71.23321365,79.01596686,3.811633094,23.01953125,9086.980469,8964.335498,8966.573486
2012-09-24,9069.290039,105900000,9124.45,8960.856006,9277.573182,8644.138829000001,57.16659146,9037.434687,8979.936412000001,57.49827527,38.619407,18.87886827,-0.446871141,-0.667923444,0.801883931,0.884477202,0.583333333,0.41666666700000005,29.49365947,61.65056801,66.23282287,4.487071305,-40.70996094,9110.0,8960.929492,8964.335498
2012-09-25,9091.540039,128400000,9118.004101999999,8961.163525,9278.375331000001,8643.951720000001,40.959883000000005,9045.758587,8988.203347,57.55524021,42.40657364,15.14866657,0.24533342600000002,-0.300746493,0.666001182,1.162635742,0.583333333,0.45833333299999995,25.46570564,48.33060721,60.40479629,4.734363202,22.25,9069.290039,8960.856006,8960.929492
2012-09-26,8906.700195,109300000,9052.902148000001,8954.834033,9271.086912,8638.581154000001,29.3065985,9024.364989,8982.166077,42.19891193,42.365041299999994,-0.166129367,-2.033097176,-1.9386845990000001,-1.4125203480000001,-0.790588519,0.5,0.45833333299999995,59.00768129,0.0,36.66039174,0.39507648700000003,-184.8398438,9091.540039,8961.163525,8960.856006
2012-09-27,8949.870117,124700000,9025.480078,8948.837061,9260.659257,8637.014864,19.25867642,9012.904239,8979.773783,33.13045577,40.51812419,-7.387668421,0.484690412,-0.95022787,-1.008181623,-0.204012081,0.583333333,0.45833333299999995,66.45947599,13.26225092,20.53095271,0.907618004,43.16992188,8906.700195,8954.834033,8961.163525
2012-09-28,8870.160156,135600000,8977.512109000001,8943.156055,9256.361725,8629.950384,22.463710600000002,8990.943611,8971.654256,19.28935557,36.27237047,-16.983014899999997,-0.8906270140000001,-1.438212396,-1.946569236,-1.000554778,0.583333333,0.45833333299999995,85.22226258,0.0,4.420750306,0.712814416,-79.70996094,8949.870117,8948.837061,8954.834033
2012-10-01,8796.509766,99100000,8922.956055,8940.986035,9257.605744,8624.366326000001,14.72327108,8961.030712,8958.68059,2.3501221830000003,29.48792081,-27.13779863,-0.830316356,-1.685810546,-2.61408993,-1.6904937619999998,0.5,0.41666666700000005,100.0,0.0,4.420750306,-1.8242290819999998,-73.65039063,8870.160156,8943.156055,8948.837061
2012-10-02,8786.049805,98200000,8861.858008,8941.094043000001,9257.50072,8624.687366,15.7988576,8934.110572,8945.893124,-11.78255182,21.23382629,-33.01637811,-0.11891035400000001,-1.2818738,-2.541883243,-1.6942133119999998,0.41666666700000005,0.41666666700000005,100.0,0.0,0.0,-2.32459244,-10.45996094,8796.509766,8940.986035,8943.156055
2012-10-03,8746.870117,103500000,8829.891992,8939.662060999999,9259.296131000001,8620.02799,10.01599623,8905.304348,8931.150679,-25.84633072,11.81779488,-37.6641256,-0.44593063299999997,-1.083643165,-2.6050942619999997,-1.9850224440000002,0.333333333,0.375,100.0,0.0,0.0,-4.50378843,-39.1796875,8786.049805,8941.094043000001,8940.986035
2012-10-04,8824.589844,123500000,8804.835938,8946.900537000001,9248.73018,8645.070894,37.32433223,8892.886731999999,8923.257284000001,-30.3705516,3.3801255869999998,-33.75067719,0.8885432790000001,-0.050044772,-1.4661590080000002,-1.040563559,0.41666666700000005,0.41666666700000005,83.98653489,22.54903072,7.5163435729999994,-3.279123683,77.71972656,8746.870117,8939.662060999999,8941.094043000001
2012-10-05,8863.299805,112100000,8803.463867,8956.037012,9235.283661,8676.790362,36.44923814,8888.334897,8918.815989,-30.48109186,-3.392117903,-27.08897396,0.438660171,0.552719356,-0.6930437,-0.617329325,0.41666666700000005,0.45833333299999995,76.01068839,33.78005451,18.77636174,-3.995903016,38.70996094,8824.589844,8946.900537000001,8939.662060999999
2012-10-09,8769.589844,124400000,8798.079883,8950.933984000001,9239.729443,8662.138526,34.91881253,8870.066427,8907.762201000001,-37.69577309,-10.25284894,-27.44292415,-1.0572807309999999,-0.320856288,-1.45095219,-1.661513269,0.41666666700000005,0.45833333299999995,95.31880045,11.19198353,22.50702292,-3.4928062860000004,-93.70996094,8863.299805,8956.037012,8946.900537000001
2012-10-10,8596.230469,122300000,8760.116016,8937.277001999999,9263.603751999999,8610.950251999999,26.88046463,8827.937818,8884.685776,-56.74795754,-19.55187066,-37.19608688,-1.976824208,-1.9192084999999999,-2.932073059,-3.524679627,0.333333333,0.45833333299999995,100.0,0.0,14.99067935,-5.6396216379999995,-173.359375,8769.589844,8950.933984000001,8956.037012
2012-10-11,8546.780273,132900000,8720.098047,8924.247021,9288.846683,8559.647359999999,24.66057171,8784.682812000001,8859.655739,-74.97292724,-30.63608198,-44.33684527,-0.575254415,-2.037693408,-3.013599699,-4.01994635,0.333333333,0.45833333299999995,100.0,0.0,3.7306611760000004,-5.761308365,-49.45019531,8596.230469,8937.277001999999,8950.933984000001
2012-10-12,8534.120117,139400000,8662.004101999999,8902.955029,9304.582014,8501.328045,26.12819524,8746.134705,8835.541989,-89.40728432,-42.39032244,-47.01696187,-0.148127784,-1.783632106,-2.6440809290000002,-4.096400307,0.25,0.41666666700000005,100.0,0.0,0.0,-6.131193608999999,-12.66015625,8546.780273,8924.247021,8937.277001999999
2012-10-15,8577.929688,126900000,8604.930078,8882.093993999999,9305.168221,8459.019767,20.04364533,8720.25701,8816.459595999999,-96.20258657,-53.15277527,-43.049811299999995,0.5133460710000001,-0.81015355,-1.837504291,-3.47132644,0.333333333,0.41666666700000005,92.14065221,13.308710099999999,4.436236699,-3.6912717460000004,43.80957031,8534.120117,8902.955029,8924.247021
2012-10-16,8701.30957,119800000,8591.274023,8859.18999,9269.130783,8449.249198,33.68248335,8717.342019,8807.929965000001,-90.58794569,-60.63980935,-29.94813634,1.4383410369999998,0.931635607,-0.189004979,-2.005695018,0.333333333,0.45833333299999995,59.78606058,50.78972351,21.36614454,-2.777253118,123.3798828,8577.929688,8882.093993999999,8902.955029
2012-10-17,8806.549805,139700000,8633.337891,8843.329004000001,9235.245961,8451.412047,53.63851187,8731.066294,8807.827731,-76.7614369,-63.86413486,-12.89730204,1.20947581,2.079440085,1.079646485,-0.8200912840000001,0.41666666700000005,0.5,34.47271497,82.76017563,48.95286974,-0.71712743,105.2402344,8701.30957,8859.18999,8882.093993999999
2012-10-18,8982.860352,165000000,8720.553906000001,8830.861523,9186.705967,8475.017079000001,87.84177737,8769.803840999999,8820.793109999999,-50.98926888,-61.28916167,10.29989279,2.0020388319999998,3.351155113,2.919854954,1.154658855,0.5,0.5,0.0,100.0,77.84996638,2.118460513,176.3105469,8806.549805,8843.329004000001,8859.18999
2012-10-19,9002.679688,134700000,8814.26582,8826.646484,9172.101423999999,8481.191544,97.36915269,8805.630894,8834.26619,-28.635295399999997,-54.75838841,26.12309301,0.220635022,2.681526205,2.9340297719999997,1.374260147,0.583333333,0.5,0.0,100.0,94.25339188,2.4656118240000002,19.81933594,8982.860352,8830.861523,8843.329004000001
2012-10-22,9010.709961,118300000,8900.821875,8821.681982,9153.281982999999,8490.081982,100.0,8837.18152,8847.336099,-10.15457876,-45.83762648,35.68304773,0.08919870199999999,1.85038239,2.767499377,1.535514187,0.666666667,0.5,0.0,100.0,100.0,3.0163914660000004,8.030273438,9002.679688,8826.646484,8830.861523
2012-10-23,9014.25,116300000,8963.409961,8818.929979999999,9143.09476,8494.765201,100.0,8864.422825,8859.700090999999,4.722733172,-35.72555455,40.44828772,0.039287016,1.059712277,2.622888934,1.627662274,0.666666667,0.541666667,0.0,100.0,100.0,2.149223472,3.540039063,9010.709961,8821.681982,8826.646484
2012-10-24,8954.299805,133000000,8992.959961,8812.067969,9118.166326999999,8505.969611,83.92284727,8878.250052,8866.707478,11.54257471,-26.2719287,37.81450341,-0.665060269,-0.08471199199999999,1.852453009,1.08374148,0.583333333,0.5,12.48624538,87.51375462,95.83791821,1.0267056509999999,-59.95019531,9014.25,8818.929979999999,8821.681982
2012-10-25,9055.200195,115600000,9007.42793,8819.492968999999,9141.218452,8497.767486,83.73353189,8905.473151,8880.669901000001,24.80325009,-16.05689294,40.86014303,1.126837305,0.5760851020000001,2.7220674419999997,2.238073792,0.666666667,0.541666667,0.0,100.0,95.83791821,3.256826792,100.9003906,8954.299805,8812.067969,8818.929979999999
2012-10-26,8933.05957,132100000,8993.503906,8818.652441,9139.096344,8498.208537999999,42.07954623,8909.717216,8884.550617,25.16659833,-7.812194687000001,32.97879302,-1.34884511,-0.688976143,1.014858997,0.943065225,0.666666667,0.5,23.43989535,65.48633494,84.33336319,3.918334935,-122.140625,9055.200195,8819.492968999999,8812.067969
2012-10-29,8929.339844,97300000,8977.229883,8821.611426000001,9144.982735,8498.240115999999,37.70625982,8912.736082,8887.868338,24.86774371,-1.2762070079999999,26.14395072,-0.041640006,-0.5952486220000001,0.610099011,0.967562967,0.666666667,0.5,24.15374466,49.38260453,71.62297982,4.476066519,-3.719726563,8933.05957,8818.652441,8819.492968999999
2012-10-30,8841.980469,149200000,8942.775977,8823.884961,9147.157739,8500.612183,27.65825387,8901.850603,8884.469236,17.38136623,2.455307639,14.92605859,-0.9783408020000001,-1.25864621,-0.661363358,0.097448529,0.666666667,0.45833333299999995,40.91880222,0.0,38.28964649,3.607405888,-87.359375,8929.339844,8821.611426000001,8818.652441
2012-10-31,8928.290039,135500000,8937.574023000001,8830.996973000001,9156.875401000001,8505.118543999999,40.66423576,8905.918208,8887.715222,18.20298645,5.604843401,12.59814305,0.9761339170000001,-0.135023784,-0.019642333,1.06424145,0.666666667,0.5,24.35521172,40.47916753,29.95392402,4.0844395360000005,86.30957031,8841.980469,8823.884961,8821.611426000001
2012-11-01,8946.870117,140600000,8915.908008,8840.996973000001,9168.207305,8513.78664,49.11342311,8912.218502,8892.097066,20.12143602,8.508161925,11.6132741,0.20810343399999998,0.086661124,-0.040638699,1.275992605,0.666666667,0.5,22.69783621,49.19321966,29.89079573,2.822110222,18.58007813,8928.290039,8830.996973000001,8823.884961
2012-11-02,9051.219727,137900000,8939.540039,8852.328467,9191.942768,8512.714166,49.52889288,8933.603306,8903.88393,29.71937606,12.75040475,16.96897131,1.166325296,1.26151223,0.8953740370000001,2.369778801,0.666666667,0.541666667,1.124773721,98.13316112,62.60184943,2.7782721639999997,104.3496094,8946.870117,8840.996973000001,8830.996973000001
2012-11-05,9007.44043,101400000,8955.160156,8859.535498000001,9205.827251,8513.243745,60.80810317,8944.962862999999,8911.554782,33.40808174,16.88194015,16.52614159,-0.483683948,0.6321591360000001,0.38443836200000003,1.773468214,0.583333333,0.541666667,19.20759726,77.60068152,74.97568743,0.273633087,-43.77929688,9051.219727,8852.328467,8840.996973000001
2012-11-06,8975.150391,104700000,8981.794141,8869.813525,9217.017706999999,8522.609344,56.14629519,8949.607098,8916.265567,33.34153086,20.17385829,13.16767257,-0.35848185,0.185952378,0.050158140999999996,1.3184294840000002,0.5,0.541666667,37.54333897,62.45666103,79.39683456,-0.30579003,-32.29003906,9007.44043,8859.535498000001,8852.328467
2012-11-07,8972.889648,130900000,8990.714063,8888.646484,9214.664002,8562.628967,72.76132454,8953.189029000001,8920.459944,32.72908528,22.68490369,10.04418159,-0.025188906,-0.082629777,0.060111097999999995,1.1853365340000002,0.41666666700000005,0.541666667,38.603626500000004,62.56434909,67.54056388,-0.41972622200000004,-2.260742188,8975.150391,8869.813525,8859.535498000001
2012-11-08,8837.150391,106500000,8968.770117,8903.164990000001,9190.567394,8615.762586,36.47775778,8935.336931,8914.288865999999,21.04806507,22.35753596,-1.309470893,-1.512770837,-1.4274178690000001,-1.2911185109999999,-0.35124677200000004,0.333333333,0.5,100.0,0.0,41.67367004,-1.964662722,-135.73925780000002,8972.889648,8888.646484,8869.813525
2012-11-09,8757.599609,104000000,8910.046094,8914.338965,9157.443353,8671.234577,26.22048925,8907.992728,8902.682254000001,5.310473355,18.94812344,-13.63765009,-0.900185894,-1.969820845,-2.000253001,-1.199204345,0.333333333,0.45833333299999995,100.0,0.0,20.85478303,-2.19671219,-79.55078125,8837.150391,8903.164990000001,8888.646484
2012-11-12,8676.44043,86300000,8843.846094,8919.264502,9137.639414,8700.88959,0.0,8872.369297,8885.923601,-13.55430342,12.44763807,-26.00194149,-0.9267285940000001,-2.19444181,-2.564300387,-2.071939903,0.25,0.45833333299999995,100.0,0.0,0.0,-4.182787321,-81.15917969,8757.599609,8914.338965,8903.164990000001
2012-11-13,8661.049805,94900000,8781.025977,8917.251514,9144.199722,8690.303306,0.0,8839.858606,8869.266281999999,-29.40767635,4.0765751869999995,-33.48425153,-0.17738409100000002,-1.7283975059999999,-2.488917546,-2.275438162,0.25,0.45833333299999995,100.0,0.0,0.0,-3.04497875,-15.390625,8676.44043,8919.264502,8914.338965
2012-11-14,8664.730469,81000000,8719.394140999999,8910.160547,9158.367645,8661.953448,1.158238273,8812.915815999999,8854.115481,-41.19966568,-4.9786729869999995,-36.220992700000004,0.042496743,-1.1061044009999998,-2.204691504,-2.2880920380000003,0.333333333,0.5,99.056651,0.943349002,0.314449667,-2.963369965,3.680664063,8661.049805,8917.251514,8919.264502
2012-11-15,8829.719727,161300000,8717.908008,8902.503515999999,9150.715795999999,8654.291234999999,35.10228802,8815.501033,8852.308388,-36.80735567,-11.34440952,-25.46294615,1.904147606,1.0521891140000001,-0.331030815,-0.565621964,0.41666666700000005,0.541666667,56.77013721,48.69355857,16.54563586,-0.138665113,164.98925780000002,8664.730469,8910.160547,8917.251514
2012-11-16,9024.160156,199100000,8771.220117,8903.577539,9153.692985,8653.462093,67.34105826,8847.602436,8865.038149,-17.43571263,-12.56267014,-4.873042485,2.2021132690000003,2.910384057,1.7720137569999999,1.4116986669999998,0.41666666700000005,0.541666667,6.935329659,100.0,49.87896919,1.073779153,194.44042969999998,8829.719727,8902.503515999999,8910.160547
2012-11-19,9153.200195,143100000,8866.57207,8910.702051,9180.000259,8641.403843,83.59949505,8894.617476000001,8886.383486,8.233990449,-8.403338026,16.63732847,1.4299395940000001,3.602953373,3.0275102069999997,2.644634808,0.41666666700000005,0.541666667,0.0,100.0,82.89785286,2.3061704869999997,129.04003909999997,9024.160156,8903.577539,8902.503515999999
2012-11-20,9142.639648,133700000,8962.890039,8917.121533,9201.676027,8632.567039,94.99110334,8932.774733,8905.365424,27.40930974,-1.240808472,28.65011822,-0.11537546,2.5812528930000003,2.8204720269999997,2.365454432,0.333333333,0.5,2.1457967069999997,97.85420329,99.28473443,1.010028755,-10.56054688,9153.200195,8910.702051,8903.577539
2012-11-21,9222.519531,134700000,9074.447852,8930.53252,9244.585038,8616.480001,98.18731319999999,8977.350856000001,8928.858321,48.49253563,8.705860348,39.78667528,0.8737070020000001,2.402332084,3.5101766789999997,3.144506952,0.41666666700000005,0.5,0.0,100.0,99.28473443,2.3877937719999998,79.87988281,9142.639648,8917.121533,8910.702051
2012-11-22,9366.799805,147400000,9181.863867,8946.1125,9310.276562000001,8581.948438,98.53972807,9037.266079,8961.298429999999,75.96764854,22.15821799,53.80943055,1.564434458,2.6704154669999998,4.745830281,4.580682945,0.5,0.5,0.0,100.0,99.28473443,4.3637086510000005,144.28027340000003,9222.519531,8930.53252,8917.121533
2012-11-26,9388.94043,151500000,9254.819922,8968.906543000001,9380.880365,8556.932721,98.18028842,9091.369825,8992.975616,98.39420967,37.40541632,60.98879335,0.23637342,1.872360571,4.587920395,4.64375631,0.583333333,0.5,0.0,100.0,100.0,4.636753572,22.140625,9366.799805,8946.1125,8930.53252
2012-11-27,9423.299805,136700000,9308.839844,8993.604540999999,9449.964057,8537.245025,97.4871441,9142.435976,9024.851481,117.5844945,53.44123196,64.14326253,0.365955831,1.512457355,4.402594068,4.827575993,0.666666667,0.5,0.0,100.0,100.0,6.632787586,34.359375,9388.94043,8968.906543000001,8946.1125
2012-11-28,9308.349609,118700000,9341.981836,9016.922998,9487.352509999999,8546.493486,69.0990313,9167.96115,9045.851343,122.1098075,67.17494707,54.93486046,-1.219850771,-0.004388648,2.607291455,3.379184089,0.666666667,0.5,15.08037984,80.63442498,93.54480833,6.288823702,-114.9501953,9423.299805,8993.604540999999,8968.906543000001
2012-11-29,9400.879883,113300000,9377.653906,9040.55249,9537.52727,8543.57771,76.45141801,9203.794801,9072.149753,131.6450483,80.06896732,51.57608099,0.994056705,0.5248370929999999,2.9422198330000002,4.240084893,0.75,0.5,2.941281978,94.38293791,91.6724543,8.349500685,92.53027344,9308.349609,9016.922998,8993.604540999999
2012-11-30,9446.009766,159800000,9393.495898000001,9065.509473,9590.501255,8540.517691,74.64654341,9241.058642,9099.843087000001,141.21555469999998,92.2982848,48.917269899999994,0.4800602,0.606698623,2.700765091,4.4928623110000006,0.833333333,0.541666667,0.0,100.0,91.6724543,9.063104111,45.12988281,9400.879883,9040.55249,9016.922998
2012-12-03,9458.179688,110100000,9407.34375,9085.857471,9637.90579,8533.809151000001,64.2212097,9274.461879999999,9126.386539,148.0753406,103.453696,44.62164464,0.128836643,0.573177079,2.099099844,4.373074208,0.833333333,0.583333333,0.0,100.0,98.12764597,9.157229086000001,12.16992188,9446.009766,9065.509473,9040.55249
2012-12-04,9432.459961,104100000,9409.175781,9107.108447,9677.851595999999,8536.365298,56.69821076,9298.769277,9149.058645000001,149.7106324,112.70508319999999,37.00554913,-0.271931042,0.22238866899999998,1.272357204,3.8074112760000003,0.75,0.583333333,3.2415088389999998,89.08609458,96.36203153,6.8262668920000005,-25.71972656,9458.179688,9085.857471,9065.509473
2012-12-05,9468.839844,115900000,9441.273828,9131.79292,9720.008683,8543.577157,56.9658675,9324.93398,9172.746141,152.1878387,120.60163429999999,31.58620438,0.385688176,0.52786304,1.260077774,3.9501207110000003,0.75,0.583333333,0.0,100.0,96.36203153,4.927657309,36.37988281,9432.459961,9107.108447,9085.857471
2012-12-06,9545.160156,123100000,9470.129883,9160.406445,9770.199273,8550.613617,91.0772848,9358.81493,9200.332364,158.4825656,128.1778206,30.30474503,0.8060154540000001,0.91527338,1.720935673,4.501983141,0.75,0.583333333,0.0,100.0,96.36203153,4.2822177219999995,76.3203125,9468.839844,9131.79292,9107.108447
2012-12-07,9527.389648,133800000,9486.405859,9194.918408,9805.753434999999,8584.083381,79.62893502,9384.749501999999,9224.55883,160.1906722,134.5803909,25.6102813,-0.18617296600000002,0.503355659,1.185823128,4.081347246,0.75,0.541666667,4.414808058,92.49589681,97.49863227,4.208303234,-17.77050781,9545.160156,9160.406445,9131.79292
2012-12-10,9533.75,115200000,9501.519922,9233.725928,9826.859267,8640.592588,75.10871145,9407.672655,9247.461879,160.2107761,139.706468,20.50430816,0.06675859599999999,0.415548959,0.975234629,3.9019146410000003,0.75,0.583333333,2.8346769989999996,95.18173646,95.89254442,3.374679421,6.360351562999999,9527.389648,9194.918408,9160.406445
2012-12-11,9525.320313,97200000,9520.091992,9276.169922,9823.429659000001,8728.910184999999,69.63400425,9425.772295,9268.043985,157.7283095,143.3108363,14.41747324,-0.08841943099999999,0.20865484899999998,0.744998444,3.551342361,0.666666667,0.583333333,6.149208194,86.24909471,91.30890932,1.692365708,-8.4296875,9533.75,9233.725928,9194.918408
2012-12-12,9581.459961,129400000,9542.616016,9322.19043,9805.912996,8838.467863,86.99099082,9449.724243999999,9291.259984,158.46425990000003,146.341521,12.12273893,0.589372815,0.536602906,1.167099055,3.8753019039999996,0.666666667,0.625,0.0,100.0,93.81027706,2.0504926269999997,56.13964844,9525.320313,9276.169922,9233.725928
2012-12-13,9742.730469,212000000,9582.130078,9376.09043,9789.95846,8962.2224,91.97029827,9494.802124,9324.702242,170.0998826,151.09319330000002,19.00668925,1.6831517169999999,1.741464016,2.5815764359999998,5.1933677110000005,0.666666667,0.666666667,0.0,100.0,95.4163649,3.389796257,161.27050780000002,9581.459961,9322.19043,9276.169922
2012-12-14,9737.55957,247400000,9624.164063,9421.482422,9781.30573,9061.659114,87.70443802,9532.149424,9355.284265999999,176.86515759999997,156.2475862,20.61757143,-0.053074428,1.348086023,2.14246606,4.676057746000001,0.666666667,0.666666667,1.190406604,98.33342251,99.44447417,4.611021061000001,-5.170898438,9742.730469,9376.09043,9322.19043
2012-12-17,9828.879883,213600000,9683.190039,9461.718408,9814.732029,9108.704787,95.86220215,9577.800264,9390.365423000001,187.4348407,162.4850371,24.949803600000003,0.937815187,1.766323377,2.716085291,5.115138725,0.666666667,0.708333333,0.0,100.0,99.44447417,4.55276533,91.3203125,9737.55957,9421.482422,9376.09043
2012-12-18,9923.009766,260300000,9762.72793,9500.208887,9877.321329,9123.096443999999,96.73424691,9630.909418000001,9429.820559,201.0888583,170.2058013,30.88305701,0.957686775,2.0553993999999998,3.270791777,5.528388815,0.666666667,0.75,0.0,100.0,99.44447417,5.04975129,94.12988281,9828.879883,9461.718408,9421.482422
2012-12-19,10160.40039,277500000,9878.516016,9551.096924,9990.931935999999,9111.261912,99.19883434,9712.369567,9483.937584000001,228.4319835,181.8510378,46.58094572,2.392324815,3.3715890980000003,5.101284206,7.341563337999999,0.666666667,0.75,0.0,100.0,100.0,7.424480464,237.390625,9923.009766,9500.208887,9461.718408
2012-12-20,10039.33008,274800000,9937.835938,9591.937451,10053.31013,9130.564777,82.22837197,9762.671184,9525.077769,237.59341569999995,192.99951330000002,44.59390239,-1.191589975,1.352926922,3.3084676639999997,5.500737166,0.666666667,0.708333333,16.63189838,80.93621314,93.64540438,6.433847795,-121.0703125,10160.40039,9551.096924,9500.208887
2012-12-21,9940.05957,256500000,9978.335938,9620.600439,10093.54746,9147.653416,65.21773184,9789.961705,9555.817160999999,234.14454390000003,201.2285195,32.91602447,-0.9888160570000001,0.01864549,1.875273609,4.04028615,0.583333333,0.666666667,30.26907303,65.30503351,82.08041555,4.976530751,-99.27050781,10039.33008,9591.937451,9551.096924
2012-12-25,10080.12012,141700000,10028.58398,9655.159424,10155.55925,9154.759595,71.86811132,9834.601461,9594.654417,239.94704359999997,208.9722243,30.97481932,1.4090513830000002,0.848600342,2.840870059,5.0814817119999995,0.583333333,0.666666667,11.60856758,86.13324112,77.45816259,5.604515296000001,140.0605469,9940.05957,9620.600439,9591.937451
2012-12-26,10230.36035,182100000,10090.0541,9695.512451,10242.60108,9148.423824,73.83629377,9895.487444,9641.743746,253.7436983,217.9265191,35.81717922,1.490460755,1.671073414,3.753576636,6.146179882,0.666666667,0.708333333,0.0,100.0,83.81275821,7.378418739,150.2402344,10080.12012,9655.159424,9620.600439
2012-12-27,10322.98047,235200000,10122.57012,9746.243994,10327.42849,9165.059498999999,73.78930518,9961.255602,9692.205725,269.04987650000004,228.1511906,40.8986859,0.9053455990000001,1.9163559909999999,3.999216075,6.600022344,0.666666667,0.708333333,0.0,100.0,95.37774704,8.278279468,92.62011719,10230.36035,9695.512451,9655.159424
2012-12-28,10395.17969,202800000,10193.74004,9795.958984,10419.06197,9172.856,67.37919129,10028.01315,9744.277871,283.7352828,239.26800899999998,44.46727376,0.699402842,2.234210555,3.9673310560000004,6.872694677,0.75,0.708333333,0.0,100.0,100.0,9.132074791,72.19921875,10322.98047,9746.243994,9695.512451
