Close,Volume,MA_5,MA_20,BBands_up,BBands_down,RSI,EMA_12,EMA_26,DIF,DEM,OSC,RDP,BIAS_6,BIAS_12,BIAS_24,PSY_12,PSY_24,W%R,%K,%D,PROC,MO,LAG
19561.9609375,91600.0,19627.430078125,20958.894921875,22891.494865984867,19026.29497776513,34.47079160522931,20303.76511333761,20906.31186398895,-602.5467506513414,-461.90070691595247,-140.64604373538896,-2.262372259860443,-0.7874454093860669,-4.380358987848329,-7.566908562813505,0.3333333333333333,0.4583333333333333,84.73112359138128,20.72862380913939,32.15839543845659,-9.446894781914338,-452.80859375,20014.76953125
20038.970703125,81500.0,19804.076171875,20832.10546875,22647.51942185589,19016.69151564411,47.82531760859723,20263.02751176644,20842.064370591623,-579.036858825184,-485.32793729779877,-93.70892152738526,2.438455772143881,1.7412173508111688,-1.3344504581393741,-4.954916583989795,0.3333333333333333,0.4583333333333333,66.801453584407,48.206541900656234,35.15728998967717,-8.146329833716342,477.009765625,19561.9609375
20204.0390625,86400.0,19979.471875,20740.5048828125,22483.57397880455,18997.43578682045,75.20415341254343,20253.952365725447,20794.803236658907,-540.8508709334601,-496.43252402493107,-44.41834690852903,0.8237367169225823,1.677353057733843,-0.041521862753671576,-3.7968885589866845,0.4166666666666667,0.4583333333333333,60.59692398047205,84.75623043858624,51.23046538279396,-5.477428411574544,165.068359375,20038.970703125
20427.060546875,72800.0,20049.36015625,20665.89140625,22322.085648074182,19009.69716442582,75.8056475513043,20280.58439359461,20767.563037415654,-486.9786438210431,-494.5417479841535,7.563104163110438,1.1038460363548905,1.8599244948183076,1.5138016669946346,-2.3794502726549434,0.4166666666666667,0.4583333333333333,45.92750858958085,100.0,77.65425744641416,-5.020813197229847,223.021484375,20204.0390625
20163.80078125,73700.0,20079.16640625,20599.00048828125,22220.781071997822,18977.219904564678,52.62106810084385,20262.617684003137,20722.839907329308,-460.22222332617093,-487.67784305255697,27.455619726386033,-1.2887794845513119,0.4752099213647677,0.6019924403306188,-3.2160344538139896,0.4166666666666667,0.4166666666666667,57.124617040930936,79.29241253863786,88.01621432574137,-4.506882272033121,-263.259765625,20427.060546875
20359.69921875,77700.0,20238.7140625,20533.05146484375,22075.291168630472,18990.811761057026,59.70503089493086,20277.55330473342,20695.94059706417,-418.3872923307499,-473.8197329081956,55.432440577445675,0.9715352756418962,1.1615733440781828,1.8453915535440417,-1.8408976132187809,0.5,0.4166666666666667,38.56439940959027,93.87624289772727,91.05621847878838,-2.9932489997268705,195.8984375,20163.80078125
20555.2890625,78300.0,20341.977734375,20499.84091796875,22008.072004866553,18991.60983107095,82.67854251428366,20320.281882851355,20685.52196487423,-365.24008202287587,-452.1038027311317,86.86372070825581,0.9606715779468592,1.3001148496386068,2.7540966309687622,-0.6022393159221364,0.5833333333333334,0.4583333333333333,23.612905564154715,100.0,91.05621847878838,0.7978832680889505,195.58984375,20359.69921875
20442.75,69500.0,20389.719921875,20464.57744140625,21941.656237520372,18987.49864529213,67.47392034187976,20339.123131643453,20667.538856365027,-328.4157247215735,-427.36618712922007,98.95046240764657,-0.5474944290874042,0.4124850135071246,2.0739258336104878,-0.8514615988310164,0.5833333333333334,0.4583333333333333,8.041095833060039,88.67050477403929,94.1822492239222,1.3714070648688839,-112.5390625,20555.2890625
20402.26953125,63600.0,20384.76171875,20404.55341796875,21781.02918041863,19028.077655518868,59.61547206706028,20348.83796235215,20647.889276726877,-299.05131437472664,-401.70321257832137,102.65189820359473,-0.19801870467525162,0.05128532990058289,1.3461415383668016,-0.8274696566353444,0.5833333333333334,0.4583333333333333,10.93349000584731,84.59526843156686,91.0885910685354,6.507340784659951,-40.48046875,20442.75
20666.0703125,64700.0,20485.215625,20347.0474609375,21561.80689827903,19132.288023595975,61.15233403141934,20397.642939297973,20649.23602011748,-251.59308081950803,-371.68118622655874,120.0881054070507,1.2929972366355535,1.147356520211303,2.090673519992481,0.6612742142267467,0.5833333333333334,0.4583333333333333,0.0,100.0,91.0885910685354,6.928160453460705,263.80078125,20402.26953125
20719.330078125,61200.0,20557.141796875,20314.2724609375,21444.718628725488,19183.826293149512,82.23942075112838,20447.133268348287,20654.428172562486,-207.29490421419905,-338.8039298240868,131.50902560988777,0.25771597995960316,0.9505610340697237,2.0841001528804792,1.0232435757389207,0.5833333333333334,0.5,0.0,100.0,94.86508947718897,3.1961505644937946,53.259765625,20666.0703125
20622.91015625,57100.0,20570.666015625,20270.07392578125,21265.213459135462,19274.934392427036,67.269022783772,20474.175866487014,20652.093504687487,-177.91763820047345,-306.6266714993642,128.70903329889074,-0.4653621594493442,0.2664658264268196,1.3559613395653256,0.6605045316712982,0.5833333333333334,0.5,8.330956692255638,82.64359370110853,94.21453123370286,3.038459294025252,-96.419921875,20719.330078125
20593.720703125,0.0,20600.86015625,20243.9875,21170.82883654191,19317.14616345809,53.22581173994158,20492.567379815933,20647.769593460638,-155.2022136447049,-276.34177992843235,121.13956628372745,-0.14153896275474884,0.09337885090852349,0.7866111143619544,0.7247294222103275,0.5833333333333334,0.4583333333333333,10.853008827604363,77.38924378847594,86.67761249652817,5.2743166644767765,-29.189453125,20622.91015625
20574.630859375,61400.0,20635.332421875,20223.323046875,21097.245214932518,19349.400878817483,63.12926069524436,20505.192530517328,20642.351909454293,-137.15937893696537,-248.50529973013894,111.34592079317358,-0.09269740046102114,-0.10612365929523863,0.47368760901162443,0.8866249762683789,0.5,0.4166666666666667,12.502425861455043,59.764515480826155,73.26578432347021,2.673092167186341,-19.08984375,20593.720703125
20773.560546875,68400.0,20656.83046875,20242.3720703125,21147.866509024407,19336.877631600593,78.09875455623121,20546.479917649278,20652.071067781755,-105.5911501324772,-219.9224698106066,114.3313196781294,0.9668688048872384,0.5575953073652326,1.210564981207613,1.9873532259939746,0.5,0.4583333333333333,0.0,100.0,79.05125308976737,2.8188496498804967,198.9296875,20574.630859375
20649.0,56800.0,20642.764453125,20266.51259765625,21189.038652503037,19343.98654280946,48.36318553310711,20562.252238010926,20651.8435812794,-89.59134326847561,-193.8562445021804,104.26490123370479,-0.5996109650723205,-0.03159150155513209,0.5131239639501228,1.5540425467059444,0.4166666666666667,0.4166666666666667,20.42780680147471,66.45204391349861,75.40551979810827,1.0864972599249139,-124.560546875,20773.560546875
20664.640625,63100.0,20651.110546875,20341.9576171875,21117.010714529722,19566.90451984528,44.348278910548565,20578.004297547704,20652.79151044389,-74.78721289618625,-170.04243818098158,95.25522528479533,0.07574519347183883,0.08829691362217017,0.38531353347984054,1.7249386059979037,0.5,0.4583333333333333,17.86275973183599,70.66454148058138,79.03886179802667,2.4838563383135734,15.640625,20649.0
20556.5390625,72100.0,20643.67421875,20403.43154296875,21017.95882468908,19788.904261248415,43.30277254416598,20574.70195369421,20645.661699485085,-70.95974579087488,-150.22589970296025,79.26615391208537,-0.5231233606318765,-0.3819153808101115,-0.2193352593493148,1.2824072074649269,0.4166666666666667,0.4583333333333333,35.59130933352979,0.0,45.70552846469334,0.9668111578422676,-108.1015625,20664.640625
20773.490234375,75700.0,20683.44609375,20438.22509765625,21053.87808253563,19822.57211277687,63.15502120993837,20605.28476610664,20655.1304798473,-49.84571374065854,-130.1498625104999,80.30414876984136,1.0553876370695607,0.5234860346255341,0.7448184634397116,2.271355115934025,0.4166666666666667,0.5,0.016989386352803483,99.96760113396031,56.87738087151391,1.0615329767999948,216.951171875,20556.5390625
20788.390625,82200.0,20686.412109375,20476.90615234375,21077.565901810765,19876.24640287673,65.73883131861336,20633.454898244083,20665.00160171046,-31.54670346637795,-110.42923070167551,78.88252723529756,0.07172791118337703,0.4224628898670764,0.6764484497231071,2.214252761237689,0.5,0.5416666666666666,0.0,100.0,66.65586704465346,1.6907736239008941,14.900390625,20773.490234375
20883.76953125,66600.0,20733.366015625,20542.99658203125,20991.34250216915,20094.65066189335,59.57451140756025,20671.964841783454,20681.206633528203,-9.241791744749207,-90.19174291029024,80.94995116554104,0.4588085146682681,0.7937742995038292,0.9422076094824586,2.3209815062607544,0.5833333333333334,0.5833333333333334,0.0,100.0,99.98920037798679,2.3600315605207065,95.37890625,20788.390625
20844.44921875,65500.0,20769.327734375,20583.2705078125,20983.06219781229,20183.47881781271,69.93188065171493,20698.500899778308,20693.298676877963,5.2022229003450775,-71.11294974816319,76.31517264850827,-0.18828168181592875,0.4460768685065947,0.6798135797296033,1.8129424041680917,0.5,0.5416666666666666,8.16621235721703,87.98390851249239,95.99463617083082,0.8631486468044504,-39.3203125,20883.76953125
20874.060546875,68900.0,20832.83203125,20616.77158203125,20994.43881131182,20239.104352750684,70.76492255493196,20725.510076254723,20706.68844502589,18.821631228831393,-53.12603355276427,71.94766478159566,0.14205857787004522,0.41986940883127644,0.760084803622002,1.79258123335148,0.5,0.5416666666666666,2.967017225531509,97.0329827744685,95.00563042898699,0.7467928169808971,29.611328125,20844.44921875
20751.279296875,70600.0,20828.38984375,20632.98251953125,21004.140226100997,20261.824812961506,68.76314927794233,20729.474571734765,20709.99147108879,19.483100645975355,-38.604206713016346,58.0873073589917,-0.5882001239015341,-0.3264317634875088,0.11571711062846589,1.042626945390807,0.5,0.5416666666666666,40.488355158706476,59.51164484129353,81.5095120427515,0.6224589044533869,-122.78125,20874.060546875
20333.169921875,86200.0,20737.345703125,20641.4509765625,20973.168199139043,20309.733753985958,19.42651318715893,20668.50462560249,20682.07876373962,-13.574138137129921,-33.598192997839064,20.024054860709143,-2.0148607178303672,-1.9892325682995722,-1.798605753496521,-1.1479113799349094,0.5,0.5416666666666666,100.0,0.0,52.18154253858736,-1.265195274841533,-418.109375,20751.279296875
20864.2109375,84100.0,20733.433984375,20666.6765625,20984.625198960817,20348.727926039184,53.06656386857854,20698.613288971334,20695.570035870023,3.043253101310256,-26.269903778009198,29.313156879319454,2.6116981152736596,0.5092905558642716,0.6488153315742874,1.264526133267947,0.5833333333333334,0.5416666666666666,3.5522353116453296,96.44776468835467,51.98646984321607,1.4074618402840042,531.041015625,20333.169921875
21144.48046875,78600.0,20793.440234375,20696.1361328125,21074.140843251324,20318.131422373674,59.17264506198291,20767.20823970651,20728.8226605278,38.38557917871003,-13.33880718666535,51.72438636537538,1.343302807326691,1.646667130386237,1.8489671021370189,2.430009018115388,0.5833333333333334,0.5416666666666666,0.0,100.0,65.48258822945157,1.7855385023574983,280.26953125,20864.2109375
21139.7109375,64500.0,20846.5703125,20730.9841796875,21138.022846652755,20323.945512722246,60.64710605270942,20824.516347059354,20759.258829192404,65.25751786695037,2.380457824057798,62.877060042892566,-0.022556861858341798,1.3838991678664028,1.6258189440789295,2.259808161822115,0.5833333333333334,0.5,0.5878798529578156,99.41212014704219,98.61996161179896,2.3764392343454888,-4.76953125,21144.48046875
20900.630859375,65600.0,20876.440625,20755.90224609375,21138.494715298013,20373.309776889484,50.83237678938983,20836.226272030992,20769.730831428154,66.49544060283733,15.203454379813708,51.29198622302363,-1.130952446946154,0.2160115175758545,0.38157803308102384,0.9533703218639423,0.5,0.5,30.056260246370286,69.94373975362971,89.7852866335573,1.1420001860061382,-239.080078125,21139.7109375
21281.849609375,61800.0,21066.1765625,20786.6912109375,21232.698617912207,20340.683803962795,64.30503276468197,20904.783708545456,20807.665555720516,97.1181528249399,31.586394068838956,65.53175875610094,1.8239581023412215,1.6130666469588628,1.916638541755172,2.6042953415076573,0.5833333333333334,0.5,0.0,100.0,89.7852866335573,3.5283689762647756,381.21875,20900.630859375
21302.650390625,53600.0,21153.864453125,20815.8572265625,21316.287695396702,20315.4267577283,83.26564585913499,20965.993967326922,20844.331099046773,121.66286828014927,49.60168891110102,72.06117936904825,0.09773953689080164,0.9336935570836794,1.8012729953877251,2.5506182014596126,0.5833333333333334,0.5,0.0,100.0,89.98124658454326,2.5472857487104914,20.80078125,21281.849609375
21431.490234375,59700.0,21211.26640625,20856.28623046875,21417.981212012208,20294.591248925295,76.88582224534342,21037.608777642006,20887.824368330348,149.78440931165824,69.63823299121248,80.14617632044576,0.6048066385518894,1.0912893392485152,2.1553497909263033,2.9666434247998774,0.5833333333333334,0.5416666666666666,0.0,100.0,100.00000000000001,3.0935516893819193,128.83984375,21302.650390625
21464.23046875,68400.0,21276.1703125,20899.81171875,21508.762002174015,20290.861435325984,69.80000677287174,21103.24288396631,20930.521116509586,172.7217674567255,90.25493988431509,82.46682757241041,0.15276695188693115,0.9918559702871507,2.07605389512662,2.9051769899447564,0.5833333333333334,0.5833333333333334,0.0,100.0,100.00000000000001,2.779483544057558,32.740234375,21431.490234375
21425.509765625,52400.0,21381.14609375,20942.3556640625,21574.113983278698,20310.5973448463,66.98352124086287,21152.822404221497,20967.186942369986,185.63546185151063,109.33104427775422,76.30441757375641,-0.18039641896956837,0.5842410799161645,1.6578187823092336,2.5639437006103156,0.5833333333333334,0.5416666666666666,3.423397910216317,93.5467595455877,97.84891984852925,2.787603264433221,-38.720703125,21464.23046875
21528.23046875,51800.0,21430.422265625,20980.08916015625,21657.871051273658,20302.307269038844,94.50802119779158,21210.577491072032,21008.745722101838,201.8317689701944,127.83118921624228,74.00057975395211,0.47943178131427555,0.5726070189160322,1.881677790497223,2.889663634184649,0.5833333333333334,0.5416666666666666,0.0,100.0,97.84891984852925,3.1338891654835885,102.720703125,21425.509765625
21449.390625,56400.0,21459.7703125,21020.10869140625,21709.9884615499,20330.228921262602,70.80416951635357,21247.3179732148,21041.38608527948,205.93188793531954,143.45132896005777,62.48055897526177,-0.3662160894479578,0.07374859191734974,1.2298688339218242,2.3444236893477486,0.5833333333333334,0.5416666666666666,6.5971422080798074,87.43787558623352,93.66154504394042,3.3641845311683065,-78.83984375,21528.23046875
21556.509765625,67700.0,21484.77421875,21064.7021484375,21772.892429133357,20356.511867741643,75.95802810375541,21294.885941277906,21079.543394934706,215.3425463431995,157.82957243668614,57.512973906513366,0.4994041206007455,0.3753800079713287,1.2482823028771264,2.6590342606880077,0.6666666666666666,0.5833333333333334,0.0,100.0,95.8126251954112,6.01647381323409,107.119140625,21449.390625
21385.16015625,71500.0,21468.96015625,21106.133203125,21785.516354761156,20426.75005148884,45.64149300132661,21308.774282042843,21102.181673550655,206.59260849218845,167.5821796477866,39.010428844401844,-0.7948856806505937,-0.38667344026003614,0.23908382429143005,1.6794777506902026,0.5833333333333334,0.5833333333333334,14.006705516085255,37.6139547452107,75.0172767771481,2.496855597896967,-171.349609375,21556.509765625
21602.689453125,62600.0,21504.39609375,21147.5931640625,21842.530520495675,20452.655807629322,59.665153312337246,21353.992000670867,21139.256323889498,214.73567678136897,177.0128790745031,37.72279770686586,1.0171974176748224,0.5185416817028973,1.077803131288219,2.5453179125901917,0.5833333333333334,0.5833333333333334,0.0,100.0,79.20465158173693,2.1670382729535467,217.529296875,21385.16015625
21822.0390625,59100.0,21563.1578125,21199.2755859375,21934.32080699149,20464.230364883508,72.10534453210575,21425.999240952275,21189.832823045832,236.1664179064428,188.84358684089108,47.322831065551725,1.015381023973704,1.2278997123375108,1.8332027644178084,3.3467673732310987,0.6666666666666666,0.625,0.0,100.0,79.20465158173693,3.2277079238089748,219.349609375,21602.689453125
21726.279296875,59200.0,21618.535546875,21241.40107421875,21996.60508586924,20486.19706256826,61.12699795677852,21472.19617263269,21229.569598885028,242.62657374766422,199.60018422224573,43.026389525418494,-0.4388213463954338,0.6296081513939902,1.0618514724376305,2.678157363342426,0.6666666666666666,0.5833333333333334,10.39276243691191,78.08093632925313,92.69364544308439,3.9503517528020193,-95.759765625,21822.0390625
21596.810546875,57100.0,21626.595703125,21279.019140625,22025.87570552711,20532.162575722894,57.83668172143487,21491.367614823816,21256.77263206947,234.59498275434453,206.5991439286655,27.995838825679016,-0.5959085227198665,-0.08375775202724109,0.33711447981010617,1.8576378527862991,0.5833333333333334,0.5833333333333334,24.443945133234838,48.446008172316056,75.50898150052308,1.4799509595315183,-129.46875,21726.279296875
21456.009765625,75200.0,21640.765625,21308.1166015625,22033.582105052028,20582.65109807297,44.84222765727116,21485.927945716307,21271.53093825877,214.39700745753726,208.15871663443988,6.238290823097373,-0.6519517358565405,-0.6581806824889118,-0.3761863717835052,1.0580317260835177,0.5,0.5416666666666666,67.7594304660185,16.21721908781216,47.581387863127134,0.7199074865702689,-140.80078125,21596.810546875
21025.560546875,99800.0,21525.33984375,21321.8306640625,22012.51065920415,20631.150668920855,35.42192218585258,21415.102192048413,21253.31090926738,161.79128278103235,198.8852298637584,-37.09394708272606,-2.006194178004287,-2.3802831710635917,-2.2212557963695314,-1.0154606808052191,0.4166666666666667,0.5,100.0,0.0,21.554409086709423,-1.8940805471796347,-430.44921875,21456.009765625
21125.08984375,55600.0,21385.95,21361.42666015625,21883.73622628356,20839.117094028938,28.589840350364142,21370.48490769481,21243.81305256239,126.6718551324193,184.4425549174906,-57.770699785071315,0.47337285801777546,-1.5543473334017441,-1.629108619678592,-0.5939507626298439,0.4166666666666667,0.5,87.50383156325329,12.496168436746714,9.571129174852976,-1.58002694526486,99.529296875,21025.560546875
21503.689453125,67800.0,21341.43203125,21393.4005859375,21863.20528946818,20923.59588240682,37.51185643863996,21390.977914684066,21263.06315630777,127.91475837629696,173.1369956092519,-45.22223723295494,1.7921798779332114,0.45836759346451966,0.10350573482113008,1.0569634634892757,0.5,0.5416666666666666,39.96964175803157,60.03035824196843,24.17550889290506,0.3648906763722895,378.599609375,21125.08984375
21290.240234375,66200.0,21280.11796875,21400.68857421875,21858.606452483305,20942.770695954197,34.34101697958634,21375.479810021134,21265.076273201637,110.40353681949637,160.5903038513008,-50.186767031804436,-0.9926167284701961,-0.19997201786432112,-0.7985517511090173,-0.027615843384406268,0.4166666666666667,0.5,66.76875994673821,33.23124005326179,35.25258891065899,-1.105479777915154,-213.44921875,21503.689453125
21287.01953125,64100.0,21246.319921875,21408.05400390625,21852.847996135526,20963.260011676975,37.76543965986699,21361.870536364037,21266.70169972374,95.16883664029592,147.50601040909984,-52.33717376880392,-0.015127603491293096,0.027025184878078718,-0.7509849550916629,-0.14740436323969675,0.4166666666666667,0.5,67.17312780623693,32.82687219376307,42.02949016299778,-0.7569963016140465,-3.220703125,21290.240234375
21450.849609375,83200.0,21331.377734375,21435.56494140625,21810.844272132563,21060.285610679937,49.799850910898044,21375.559624519567,21280.342285623832,95.21733889573443,137.04827610642675,-41.830937210692326,0.7696243144066852,0.8009310940988947,0.05393440245383421,0.40175857316989594,0.4166666666666667,0.5416666666666666,46.60382494231198,60.69326138340097,42.25045787680863,-0.49015428470934813,163.830078125,21287.01953125
21584.5,55200.0,21423.259765625,21450.6974609375,21824.28254509932,21077.11237677568,78.16442179562127,21407.704297670403,21302.872486688735,104.83181098166824,130.60498308147504,-25.7731720998068,0.6230540657307516,0.9868977100390464,0.5993777904315813,0.8855989339118119,0.5,0.5416666666666666,29.823662263332,97.84498085339169,63.78837147685193,0.932140990731562,133.650390625,21450.849609375
21566.849609375,59900.0,21435.891796875,21463.907421875,21834.119579246828,21093.69526450317,74.26183963529095,21432.188191778805,21322.42634762846,109.76184415034368,126.43635529524877,-16.674511144905097,-0.08177345143505757,0.5579201530794843,0.5311081027997665,0.7202527443821521,0.4166666666666667,0.5,32.03971583900813,96.84216411521541,85.12680211733604,-0.16590454548618935,-17.650390625,21584.5
21608.919921875,65300.0,21499.627734375,21472.77890625,21848.187352829,21097.370459671,59.16847615222822,21459.37768871668,21343.64809386895,115.72959484772946,124.29500320574493,-8.565408358015475,0.19506934606578907,0.6717536413978596,0.8106702286862926,0.8246711063880812,0.4166666666666667,0.5416666666666666,26.7576760005591,100.0,98.22904832286905,-0.9766234035903354,42.0703125,21566.849609375
21627.33984375,78900.0,21567.691796875,21480.934375,21862.59567637104,21099.273073628963,94.49081544798858,21485.218020260265,21364.662297563842,120.55572269642289,123.54714710388052,-2.991424407457629,0.08524221451879817,0.4945271484881507,0.935427928071301,0.7682501329073799,0.5,0.5833333333333334,24.445005725888123,100.0,98.94738803840515,-0.4553906896485076,18.419921875,21608.919921875
20977.109375,77700.0,21472.94375,21458.51435546875,21901.61942922965,21015.40928170785,34.894980542080134,21407.047459450994,21335.954673670225,71.09278578076919,113.05627483925826,-41.963489058489074,-3.006520790109596,-2.292356542756424,-1.8626924144085228,-2.203510388143835,0.5,0.5416666666666666,100.0,0.0,66.66666666666667,-2.86941060361651,-650.23046875,21627.33984375
21428.390625,101300.0,21441.721875,21453.52236328125,21895.568731016203,21011.475995546294,49.14494260206927,21410.331023381612,21342.801781176135,67.5292422054772,103.95086831250204,-36.421626107024835,2.1513033179768124,-0.17296393113034683,0.25933422658162913,-0.12400631495356422,0.5833333333333334,0.5416666666666666,30.59672351750281,69.40327648249719,56.467758827499075,-0.12872449689713064,451.28125,20977.109375
21378.73046875,76000.0,21404.098046875,21449.98935546875,21893.302437582748,21006.676273354755,41.630706950022876,21405.46939959213,21345.463165440862,60.00623415126756,95.16194148025515,-35.15570732898759,-0.23174935121848422,-0.24493626793486836,-0.11056508057575974,-0.34525744998387403,0.5833333333333334,0.5,38.23403961335824,61.76596038664176,43.72307895637966,1.6797170334062326,-49.66015625,21428.390625
21033.759765625,71100.0,21289.066015625,21423.85185546875,21901.067004394557,20946.636706542944,32.87682748721449,21348.283302058724,21322.37402471376,25.909277344962902,81.31140865319671,-55.402131308233805,-1.6136164101477173,-1.4460210467438606,-1.6874367647121922,-1.871259141508089,0.5,0.4583333333333333,91.28764440492854,8.71235559507146,46.62719748807015,-0.4323298920881069,-344.970703125,21378.73046875
21205.810546875,61600.0,21204.76015625,21414.884375,21901.80262552024,20927.966124479764,38.0497390990173,21326.364416645843,21313.739693022002,12.624723623841419,67.57407164732565,-54.949348023484234,0.8179744523429363,-0.32610546346225194,-0.7681315938941926,-1.026322663607784,0.5,0.5,64.82767528340312,35.17232471659688,35.216880232770045,-1.3852455733204938,172.05078125,21033.759765625
21509.029296875,77400.0,21311.144140625,21410.2013671875,21891.280959131305,20929.121775243693,46.999345131533445,21354.466705911866,21328.205589603705,26.261116308160126,59.311480579492546,-33.05036427133242,1.4298852162700468,1.192905154063501,0.5649702036512644,0.39263603815624515,0.5833333333333334,0.5,18.195171183294384,81.80482881670561,41.89650304279133,1.0276495713127063,303.21875,21205.810546875
21505.310546875,71000.0,21326.528125,21394.36494140625,21837.73673421507,20950.99314859743,69.93361824075808,21377.673450675426,21341.324475327507,36.348975347918895,54.718979533177816,-18.37000418525892,-0.017289250708028413,0.7581010567959231,0.4621390017347748,0.3643641007032346,0.5833333333333334,0.5,18.76708378639785,81.23291621360215,66.07002324896823,1.0254653795217412,-3.71875,21509.029296875
21713.2109375,68500.0,21393.42421875,21393.7115234375,21835.05759540272,20952.365451472284,63.16759911727207,21429.29460249459,21368.871620673617,60.42298182097147,55.85977999073654,4.563201830234931,0.9667397742145631,1.5064094701638928,1.3298530491188938,1.3037574829107674,0.5833333333333334,0.5,0.0,100.0,87.67924834343592,1.223081290031217,207.900390625,21505.310546875
21724.94921875,57900.0,21531.662109375,21400.11845703125,21857.31435168037,20942.922562382133,66.58775045758925,21474.779928072345,21395.247739049646,79.53218902269873,60.59426179712898,18.93792722556975,0.05406054997479573,1.2880552748703318,1.3292865008797148,1.291615605288142,0.5833333333333334,0.5416666666666666,0.0,100.0,93.74430540453405,0.6506947983506683,11.73828125,21713.2109375
21807.5,58500.0,21652.0,21417.69296875,21909.636915670628,20925.749021829375,99.52395596592686,21525.96763144583,21425.78494356449,100.18268788134083,68.51194701397135,31.670740867369474,0.3799814693180202,1.065292409864187,1.619267813260689,1.6360656727441054,0.6666666666666666,0.5416666666666666,0.0,100.0,100.0,1.1158346953019531,82.55078125,21724.94921875
21761.650390625,54600.0,21702.52421875,21454.4974609375,21932.869586886813,20976.125334988184,92.43204074573279,21562.22651747339,21450.66386556897,111.56265190441991,77.12208799206107,34.44056391235884,-0.21024697638427148,0.4216620474189301,1.3455101946191708,1.434274095229737,0.5833333333333334,0.5,5.521450747953711,94.07428910401232,98.02476303467078,0.7067936264384453,-45.849609375,21807.5
21802.58984375,54300.0,21761.980078125,21488.3724609375,21964.474638806685,21012.270283068312,87.37746256111329,21599.205490746714,21476.732456545345,122.47303420136814,86.1922772339225,36.28075696744564,0.18812660064898787,0.3839368569490735,1.467157591918944,1.6100397143556908,0.5833333333333334,0.5416666666666666,0.5913068021450748,99.36539990660222,97.81322967020485,0.8103169472811738,40.939453125,21761.650390625
21687.5703125,58700.0,21756.851953125,21497.56650390625,21981.9440563461,21013.188951466404,68.08139602475518,21612.80007870876,21492.35007550495,120.45000320380859,93.04382242789973,27.406180775908865,-0.5275498556561246,-0.28510041315006374,0.6545295490541732,1.0561857010602265,0.5833333333333334,0.5416666666666666,14.442562799887101,80.06784282537777,91.1691772786641,3.3868390768210883,-115.01953125,21802.58984375
21711.380859375,61200.0,21754.13828125,21518.62353515625,22001.66588667785,21035.58118363465,49.71396824040099,21627.96635265741,21508.574578013846,119.39177464356544,98.31341287103288,21.07836177253256,0.10978890918581316,-0.17422457000179964,0.6548710991714309,1.1169996868963425,0.5833333333333334,0.5833333333333334,11.575171700065857,68.19242378216273,82.54188883804756,1.3206322365844962,23.810546875,21687.5703125
21870.560546875,61600.0,21766.750390625,21547.8005859375,22042.29880651287,21053.30236536213,65.57841551635512,21665.288536383196,21535.38835348504,129.90018289815634,104.63076687645759,25.26941602169876,0.7331624300223448,0.4455800288364242,1.2005415538871924,1.69160098665416,0.6666666666666666,0.625,0.0,100.0,82.75342220251348,2.300557925288989,159.1796875,21711.380859375
22169.109375,66100.0,21848.2421875,21583.71357421875,22147.971931093103,21019.455217344395,76.45866797761481,21742.79943463194,21582.33065137504,160.46878325689977,115.79837015254604,44.67041310435373,1.3650716792791966,1.5356877716098254,2.1348596685241956,2.8716899394715085,0.75,0.625,0.0,100.0,89.39747459405423,5.397749247048435,298.548828125,21870.560546875
22221.66015625,57300.0,21932.05625,21615.57158203125,22247.863513776196,20983.279650286306,83.33168225753951,21816.47031488087,21629.68839247689,186.78192240397766,129.9950806028324,56.78684180114527,0.23704507186590576,1.420241189178444,1.9792377618551584,2.9725985888171005,0.75,0.625,0.0,100.0,99.99999999999999,4.790430467769603,52.55078125,22169.109375
22277.970703125,75400.0,22050.136328125,21651.12763671875,22348.510906335105,20953.744367102394,83.69488475115942,21887.470374610737,21677.709304376753,209.76107023398436,145.94827852906278,63.81279170492158,0.25340387027367195,1.3108952407823886,1.9378907301576997,3.037033703348849,0.75,0.6666666666666666,0.0,100.0,99.99999999999999,3.5749702863704678,56.310546875,22221.66015625
22090.119140625,67300.0,22125.883984375,21675.18759765625,22399.136662805835,20951.238532506668,75.86237185198198,21918.647107843703,21708.258181135883,210.38892670781934,158.8364081648141,51.55251854300525,-0.843216669073227,0.15106003690460595,0.8534366743689243,2.010330829914868,0.75,0.6666666666666666,24.31231389123412,68.18234447623931,89.39411482541307,2.7193682810359614,-187.8515625,22277.970703125
22200.560546875,0.0,22191.883984375,21703.8486328125,22464.289489977044,20943.407775647956,78.28011381599747,21962.01840615621,21744.725023042483,217.29338311372703,170.52780315459668,46.76557995913035,0.49995840016494936,0.2810982966212535,1.1700743193739798,2.37266310140746,0.75,0.6666666666666666,10.018655112967073,86.88853234530328,85.02362560718082,2.2444842947356,110.44140625,22090.119140625
22217.900390625,42900.0,22201.6421875,21765.88818359375,22477.58076293223,21054.19560425527,74.01930858621603,22001.384865305252,21779.77505027082,221.60981503443327,180.74420553056402,40.86560950386925,0.07810543212811262,0.0976758136781626,1.0599073438467428,2.328089411657584,0.75,0.6666666666666666,10.174504193062837,89.82549580693716,81.63212420949321,2.2690555771221415,17.33984375,22200.560546875
22259.740234375,52000.0,22209.258203125,21807.4556640625,22533.125328348666,21081.785999776337,59.71737664546015,22041.131845162134,21815.328026871128,225.80381829100588,189.75612808265242,36.04769020835346,0.1883159210113959,0.21797456314185862,1.0769521936895754,2.384651250311769,0.75,0.7083333333333334,3.0878144797128537,96.78242224933987,91.1654834671934,2.073783030494096,41.83984375,22217.900390625
22200.0,67900.0,22193.6640625,21848.519140625,22564.92754713223,21132.110734117774,47.71287390077709,22065.573099752575,21843.822247102897,221.75085264967856,196.15507299605767,25.595779653620895,-0.2683779493650383,-0.034740941209061085,0.6387530666302926,1.994335143600769,0.75,0.6666666666666666,13.206411168268357,80.86186563371909,89.156594563332,2.014321531255932,-59.740234375,22259.740234375
22307.580078125,63300.0,22237.15625,21912.21015625,22545.27587481469,21279.144437685307,52.821052944985745,22102.804942579103,21878.17467903046,224.6302635486427,201.8501111065747,22.780152442067987,0.48459494650900903,0.4273691466015851,0.9338900552108313,2.3553085411318593,0.75,0.6666666666666666,0.0,100.0,92.54809596101961,2.316193800800973,107.580078125,22200.0
22258.73046875,71900.0,22248.790234375,21964.85615234375,22521.029519835654,21408.682784851844,71.85267687634476,22126.793485066933,21906.363996787462,220.42948827947112,205.56598654115405,14.86350173831707,-0.21898210923784753,0.08083591626259685,0.4964356805833601,1.8815358405943339,0.75,0.6666666666666666,7.878845154278694,77.53637506736123,86.13274690036008,2.6335829602857914,-48.849609375,22307.580078125
21923.720703125,90700.0,22189.954296875,21985.59072265625,22499.52854907305,21471.652896239448,27.321570283900364,22095.551518614328,21907.64967873839,187.90183987593628,202.0331572081105,-14.131317332174234,-1.5050713071679214,-1.2205271995561102,-1.095123915787609,0.2534400030199785,0.6666666666666666,0.625,61.91182724566461,0.0,59.178791689120374,0.9780116940756968,-335.009765625,22258.73046875
21602.58984375,85700.0,22058.52421875,21990.4546875,22486.793894021444,21494.11548097856,16.345223215716437,22019.711260942895,21885.05265392444,134.65860701845668,188.55824717017975,-53.89964015172308,-1.4647644153267567,-2.2155940763326645,-2.4455693001633763,-1.2571534477086506,0.5833333333333334,0.625,100.0,0.0,25.84545835578704,-1.2252575902234446,-321.130859375,21923.720703125
21402.130859375,96900.0,21898.950390625,21974.90068359375,22524.46456364954,21425.33680353796,10.028256302138521,21924.69889147091,21849.280669142998,75.4182223279131,165.93024220172643,-90.51201987381333,-0.9279395934696053,-2.4921014301641766,-3.0710483839913136,-2.2420119801562994,0.5,0.625,100.0,0.0,0.0,-3.4596722071745383,-200.458984375,21602.58984375
21344.919921875,98500.0,21706.418359375,21955.89921875,22564.915006079445,21346.883431420556,10.051956062726862,21835.50212691769,21811.920613789815,23.58151312787595,137.46049638695635,-113.8789832590804,-0.26731421219648926,-2.117211319817831,-3.009218566992269,-2.529138649368247,0.4166666666666667,0.5833333333333334,100.0,0.0,0.0,-3.9454308463466017,-57.2109375,21402.130859375
21191.279296875,74500.0,21492.928125,21925.08818359375,22621.758609009554,21228.417758177948,0.0,21736.390922295737,21765.947182907235,-29.556260611498146,104.05714498726545,-133.6134055987636,-0.7197994912248129,-1.9855291230741756,-3.3094844228084135,-3.1721931480901624,0.3333333333333333,0.5416666666666666,100.0,0.0,0.0,-4.877874294437269,-153.640625,21344.919921875
21067.23046875,90200.0,21321.630078125,21890.3671875,22683.828357336835,21096.906017663165,0.0,21633.443160211777,21714.190389265957,-80.74722905418093,67.09627017897617,-147.8434992331571,-0.5853767787548958,-1.6560003858478802,-3.50016940040844,-3.6586484180019516,0.3333333333333333,0.5416666666666666,100.0,0.0,0.0,-4.630525826335852,-124.048828125,21191.279296875
21188.560546875,84100.0,21238.82421875,21859.66572265625,22712.707843299893,21006.623602012605,12.408218214939158,21564.999681236884,21675.254845385145,-110.25516414826052,31.62598331352882,-141.88114746178934,0.5759185019833268,-0.5206297183778077,-2.5680348321000874,-3.0068379453728595,0.3333333333333333,0.5416666666666666,90.21807422617427,9.781925773825739,3.260641924608542,-4.558443458502904,121.330078125,21067.23046875
21062.98046875,82500.0,21170.994140625,21828.43623046875,22750.91219198833,20905.96026894917,15.510009437683825,21487.7659562389,21629.901187856616,-142.13523161771445,-3.126259672719844,-139.0089719449946,-0.5926786666191026,-0.6908995562563403,-2.714950097331319,-3.4598040383464244,0.25,0.5,100.0,0.0,3.260641924608542,-5.198150597354944,-125.580078125,21188.560546875
21250.08984375,75800.0,21152.028125,21805.3716796875,22762.583874837772,20848.15948453723,40.11333876912369,21451.200400471378,21601.76701421909,-150.56661374771284,-32.61433048771845,-117.95228325999439,0.8883328514575798,0.31114301344371076,-1.467827328893453,-2.4984138136222045,0.25,0.5,84.966299716745,21.738193188548195,10.506706320791274,-4.5357689712202,187.109375,21062.98046875
21301.73046875,65100.0,21174.118359375,21776.93017578125,22759.455240054696,20794.405111507804,47.1710568398429,21428.2050263604,21579.542084925084,-151.3370585646844,-56.35887610311165,-94.97818246157277,0.24301367843481544,0.5890923156622855,-0.8843597124296182,-2.1754575093186093,0.3333333333333333,0.5416666666666666,80.81712398094895,44.24496887215868,21.99438735356892,-4.046259149774775,51.640625,21250.08984375
21272.44921875,70100.0,21215.162109375,21732.09716796875,22721.08231224154,20743.11202369596,56.351421157037926,21404.242594420335,21556.79446520841,-152.55187078807649,-75.59747504010463,-76.95439574797186,-0.13745948970181596,0.38669383156769005,-0.621732312629101,-2.2107283796735375,0.25,0.5,83.16978822569382,61.76279190302053,42.58198465457576,-4.640265128489029,-29.28125,21301.73046875
21283.369140625,64500.0,21234.123828125,21685.1826171875,22665.365263496158,20704.999970878842,70.55091906507553,21385.646678451823,21536.54073746149,-150.89405900966813,-90.65679183401734,-60.237267175650786,0.051333637056587465,0.26777430342028535,-0.19173046194936919,-2.0847223818700633,0.3333333333333333,0.5416666666666666,82.29240390122953,78.16879455224345,61.392185109140854,-4.381927035301282,10.919921875,21272.44921875
21151.140625,63900.0,21251.755859375,21628.84111328125,22594.996427038754,20662.685799523748,46.51427656547353,21349.56882407462,21507.99258098286,-158.42375690823974,-104.21018484886184,-54.213572059377896,-0.6212762403890582,-0.325879893891487,-0.5114420761181748,-2.588434218463377,0.3333333333333333,0.5,92.62720834204474,36.925719895287955,58.95243545018394,-3.5239459970627918,-132.228515625,21283.369140625
21117.220703125,67700.0,21225.18203125,21580.19619140625,22546.53141558029,20613.860967232205,56.09304448179173,21313.822959313144,21479.046515956354,-165.22355664321003,-116.4128592077315,-48.81069743547853,-0.16036923245126408,-0.5281024535626749,-0.48165502343337363,-2.6038538430285763,0.3333333333333333,0.4583333333333333,93.69842001002952,22.71842277486911,45.93764574080014,-2.246809961840875,-33.919921875,21151.140625
21182.580078125,41600.0,21201.351953125,21529.29716796875,22464.795944506757,20593.798391430744,39.56087100963426,21293.63174682266,21457.086039079957,-163.45429225729822,-125.82114581764486,-37.63314643965336,0.30950746747808483,-0.16731780043330666,-0.087491347479904,-2.1168337883299784,0.4166666666666667,0.4583333333333333,77.8358911249457,50.094077225130896,36.579406631762616,-1.0258360846991452,65.359375,21117.220703125
21260.140625,98500.0,21198.890234375,21481.4091796875,22365.110245151118,20597.708114223882,44.046167783208254,21288.47926654225,21442.49748988885,-154.01822334660028,-131.46056132343597,-22.557662023164312,0.36615250167327756,0.2309660708894312,0.31176811455393216,-1.576220510948904,0.5,0.4583333333333333,41.866451668634284,82.58017015706807,51.79755671902266,-0.39718723324005206,77.560546875,21182.580078125
21003.369140625,70000.0,21142.890234375,21418.590625,22246.168651752592,20591.01259824741,26.67312335549152,21244.616170247293,21409.969464017453,-165.35329377016023,-138.23910781278082,-27.11418595737942,-1.2077600468599912,-0.7697812973045054,-0.8264832461998652,-2.525287172449047,0.5,0.4166666666666667,100.0,0.0,44.224749127399626,-0.8867334228269571,-256.771484375,21260.140625
20942.529296875,58700.0,21101.16796875,21355.71708984375,22122.14115173459,20589.29302795291,22.805896652745744,21198.141266651553,21375.344266451346,-177.20299979979245,-146.03188621018316,-31.17111358960929,-0.28966706885288585,-0.7909589221157707,-1.0652112023446154,-2.5914792812344594,0.5,0.4166666666666667,100.0,0.0,27.526723385689326,-0.5919201010307218,-60.83984375,21003.369140625
20601.189453125,79100.0,20997.96171875,21270.39755859375,21967.4376330172,20573.3574841703,17.099959104983352,21106.30252610901,21317.999465464207,-211.69693935519535,-159.16489683918562,-52.53204251600974,-1.6298883430519255,-1.982357836881454,-2.4521742963730047,-3.881199458232991,0.4166666666666667,0.375,100.0,0.0,0.0,-2.7721141908180664,-341.33984375,20942.529296875
20410.880859375,67400.0,20843.621875,21178.005078125,21810.310420156547,20545.69973609345,14.404640981425052,20999.314577380705,21250.805494642787,-251.4909172620828,-177.63010092376507,-73.86081633831773,-0.9237747858346695,-2.340819902726505,-3.1039725844973485,-4.4334033634818475,0.4166666666666667,0.3333333333333333,100.0,0.0,0.0,-3.0959512607557356,-190.30859375,20601.189453125
20408.5390625,69200.0,20673.3015625,21102.24599609375,21721.29366912336,20483.198323064138,8.34736437188243,20908.426036629826,21188.415388558136,-279.9893519283105,-198.10195112467417,-81.88740080363633,-0.011473276881748982,-1.7455448652227639,-2.7914605159681574,-4.0980186736489,0.3333333333333333,0.2916666666666667,100.0,0.0,0.0,-3.960222227001614,-2.341796875,20410.880859375
20776.099609375,72300.0,20627.84765625,21060.921484375,21648.90077086165,20472.942197888355,30.14861961740501,20888.068124744466,21157.87347898902,-269.8053542445523,-212.4426317486498,-57.36272249590249,1.8010135157120584,0.4140320918412017,-0.8338238749361083,-2.0978653692788325,0.3333333333333333,0.3333333333333333,58.84862479609196,43.16109352781983,14.387031175939915,-2.4675500431578055,367.560546875,20408.5390625
20774.0390625,59600.0,20594.149609375,21029.51689453125,21607.77580894685,20451.25798011565,38.110850771265234,20870.525192091474,21129.44129998983,-258.91610789835613,-221.7373269785911,-37.17878091976502,-0.009917871562717187,0.5898940346983473,-0.646694754200549,-1.8119298489355526,0.3333333333333333,0.2916666666666667,59.07931967969492,42.91913214990138,28.69340855924038,-2.342984350907231,-2.060546875,20776.099609375
20884.7109375,50700.0,20650.85390625,21006.5064453125,21568.31201151929,20444.700879105712,47.14979212921687,20872.707614462015,21111.313124990582,-238.6055105285668,-225.11096368858625,-13.494546839980558,0.5327412481849905,1.1729855531101672,0.041551548139579425,-1.0210094981734896,0.3333333333333333,0.3333333333333333,45.5697869898842,55.914866290537134,47.33169732275275,-1.8730972549080787,110.671875,20774.0390625
21134.419921875,58200.0,20795.56171875,21003.6634765625,21562.097433254152,20445.229519870845,78.89660836836735,20912.97104637171,21113.024739574616,-200.0536932029063,-220.09950959145024,20.045816388543955,1.1956544915669842,1.9437700395068012,1.2444605153556083,0.31879814797493256,0.4166666666666667,0.375,17.026074259956733,100.0,66.27799948014615,-0.07905343461825715,249.708984375,20884.7109375
21204.279296875,52100.0,20954.709765625,21010.51591796875,21575.55846405836,20445.473371879143,99.45121832453594,20957.787700295296,21119.78433641168,-161.99663611638607,-208.4789348964374,46.48229878005134,0.3305478705270385,1.6324922559292436,1.5438308489346284,0.7297522450663398,0.5,0.4166666666666667,6.559561488005137,100.0,85.30495543017902,0.4122635027303416,69.859375,21134.419921875
21129.720703125,56500.0,21025.433984375,21007.57392578125,21569.316310883256,20445.831540679243,91.2377178620648,20984.238931499865,21120.520363575633,-136.28143207576795,-194.03943433230353,57.758002256535576,-0.35162050407904283,0.6950214166462239,1.2081313454657103,0.4297170394878923,0.4166666666666667,0.4166666666666667,15.3146644649328,90.63028479280544,96.87676159760179,-0.24954172157048635,-74.55859375,21204.279296875
21032.0,65700.0,21077.026171875,21006.02490234375,21567.294641027715,20444.755163659785,71.16348188470174,20991.586788192195,21113.96329960707,-122.37651141487368,-179.70684974881758,57.3303383339439,-0.4624798618873722,0.02602274424073198,0.8318848864546398,0.02723798077507713,0.3333333333333333,0.4166666666666667,26.789596807485893,78.349806955493,89.66003058276613,-1.0730908559077323,-97.720703125,21129.720703125
21116.890625,60400.0,21123.462109375,20999.36494140625,21551.52797590429,20447.20190690821,74.93791802337806,21010.86430154724,21114.180138525066,-103.3158369778248,-164.42864719461903,61.11281021679423,0.4036260222518068,0.157564490500752,1.1929737064209518,0.4457808706672945,0.4166666666666667,0.4583333333333333,16.821246731801292,89.01793976225949,85.99934383685263,0.5404917830798165,84.890625,21032.0
21124.0,49100.0,21121.378125,20990.47841796875,21527.669682327825,20453.28715360967,70.4924229752785,21028.269793616895,21114.907535671355,-86.63774205445952,-148.87046616658714,62.23272411212761,0.03366677001008523,0.00212200198451105,1.1537381244611145,0.4682936511284775,0.5,0.5,10.088631114405564,81.34082067159063,82.9028557964477,0.8665176042135401,7.109375,21116.890625
20972.7109375,54600.0,21075.064453125,20975.49150390625,21496.02658445707,20454.95642335543,33.34366035109178,21019.722277291217,21104.374454325327,-84.65217703410963,-136.02680834009163,51.37463130598201,-0.7161951453323234,-0.5872478095398155,0.28060924809468035,-0.20856932358966593,0.5,0.4583333333333333,29.100999217022277,46.17696326997544,72.17857456794185,1.8033982223227594,-151.2890625,21124.0
21333.869140625,64100.0,21115.894140625,20978.01650390625,21505.286141649463,20450.746866163034,58.34205047223423,21068.05256395795,21121.374060717895,-53.32149675994515,-119.48574602406234,66.16424926411719,1.7220387207036523,1.0212545934029051,1.6337010166100074,1.4553906884941368,0.5833333333333334,0.5,0.0,100.0,75.83926131385535,4.5220404136848344,361.158203125,20972.7109375
21462.859375,55700.0,21202.066015625,20993.60244140625,21559.437689159276,20427.76719365322,70.04062948680892,21128.792073349035,21146.669269183236,-17.877195834200393,-99.16403598608994,81.28684015188955,0.6046265378527633,1.3655497115080968,1.8220174210352902,2.02580251993143,0.6666666666666666,0.5,0.0,100.0,82.05898775665845,5.1660744028330665,128.990234375,21333.869140625
21258.640625,89000.0,21230.416015625,21000.6734375,21576.460137866667,20424.886737133336,62.0854857523746,21148.768773603028,21154.963443688182,-6.194670085154939,-80.57016280590295,74.37549272074801,-0.9514983368799154,0.22226395429475587,0.6611526529247288,1.0636541428951598,0.5833333333333334,0.4583333333333333,19.369706490407772,58.33532571446788,86.11177523815594,2.3225775034658493,-204.21875,21462.859375
21285.990234375,43200.0,21262.8140625,21005.8439453125,21590.30050912481,20421.38738150019,59.60667437458251,21169.87976756795,21164.669131887204,5.210635680745327,-63.4140031085733,68.62463878931862,0.1286517320530696,0.21804402175001955,0.5874578547519286,1.1909600883357399,0.6666666666666666,0.5,25.67710873436242,63.91518831986483,74.0835046781109,2.464379557267428,27.349609375,21258.640625
21193.810546875,53900.0,21307.033984375,21002.52744140625,21581.636496531868,20423.418386280635,53.61643142611423,21173.56142592288,21166.827755219634,6.73367070324457,-49.38446834620972,56.11813904945429,-0.43305332044707,-0.270585297002552,0.03010241874386492,0.7706255840013903,0.5833333333333334,0.4583333333333333,39.059363268268896,45.10870431470059,55.78640611634444,1.4800281904787556,-92.1796875,21285.990234375
21086.58984375,50300.0,21257.578125,21006.6884765625,21587.01763161506,20426.35932150994,56.181564506416294,21160.181182511664,21160.884206221883,-0.7030237102189858,-39.648179419011576,38.94515570879259,-0.505905735487522,-0.8636620472474292,-0.45722933860480636,0.27364457342635,0.5,0.4583333333333333,65.08182100725645,23.233554886115495,44.08581584022698,-0.22631365470075615,-107.220703125,21193.810546875
21338.169921875,61300.0,21232.640234375,21026.4705078125,21624.300114237165,20428.640901387836,50.26497684761786,21187.56406549064,21174.016481455445,13.547584035193722,-29.009026728170515,42.55661076336423,1.1930809106128062,0.3157340927458988,0.6773685897433248,1.425587602436907,0.5,0.5,25.43912080205295,74.56087919794705,47.63437946625439,0.6314320950287249,251.580078125,21086.58984375
21275.919921875,62100.0,21236.09609375,21060.20703125,21632.597973551525,20487.816088948475,37.4503392012839,21201.157274165154,21181.564884449483,19.592389715671743,-19.28874343940206,38.881133155073805,-0.2917307352407195,0.1698053436360468,0.325991496356527,1.1110064697994249,0.5,0.4583333333333333,38.139355106074376,61.86064489392563,53.2183596593294,0.6919126892594359,-62.25,21338.169921875
21729.970703125,66900.0,21324.8921875,21126.1615234375,21687.402273791362,20564.920773083635,73.69371881449423,21282.513186312823,21222.187537684706,60.32564862811705,-3.3658650258982346,63.69151365401529,2.1341064589323078,1.930548304889393,2.1867854866578806,3.172837621070343,0.5833333333333334,0.4583333333333333,0.0,100.0,78.8071746972909,3.3186130806627996,454.05078125,21275.919921875
21754.26953125,54700.0,21436.983984375,21193.448046875,21713.609206645306,20673.286887104696,73.6127826287353,21355.091085533924,21261.601018689544,93.49006684438064,16.005321348157544,77.4847454962231,0.11182172519682951,1.6723071734009678,2.0461649030729614,3.1349985812577055,0.5833333333333334,0.5,0.0,100.0,87.28688163130856,3.0183369207558224,24.298828125,21729.970703125
21638.16015625,55000.0,21547.298046875,21236.55107421875,21753.959184596406,20719.142963841095,71.87815540609415,21398.640173336396,21289.494288138467,109.1458851979296,34.633434118111964,74.51245107981764,-0.5337314352624386,0.7808234819140905,1.297916149236148,2.4437631908191055,0.5,0.5,14.856131827927967,82.61001837052292,94.203339456841,2.4340094501514864,-116.109375,21754.26953125
21702.44921875,37800.0,21620.15390625,21282.97158203125,21792.186545311186,20773.75661875131,81.66117760462687,21445.38002647695,21320.08354225784,125.29648421911043,52.76604413831166,72.53044008079877,0.29710965274203616,0.5993218599074968,1.3104653556486952,2.52540529423451,0.5833333333333334,0.5416666666666666,6.630380999505195,92.23874659209248,91.61625498753848,3.4794656896033422,64.2890625,21638.16015625
21746.380859375,44800.0,21714.24609375,21326.055078125,21839.18526352818,20812.924892721818,76.68290590434171,21491.687846922803,21351.661121303558,140.02672561924555,70.21818043449846,69.80854518474709,0.20242710941143416,0.48605977391597455,1.3529016717182194,2.463589557421039,0.5833333333333334,0.5833333333333334,1.0093513062340376,98.81849455319845,91.22241983860464,1.9336001174042778,43.931640625,21702.44921875
21534.349609375,51900.0,21675.121875,21346.0515625,21858.907894071588,20833.195230928413,64.12630356243008,21498.251194992372,21365.193601901443,133.057593090929,82.78606296578458,50.27153012514442,-0.975018562266153,-0.6913480738757642,0.3368324553670719,1.2407855416755937,0.5,0.5833333333333334,32.93793805506476,67.06206194493524,86.03976769674206,0.33308811806441796,-212.03125,21746.380859375
21565.150390625,53900.0,21637.298046875,21364.0951171875,21881.323806062344,20846.866428312653,33.231595847838875,21508.543378935854,21380.005215880967,128.53816305488726,91.93648298360513,36.60168007128213,0.14303093340971323,-0.4231600791520491,0.36090338556741514,1.2291241164531497,0.5833333333333334,0.5833333333333334,28.324830628459097,60.4642426964457,75.44826639819314,1.4418126305994694,30.80078125,21534.349609375
21533.48046875,58900.0,21616.362109375,21384.28310546875,21894.4647321092,20874.101478828296,27.869398047000416,21512.379854291874,21391.373753130527,121.00610116134703,97.75040661915352,23.25569454219351,-0.14685694883337258,-0.4001603514180373,0.11742192105150544,0.9305424406663646,0.5,0.5833333333333334,33.06811134643062,53.84357838433742,60.456627675239474,1.1626907259185202,-31.669921875,21565.150390625
21643.529296875,49600.0,21604.578125,21414.8595703125,21909.198455796035,20920.520684828964,50.5447901101471,21532.556691612353,21410.051941556045,122.5047500563087,102.70127530658458,19.803474749724117,0.5110591772876939,0.10471041175426274,0.4540471146486698,1.2962407877952673,0.5833333333333334,0.5833333333333334,16.58583246551139,49.84342379958247,54.71708162678855,2.121934368552287,110.048828125,21533.48046875
21685.900390625,45400.0,21592.48203125,21443.31005859375,21930.89291812506,20955.72719906244,48.24267765070911,21556.148029921987,21430.4851600056,125.66286991638844,107.29359422854536,18.369275687843086,0.1957679506369497,0.31348016193907685,0.4179369878296467,1.3855128394654592,0.6666666666666666,0.5833333333333334,10.239811380363433,69.03418138070133,57.573727854873766,2.8421406747883124,42.37109375,21643.529296875
21535.25,49800.0,21592.662109375,21463.87255859375,21928.922340761575,20998.822776425925,31.722559068298406,21552.93294839553,21438.245518523705,114.68742987182486,108.77236135720126,5.915068514623599,-0.6946928092048577,-0.22097708630775514,-0.355438207894429,0.6163247770590669,0.5833333333333334,0.5416666666666666,32.803084375694745,0.8311545341956791,39.902919904826526,0.92360347136875,-150.650390625,21685.900390625
21469.1796875,53300.0,21573.46796875,21488.69599609375,21892.298990473544,21085.093001713954,42.45039256058104,21540.04783133468,21440.536938447876,99.51089288680305,106.92006766312163,-7.409174776318579,-0.3068007685074471,-0.47701478064510994,-0.7351191523473867,0.24138986240092564,0.5833333333333334,0.5416666666666666,59.59863626156013,0.0,23.288445304965702,0.9083497509609373,-66.0703125,21535.25
21046.240234375,70200.0,21476.019921875,21474.31455078125,21919.5022149627,21029.126886599803,18.50317716236722,21464.077431802423,21411.32977518322,52.747656619201734,96.08558545433765,-43.33792883513591,-1.9699842252065551,-2.044888265671802,-2.433591430243163,-1.7360719778232643,0.5,0.5416666666666666,100.0,0.0,0.2770515113985918,-3.146485920718118,-422.939453125,21469.1796875
21466.990234375,57900.0,21440.712109375,21474.52109375,21919.69021335111,21029.351974148893,47.25888087811146,21464.52555527513,21415.45277216039,49.07278311473783,86.68302498641769,-37.61024187167986,1.9991694255812282,-0.03504032380920922,-0.3725059689884212,0.1601730456215523,0.5,0.5416666666666666,40.574492911939224,65.7771155337612,21.925705177920435,-1.3205651261345428,420.75,21046.240234375
21416.7890625,46900.0,21386.88984375,21482.428515625,21916.942618890967,21047.914412359034,40.16722934915733,21457.18147946357,21415.551756629993,41.629722833575215,77.6723645558492,-36.042641722273984,-0.23385286585081255,-0.09299868546327922,-0.5203186110712658,-0.13090022446397012,0.5,0.5,47.66476051761188,57.92901504094582,41.2353768582357,-1.0230587635523107,-50.201171875,21466.990234375
21620.880859375,48100.0,21404.016015625,21499.173046875,21927.58145256546,21070.764641184538,47.52721622039196,21482.36599944994,21430.761319796293,51.6046796536466,72.45882757540868,-20.854147921762078,0.9529523603160343,0.9100790122152022,0.45939374533535493,0.6939934137717838,0.5,0.5416666666666666,17.924970430047534,89.83530072731492,71.18047710067401,-0.37584863603564334,204.091796875,21416.7890625
21709.5703125,51100.0,21452.094140625,21524.96103515625,21937.783340754915,21112.138729557588,56.957549376056285,21517.320509149948,21451.413837774347,65.90667137560013,71.14839633544698,-5.241724959846849,0.4102027743543274,1.1868062095554874,0.8858602904086469,1.0333838717645094,0.5,0.5416666666666666,5.257593340623536,100.0,82.58810525608693,-0.1692720600868661,88.689453125,21620.880859375
21756.55078125,46900.0,21594.15625,21558.45908203125,21927.961689999003,21188.9564740635,61.64716685401264,21554.12516639611,21474.0165743281,80.10859206800887,72.94043548195936,7.16815658604952,0.21640441553534318,1.1799088101792528,1.017257737794085,1.1943943760240192,0.5833333333333334,0.5416666666666666,0.0,100.0,96.61176690910499,1.0318452886000538,46.98046875,21709.5703125
21658.150390625,47600.0,21632.38828125,21574.45810546875,21931.291992831317,21217.624218106186,83.65423038417413,21570.129047046707,21487.65611627602,82.47293077068753,74.84693453970499,7.625996230982537,-0.4522793691627001,0.24683587149515288,0.5242050754981221,0.6587777057496451,0.5,0.5416666666666666,13.853150718078306,86.1468492819217,95.38228309397391,0.43125133984889724,-98.400390625,21756.55078125
21616.80078125,47000.0,21672.390625,21591.5021484375,21919.711766043558,21263.29253083144,64.14073071718539,21577.309313847214,21497.222387755573,80.08692609164063,75.89493285009212,4.191993241548516,-0.1909193935272455,-0.06005413420280436,0.2999612751970873,0.4022811794883053,0.5,0.5,19.674493165676324,80.32550683432368,88.82411870541513,0.38693379187315685,-41.349609375,21658.150390625
21709.310546875,54500.0,21690.0765625,21590.469140625,21916.969342341916,21263.96893890808,75.56909944515577,21597.617195851493,21512.93262176442,84.684574087074,77.6528610974885,7.0317129895855,0.42795308409022853,0.14192190047502054,0.7035841858820351,0.7314630885094783,0.5,0.5416666666666666,6.65064521184891,93.34935478815109,86.60723696813216,0.30393032992774344,92.509765625,21616.80078125
21521.529296875,76500.0,21652.468359375,21578.83212890625,21897.24101744529,21260.423240367214,41.06085954084717,21585.911365239725,21513.569412513352,72.34195272637226,76.59067942326526,-4.2487266968930015,-0.8649802562570585,-0.6483988074406521,-0.10400862312412294,-0.22374454868984403,0.4166666666666667,0.5416666666666666,33.087145532186355,30.82755607675416,68.16747256640964,-0.7579629657482841,-187.78125,21709.310546875
21540.990234375,75700.0,21609.35625,21573.9736328125,21891.53511161638,21256.41215400862,32.673569429779306,21579.000422029763,21515.600584503103,63.39983752666012,73.95251104394423,-10.552673517284106,0.0904254397145736,-0.42941164627870176,-0.015897240263119724,-0.1726328790089628,0.5,0.5416666666666666,30.34736677124607,36.55537543544994,53.57742876678506,0.026655062629874274,19.4609375,21521.529296875
21087.16015625,91500.0,21495.158203125,21543.2091796875,21921.729149029245,21164.689210345754,12.534052200985602,21503.332688832877,21483.864256484358,19.468432348519855,63.055695304859356,-43.5872629563395,-2.106820871218726,-2.0219165002762187,-1.9775409545103846,-2.2401844948055243,0.5,0.5416666666666666,94.23915045960861,0.0,22.460977170734697,-1.7793857837634253,-453.830078125,21540.990234375
20720.2890625,85800.0,21315.855859375,21491.90458984375,22007.726481426052,20976.08269826145,9.637669099241313,21382.86443862782,21427.303131004035,-44.43869237621402,41.55681776864468,-85.9955101448587,-1.7397842622315525,-3.022202941590656,-3.561152933744751,-3.7532783154300735,0.5,0.5,100.0,0.0,12.185125145149977,-1.5487382460959522,-366.87109375,21087.16015625
20585.310546875,89700.0,21091.055859375,21444.45263671875,22099.621636238346,20789.283637199154,8.918900838699342,21260.163839896617,21364.93330995744,-104.76947006082264,12.291560202751207,-117.06103026357385,-0.6514316244230727,-2.872440014148746,-3.8606199235960545,-4.163434871950188,0.4166666666666667,0.4583333333333333,100.0,0.0,0.0,-4.10714160613056,-134.978515625,20720.2890625
20516.560546875,73600.0,20890.062109375,21392.02314453125,22163.946134247657,20620.10015481484,1.580042371268728,21145.763333277908,21302.090883062447,-156.32754978453886,-21.432261794706818,-134.89528798983204,-0.3339760157780896,-2.2802529248305774,-3.8448123843039763,-4.275236969458244,0.4166666666666667,0.4583333333333333,100.0,0.0,0.0,-4.203377607156185,-68.75,20585.310546875
20593.349609375,64800.0,20700.533984375,21345.0166015625,22191.562049006872,20498.471154118128,8.588537926899832,21060.776606523614,21249.59152945597,-188.81492293235715,-54.908794022236904,-133.90612891012023,0.3742784387497943,-1.1864356002904919,-3.0960371882314455,-3.709342680160254,0.4166666666666667,0.4583333333333333,93.80728489860208,6.437984699224482,2.1459948997414915,-4.752494852930349,76.7890625,20516.560546875
20684.8203125,63700.0,20620.066015625,21297.08115234375,22180.23689819464,20413.925406492865,14.107592314507162,21002.937176673826,21207.75662449627,-204.81944782244318,-84.89092478227818,-119.928523040165,0.44417593475593936,-0.06326592092868653,-2.27290831382387,-3.0811961352951975,0.4166666666666667,0.4583333333333333,86.43055719629848,14.106876178998112,6.848286959407528,-4.720268458791036,91.470703125,20593.349609375
20455.439453125,72900.0,20567.09609375,21235.55810546875,22174.34881508128,20296.76739585622,17.377894416214982,20918.706757666314,21152.02942661692,-233.32266895060457,-114.57727361594347,-118.7453953346611,-1.1089332946072699,-0.6662034606905217,-2.8590153010966364,-3.9536538941838666,0.3333333333333333,0.4583333333333333,100.0,0.0,6.848286959407528,-5.980319864150111,-229.380859375,20684.8203125
20655.130859375,60900.0,20581.06015625,21191.5521484375,22153.42073060187,20229.68356627313,45.93300385475311,20878.156619467652,21115.22212533974,-237.06550587208767,-139.07492006717231,-97.99058580491536,0.9762264296868621,0.35644315255304787,-1.5197947386005481,-2.8430482636342087,0.4166666666666667,0.4583333333333333,84.65224289932435,18.39539980064843,10.83409199321551,-4.631141224710349,199.69140625,20455.439453125
20405.650390625,68200.0,20558.878125,21138.37568359375,22151.829169521112,20124.922197666387,40.18853676018841,20805.46335349186,21062.66125610161,-257.1979026097506,-162.699516575688,-94.4983860340626,-1.2078377544471726,-0.7112497469122102,-2.2388358980628644,-3.8039111063430364,0.4166666666666667,0.4583333333333333,100.0,0.0,6.131799933549473,-5.602819783006599,-249.48046875,20655.130859375
20418.810546875,58400.0,20523.9703125,21107.00419921875,22170.094975458385,20043.913422979116,44.316679763618936,20745.978306320038,21014.968610973712,-268.9903046536747,-183.95767419128535,-85.03263046238933,0.06449270666739539,-0.5683951751631414,-1.6691669917955496,-3.5097500586147157,0.4166666666666667,0.4583333333333333,98.99052247728002,4.182625159067631,7.52600831990535,-5.944454095921365,13.16015625,20405.650390625
20563.16015625,50600.0,20499.63828125,21061.8126953125,22137.24166236228,19986.383728262717,48.37259447838163,20717.852437078494,20981.501318031213,-263.6488809527182,-199.89591554357193,-63.75296540914624,0.7069442612419556,0.15907162523139876,-0.5916970923815983,-2.6123271957337595,0.5,0.4583333333333333,87.9178814455694,56.420750690873476,20.201125283313697,-4.453071746923479,144.349609375,20418.810546875
20677.220703125,50100.0,20543.99453125,21024.83427734375,22099.730126530034,19949.938428157468,49.600072359048895,20711.601401085652,20958.962013223347,-247.36061213769426,-209.3888548623964,-37.97175727529785,0.5546839396683503,0.7208517464399213,0.30875530910801396,-1.9060419704920624,0.5,0.5,76.08026231132611,97.27778360793367,52.62705315262492,-4.009887762130829,114.060546875,20563.16015625
20618.5703125,53000.0,20536.682421875,20974.71875,22025.803675298423,19923.633824701577,60.46525614648828,20697.28892591863,20933.747813169764,-236.458887251134,-214.80286134014395,-21.656025910990053,-0.28364735989946666,0.30232147816475785,0.21407186121388902,-2.0195393141211357,0.5,0.5,81.2461508290125,76.26893343127995,76.65582257669568,-2.222157181326833,-58.650390625,20677.220703125
20628.009765625,54600.0,20581.154296875,20920.64072265625,21922.68225567617,19918.599189636334,47.698249569022686,20686.630593565766,20911.10055038867,-224.46995682290435,-216.73628043669603,-7.733676386208316,0.045781317433427164,0.3703117779412981,0.2974383860812093,-1.8934400450840438,0.5833333333333334,0.5416666666666666,67.37253283581663,79.65019064609787,84.39896922843714,-0.44535718877594693,9.439453125,20618.5703125
20710.91015625,50700.0,20639.57421875,20868.35869140625,21792.877050178126,19943.840332634376,86.12023979551748,20690.365910901804,20896.271632304324,-205.9057214025197,-214.57016862986077,8.664447227341071,0.4018826419364371,0.5248315100069691,0.64929511705052,-1.3513620686322942,0.6666666666666666,0.5416666666666666,2.9808498091188427,100.0,85.30637469245926,0.6101419217795911,82.900390625,20628.009765625
20261.0390625,69900.0,20579.15,20798.503125,21681.9720807523,19915.034169247698,40.81946234432784,20624.315626532294,20849.21736787437,-224.901741342077,-216.63648317230403,-8.265258169772977,-2.1721454554919255,-1.5330410570242605,-1.4349585606037734,-3.2722855521416725,0.6666666666666666,0.5416666666666666,100.0,0.0,59.883396882032606,-1.24544015938344,-449.87109375,20710.91015625
20456.080078125,60800.0,20534.921875,20740.46708984375,21546.723741056725,19934.210438630776,44.11623928688713,20598.433234469634,20820.096087152197,-221.66285268256252,-217.64175707435572,-4.021095608206792,0.9626407363578419,-0.4988573002810538,-0.430722429185036,-2.11434222566079,0.6666666666666666,0.5416666666666666,56.64513272031051,43.35486727968949,47.78495575989649,-0.6665721402967337,195.041015625,20261.0390625
20479.419921875,51500.0,20507.091796875,20678.97255859375,21350.434894162998,20007.5102230245,37.92782010814109,20580.12349407046,20794.86081565018,-214.73732157971972,-217.06086997542852,2.323548395708798,0.11409734250580489,-0.22533551456610684,-0.2339965293873965,-1.7617086867893952,0.6666666666666666,0.5416666666666666,51.457014596195094,48.54298540380491,30.632617561164796,-0.993000603930192,23.33984375,20456.080078125
20460.9296875,55100.0,20473.67578125,20625.942578125,21173.27874602027,20078.606410229728,39.88292511720022,20561.78598536731,20770.12517652794,-208.33919116063043,-215.3165342124689,6.97734305183846,-0.0902869048319564,-0.1876563607820671,-0.32629371127827034,-1.595578534356332,0.6666666666666666,0.5,55.56713294606962,44.43286705393038,45.44357324580826,0.02683997274945492,-18.490234375,20479.419921875
20704.369140625,72000.0,20472.367578125,20584.1115234375,20926.49694892397,20241.72609795103,53.768666931432165,20583.721855406955,20765.254359053648,-181.53250364669293,-208.5597280993137,27.02722445262077,1.1897770865891892,0.9372235650703673,0.8394450691701567,-0.23410362734648646,0.6666666666666666,0.5416666666666666,1.4539755311851486,98.54602446881485,63.84062564218337,0.2383828095073608,243.439453125,20460.9296875
20620.189453125,42400.0,20544.19765625,20560.76298828125,20809.622517962896,20311.903458599605,45.52818603146607,20589.332255055884,20754.50881046634,-165.17655541045679,-199.88309356154235,34.70653815108557,-0.40657934046793603,0.6009897470092036,0.34207983350734594,-0.4405183179374049,0.6666666666666666,0.5416666666666666,20.16593294954284,79.83406705045716,74.27098619106745,1.051370862447815,-84.1796875,20704.369140625
20625.16015625,0.0,20578.013671875,20556.00654296875,20795.48778611297,20316.525299824527,81.97068225158112,20594.844239854978,20744.927428672538,-150.08318881755986,-189.92311261274588,39.839923795186024,0.02410600123873589,0.32819225012536174,0.28235372695382094,-0.19884587618820249,0.6666666666666666,0.5416666666666666,19.06101574235675,80.93898425764326,86.43969192563839,1.0105858463267872,4.970703125,20620.189453125
20649.140625,51500.0,20611.9578125,20559.198046875,20802.001858204763,20316.39423554524,74.22946254798241,20603.19752987729,20737.83210988198,-134.6345800046911,-178.86540609113493,44.23082608644384,0.11626803655501919,0.2878719789034589,0.3639858461094343,0.09324329392820008,0.6666666666666666,0.5833333333333334,13.730495714918337,86.26950428508167,82.34751853106066,0.41812867330057224,23.98046875,20625.16015625
21085.939453125,83000.0,20736.959765625,20587.6669921875,20924.668934081048,20250.665050293952,87.35373082622837,20677.465518069246,20763.617839011094,-86.1523209418483,-160.3227890612776,74.1704681194293,2.115336594667605,1.9089728107936599,2.317638996373607,2.3045779754528324,0.6666666666666666,0.5833333333333334,0.0,100.0,89.06949618090827,1.9766619308668951,436.798828125,20649.140625
21199.5703125,71100.0,20836.0,20617.97802734375,21052.168664886543,20183.787389800957,90.71888781697905,20757.789332597054,20795.910614825087,-38.121282228032214,-135.88248769462854,97.76120546659632,0.5388939849116353,1.852155518174101,2.6279110952320663,2.832522903518232,0.75,0.625,0.0,100.0,95.42316809502718,2.817848139779939,113.630859375,21085.939453125
21318.419921875,57800.0,20975.64609375,20649.6580078125,21185.048805463844,20114.267210161157,89.24097714893384,20844.04019248597,20834.615007939894,9.425184546074888,-106.82095324648785,116.24613779256273,0.5606227278338852,1.9220159193052588,2.916617865617246,3.2841657390102417,0.75,0.6666666666666666,0.0,100.0,99.99999999999996,3.3469547673014763,118.849609375,21199.5703125
21392.099609375,92400.0,21129.033984375,20696.491015625,21317.388121572563,20075.59390967744,100.0,20928.35702585351,20875.910163601755,52.4468622517561,-74.96739014683905,127.41425239859515,0.34561514300783935,1.6490553060538315,2.9900771923334757,3.4726108931732753,0.75,0.7083333333333334,0.0,100.0,99.99999999999996,3.2890367829606713,73.6796875,21318.419921875
21597.759765625,110100.0,21318.7578125,20743.6224609375,21483.086706723945,20004.158215151052,100.0,21031.342062741434,20929.38050449237,101.961558249066,-39.581600467658035,141.54315871672404,0.961383688396207,1.8418539340502347,3.425543972917321,4.240235387174245,0.8333333333333334,0.75,0.0,100.0,99.99999999999996,6.5974933417855155,205.66015625,21392.099609375
21759.609375,96000.0,21453.491796875,20811.32041015625,21660.304825604304,19962.3359947082,100.0,21143.38318770429,20990.878939344788,152.50424835950253,-1.1644307022259117,153.66867906172843,0.7493814688715997,1.7173349824261388,3.661363933034619,4.775655076493045,0.8333333333333334,0.75,0.0,100.0,99.99999999999996,6.372331805001817,161.849609375,21597.759765625
21988.2890625,116300.0,21611.235546875,20889.7943359375,21866.545893987408,19913.04277788759,100.0,21273.36870690363,21064.76117068962,208.6075362140109,40.789962681021464,167.81757353298946,1.0509365474305534,2.068756220539812,4.127044691833349,5.6006179575625525,0.8333333333333334,0.75,0.0,100.0,99.99999999999996,7.3677337853369,228.6796875,21759.609375
22001.3203125,81500.0,21747.815625,20961.70234375,22043.32802145714,19880.07666604286,100.0,21385.361261610764,21134.135921934834,251.22533967592972,82.87703808000313,168.34830159592659,0.05926450194901334,1.4996627318034563,3.5592335863086983,5.337348294280142,0.9166666666666666,0.7916666666666666,0.0,100.0,99.99999999999996,7.528448846295856,13.03125,21988.2890625
21960.7109375,69400.0,21861.537890625,21025.87685546875,22185.896185085847,19865.85752585165,94.38716974816231,21473.876596362956,21195.363700865586,278.51289549736975,122.00420956347648,156.50868593389328,-0.18457699094052948,0.8144439789347937,2.861191846220926,4.869785456269539,0.8333333333333334,0.75,2.636303697317036,95.56366351949646,98.52122117316544,6.06800327187885,-40.609375,22001.3203125
22044.44921875,78200.0,21950.87578125,21097.17080078125,22325.069949793262,19869.271651769235,94.4641321451488,21561.656999807114,21258.25892441258,303.3980753945325,158.2829827296877,145.1150926648448,0.3813095190238533,0.696263227894299,2.682577303343228,4.9275208207763335,0.9166666666666666,0.7916666666666666,0.0,100.0,98.52122117316544,6.907112899533291,83.73828125,21960.7109375
22079.08984375,85000.0,22014.771875,21169.7248046875,22451.213969770168,19888.23563960483,92.78118218904609,21641.262052721406,21319.061214733872,322.2008379875333,191.06655378125683,131.13428420627648,0.15713989792285793,0.48627280961231073,2.2667752535230337,4.747495462611196,0.9166666666666666,0.7916666666666666,0.0,100.0,98.52122117316544,7.049301321713222,34.640625,22044.44921875
22098.83984375,68400.0,22036.88203125,21239.1212890625,22565.528800817025,19912.713777307974,90.34143169043526,21711.658635956577,21376.822594660993,334.83604129558444,219.82045128412236,115.01559001146208,0.08945115102011643,0.31802319710088106,1.788680869468442,4.5238952077358565,0.9166666666666666,0.7916666666666666,0.0,100.0,99.99999999999996,7.020627371750489,19.75,22079.08984375
22020.150390625,61600.0,22040.648046875,21327.07685546875,22613.081127927697,20041.0725830098,55.890232894024194,21759.11890590556,21424.47650547314,334.6424004324217,242.78484111378225,91.85755931863946,-0.3560795665355029,-0.06327936251135986,1.0638311064153907,3.876786774573719,0.8333333333333334,0.75,5.427984792103965,84.29603239876361,94.76534413292116,4.430492364719122,-78.689453125,22098.83984375
22048.240234375,81600.0,22058.15390625,21406.68486328125,22662.431714361683,20150.93801220082,58.216643294455665,21803.599110285475,21470.681226132536,332.9178841529392,260.81144972161366,72.10643443132557,0.12756426841643712,0.0287036011736573,0.8653551661556215,3.7178382758911113,0.8333333333333334,0.7916666666666666,4.99551681915909,85.08400216482617,89.79334485452989,4.003241147650029,28.08984375,22020.150390625
21878.900390625,76400.0,22025.044140625,21476.65888671875,22669.224955511967,20284.09281792553,40.125415497772224,21815.183922645403,21500.919682761607,314.2642398837961,271.50200775405017,42.76223212974594,-0.7680424466982422,-0.6781189501757706,-0.12274316617899425,2.6695146420439406,0.75,0.75,24.457567557001557,0.0,56.460011521196556,2.6290901051953037,-169.33984375,22048.240234375
21755.83984375,69900.0,21960.394140625,21541.40439453125,22638.56937949172,20444.239409570782,18.184715021444443,21806.054064353804,21519.802657649638,286.2514067041666,274.4518875440735,11.799519160093098,-0.5624622109789889,-1.020632893603838,-0.8217508658367996,1.8838774057675844,0.6666666666666666,0.7083333333333334,43.950697616217234,0.0,28.36133405494202,1.7003484511431144,-123.060546875,21878.900390625
21885.240234375,62300.0,21917.67421875,21600.44794921875,22633.153594500745,20567.742303936753,32.32363888938361,21818.23655204937,21546.872107777443,271.3644442719269,273.8343988896442,-2.469954617717292,0.5947846258951665,-0.2853500568315146,-0.3406931387945212,2.1660759484283827,0.6666666666666666,0.75,30.22321342209915,37.72606140670554,12.575353802235142,1.331066146997125,129.400390625,21755.83984375
21778.609375,63300.0,21869.366015625,21658.3689453125,22583.97229906158,20732.76559156342,24.793375724107396,21812.14006327254,21564.037831275407,248.10223199713437,268.68796551114224,-20.58573351400787,-0.48722727387527426,-0.5292990797755401,-0.8334104337169997,1.4074279147913866,0.5833333333333334,0.7083333333333334,63.90804239279993,6.638347303206997,14.788136236637476,0.08731774395651347,-106.630859375,21885.240234375
21341.740234375,67700.0,21728.066015625,21694.19794921875,22498.996902683528,20889.39899575397,15.853807194425654,21739.77085882677,21547.571342616116,192.1995162106541,253.39027565104462,-61.19075944039051,-2.005955169600906,-2.018637819620923,-2.5836536788434676,-0.7927337876552104,0.5,0.6666666666666666,100.0,0.0,14.788136236637476,-2.9404235422193845,-436.869140625,21778.609375
21410.19921875,57700.0,21634.32578125,21732.25087890625,22386.971614465612,21077.530143346885,19.139782914686794,21689.06752958419,21537.395629737148,151.67189984704237,233.04660049024417,-81.3747006432018,0.3207750803035901,-1.22208959315107,-2.050925627840916,-0.657155329348251,0.5,0.7083333333333334,90.95773085505695,9.042269144943052,5.226872149383311,-2.6867528191667476,68.458984375,21341.740234375
21375.25,47400.0,21558.2078125,21746.71640625,22352.24836660116,21141.18444589884,21.999795863854224,21640.787909648163,21525.384842349213,115.40306729895019,209.51789385198538,-94.11482655303519,-0.16323630804608857,-0.9999306175391806,-1.9920592914240405,-0.9477926122887355,0.5,0.6666666666666666,95.57392908277116,4.74306661358811,4.595111919510349,-2.665947105110654,-34.94921875,21410.19921875
21587.779296875,60800.0,21498.715625,21766.12685546875,22320.541555345077,21211.71215559242,41.502118372063165,21632.632738452292,21530.006653795564,102.62608465672747,188.1395320129338,-85.51344735620634,0.9942774792107695,0.1142825570289951,-0.8445718313073902,-0.1494836998702217,0.5,0.7083333333333334,67.50241851226025,34.82506192498231,16.20346589450445,-2.07158689855847,212.529296875,21375.25
21456.380859375,55400.0,21434.269921875,21773.02490234375,22307.043195945138,21239.006608742362,28.358709107682124,21605.51706474809,21524.55289124589,80.96417350220145,166.70446031078734,-85.74028680858589,-0.6086704690325464,-0.1641519158223664,-1.212643465366961,-0.915971416602154,0.4166666666666667,0.6666666666666666,84.85792046641815,21.09303127874885,20.220386605773054,-2.820356222932225,-131.3984375,21587.779296875
21551.98046875,59900.0,21476.31796875,21781.0189453125,22295.45522817983,21266.582662445166,38.43499581389786,21597.280665363767,21526.5845636536,70.69610171016757,147.50278859066339,-76.80668688049582,0.4455532832007379,0.4572230488581885,-0.5638598834348753,-0.6470938871774073,0.4166666666666667,0.6666666666666666,72.23083570884981,38.682655818767245,31.53358300749943,-2.474606716309874,95.599609375,21456.380859375
21798.869140625,67400.0,21554.051953125,21791.0744140625,22298.23881735979,21283.91001076521,78.93864833452854,21628.29427694242,21546.75379157741,81.54048536501068,134.31032794553283,-52.76984258052215,1.1455498126169161,1.248451872717125,0.6608715148826133,0.3536193631139555,0.5,0.6666666666666666,39.621035252234705,84.10835441582337,47.96134717111312,-1.004903445592314,246.888671875,21551.98046875
22207.2109375,74500.0,21720.444140625,21813.4544921875,22353.22772457005,21273.681259804947,85.27515084455663,21717.358378566663,21595.67654312723,121.68183543943451,131.78462944431317,-10.10279400487866,1.8732246807886124,2.5125853766874955,2.4837829964465366,2.0362494753100915,0.5,0.6666666666666666,0.0,100.0,74.26367007819684,0.7210131123170171,408.341796875,21798.869140625
22472.919921875,78700.0,21897.472265625,21837.68603515625,22449.245060816855,21226.127009495645,90.34166524300167,21833.598615998715,21660.657534145583,172.94108185313235,140.015919926077,32.92516192705534,1.1964986738893582,2.870398527371412,3.4736203592975685,3.029390211726556,0.5833333333333334,0.6666666666666666,0.0,100.0,94.70278480527445,2.715033756927448,265.708984375,22207.2109375
22451.859375,57800.0,22096.56796875,21860.21298828125,22527.77801230578,21192.647964256725,86.95814892227085,21928.715655845066,21719.265077912576,209.45057793248998,153.90285152735962,55.54772640513036,-0.09371522235746409,2.1009185381745596,3.101306540709843,2.7248790348077128,0.5833333333333334,0.625,1.861821522055929,98.08134062387124,99.36044687462373,3.1992308099746922,-21.060546875,22472.919921875
22492.6796875,59200.0,22284.7078125,21886.81142578125,22611.208713034415,21162.414138528082,98.04709219036096,22015.479353022747,21776.555048993123,238.92430402962418,170.90714202781254,68.01716200181164,0.18181261435056534,1.489415947184587,3.049217578846017,2.7363706199783038,0.5833333333333334,0.625,0.0,100.0,99.36044687462373,2.7755667592394024,40.8203125,22451.859375
22548.900390625,48400.0,22434.7140625,21912.033984375,22692.50049342541,21131.56747532459,97.9730783907186,22097.544128038477,21833.76581503993,263.77831299854734,189.48137622195952,74.29693677658781,0.24995111256683164,0.9859959973985383,3.0038683798869763,2.8386837447813935,0.6666666666666666,0.625,0.0,100.0,99.36044687462373,3.536915522757063,56.220703125,22492.6796875
22625.380859375,68000.0,22518.348046875,21939.34853515625,22780.32444394724,21098.372626365257,97.57543733417276,22178.749779013327,21892.403966472157,286.34581254117074,208.8542634858018,77.49154905536895,0.33917604594944134,0.7072265593219987,2.85066178146085,3.0627141012642904,0.75,0.625,0.0,100.0,99.99999999999999,6.014695197781709,76.48046875,22548.900390625
22750.599609375,61300.0,22573.883984375,21971.9365234375,22886.248869508203,21057.624177366797,96.40304088651382,22266.726675992042,21955.97401409459,310.7526618974516,229.23394316813182,81.5187187293198,0.5534437222439712,0.8580151738477765,2.897403231888279,3.485938148199874,0.75,0.625,0.0,100.0,99.99999999999999,6.260569446038332,125.21875,22625.380859375
22799.810546875,57200.0,22643.47421875,22010.91953125,22997.513980867203,21024.3250816328,94.2927159748907,22348.739579204805,22018.480423930174,330.25915527463076,249.43898558943164,80.82016968519912,0.21630611212427692,0.8326374437276746,2.569259640099897,3.545112324652992,0.8333333333333334,0.6666666666666666,0.0,100.0,99.99999999999999,6.664532797862013,49.2109375,22750.599609375
22867.26953125,48100.0,22718.3921875,22051.87099609375,23110.360776889684,20993.381215297813,100.0,22428.513417980987,22081.35369113905,347.1597268419355,268.98313383993246,78.17659300200302,0.29587519701669673,0.8222651412832799,2.381643565331757,3.6900299463150827,0.8333333333333334,0.6666666666666666,0.0,100.0,99.99999999999999,5.926919192472086,67.458984375,22799.810546875
22974.130859375,72900.0,22803.43828125,22106.63251953125,23238.242538120434,20975.022500942065,100.0,22512.45456281083,22147.4853332306,364.9692295802306,288.1803529879921,76.78887659223852,0.4673112720299432,0.9363183368217707,2.280894201856945,3.998718946279978,0.9166666666666666,0.6666666666666666,0.0,100.0,99.99999999999999,7.0736533339304755,106.861328125,22867.26953125
22843.119140625,101600.0,22846.9859375,22160.996484375,23325.635040504563,20996.357928245434,76.44700066012163,22563.326036320705,22199.013763407966,364.312272912739,303.4067369729415,60.90553593979752,-0.5702575629603779,0.14496846900478574,1.2128074198929097,3.2606982281562713,0.8333333333333334,0.625,8.631969609619503,74.91501591231213,91.63833863743736,5.990812184277583,-131.01171875,22974.130859375
22927.0390625,78300.0,22882.273828125,22213.08642578125,23418.279712108048,21007.893139454452,76.75785242805911,22619.281886502133,22252.94156334071,366.3403231614211,315.9934542106374,50.34686895078369,0.367375056612798,0.29181968489352117,1.1632365521611683,3.4633228738447657,0.8333333333333334,0.6666666666666666,3.311309210716056,90.2187802988199,88.37793207037733,5.175359852830669,83.919921875,22843.119140625
22850.76953125,65400.0,22892.465625,22266.69443359375,23485.816174243777,21047.572692943726,59.73029069260045,22654.895370309496,22297.225116519177,357.6702537903184,324.32881412657366,33.34143966374472,-0.3326619326729731,-0.11475960224659053,0.5886755302455656,2.9637678645448733,0.75,0.625,10.496498452804728,70.98953692391075,78.70777771168092,2.8979712741110624,-76.26953125,22927.0390625
23251.990234375,102100.0,22969.409765625,22362.20693359375,23575.513804939135,21148.90006224836,76.08501663016143,22746.756118627265,22367.948458582574,378.80766004469115,335.2245833101972,43.58307673449394,1.7558301595764776,1.305327629175037,2.0631577900545333,4.502237184434211,0.75,0.6666666666666666,0.0,100.0,87.06943907424353,3.466707108859752,401.220703125,22850.76953125
23303.8203125,77400.0,23035.34765625,22456.88798828125,23652.807933950444,21260.968042612058,75.6458682332423,22832.458302299994,22437.272299613494,395.1860026864997,347.2168671854577,47.96913550104199,0.2229059861223237,1.2103092400186133,1.9728787088874522,4.432449140486094,0.8333333333333334,0.7083333333333334,0.0,100.0,90.32984564130356,3.7946119440274644,51.830078125,23251.990234375
23330.3203125,70900.0,23132.787890625,22554.64150390625,23696.698258334378,21412.58474947812,73.10662020905923,22909.05245771538,22503.424004271754,405.6284534436272,358.89918443709166,46.72926900653556,0.11371526060808834,1.064828967002951,1.777961008709812,4.2698542155408346,0.8333333333333334,0.7083333333333334,0.0,100.0,99.99999999999999,3.724058834419393,26.5,23303.8203125
23391.869140625,94600.0,23225.75390625,22644.84599609375,23749.742783288217,21539.949208899285,89.12438032640783,22983.331947393785,22569.234755112735,414.0971922810495,369.9387860058833,44.158406275166215,0.26381475822268563,0.9315729152922495,1.7346976906541536,4.231798662916362,0.8333333333333334,0.75,0.0,100.0,99.99999999999999,3.7384029172015643,61.548828125,23330.3203125
23331.83984375,61500.0,23321.96796875,22738.6189453125,23731.48074940187,21745.75714122313,79.87907550716781,23036.948546833202,22625.724020937716,411.2245258954863,378.1959339838039,33.02859191168238,-0.25662462676292186,0.38034373281255235,1.2144706418294955,3.581593924637361,0.75,0.75,7.121177015755328,89.06072038724373,96.35357346241456,3.1224180877480046,-60.029296875,23391.869140625
23520.009765625,63000.0,23375.571875,22837.02041015625,23718.554114791208,21955.48670552129,92.39460458625017,23111.265657416556,22691.96740943307,419.29824798348636,386.4163967837404,32.88185119974594,0.8064941433472331,0.7066367281027611,1.7477537604058133,4.011048883381465,0.75,0.75,0.0,100.0,96.35357346241456,3.381933529052763,188.169921875,23331.83984375
23319.869140625,63400.0,23378.781640625,22913.07041015625,23671.315715834717,22154.825104477786,55.769869308824305,23143.358500987088,22738.478648780623,404.8798522064644,390.10908786828526,14.770764338179163,-0.8509376781488834,-0.19865776344868508,0.6931627592835039,2.7577828720475734,0.6666666666666666,0.75,26.01221512014581,70.09435256281172,86.38502431668513,2.2809776979540763,-200.140625,23520.009765625
23141.55078125,79900.0,23341.027734375,22959.78740234375,23646.696860818818,22272.877943868683,38.64782881971963,23143.080390258307,22768.335843778354,374.744546479953,387.0361795906189,-12.291633110665884,-0.7646627787647219,-0.847038532581487,-0.17532089132031803,1.681958607559709,0.5833333333333334,0.7083333333333334,52.54920784722109,43.44945731954671,71.18126996078611,1.1994490624478458,-178.318359375,23319.869140625
23303.3203125,72200.0,23323.31796875,23001.307421875,23664.2765877948,22338.3382559552,48.411720911422194,23167.732685987798,22807.964322942924,359.7683630448737,381.5826162814699,-21.814253236596187,0.6990436067969596,-0.13466122743058034,0.4036852889389263,2.047698679907099,0.5833333333333334,0.75,32.012476627963345,42.744270298445066,52.096026726934475,1.4328701056852753,161.76953125,23141.55078125
23416.759765625,57300.0,23340.301953125,23049.55244140625,23683.98785582613,22415.11702698637,51.37994958376285,23206.04454439352,22853.060281660117,352.98426273340374,375.8629455718567,-22.87868283845296,0.4867952360597756,0.33364122594959417,0.6850710348925252,2.1967348439249457,0.6666666666666666,0.75,15.253572170540847,72.71831182168643,52.97067981322605,2.5112184613169464,113.439453125,23303.3203125
23292.650390625,64200.0,23294.830078125,23089.5509765625,23675.151180431,22503.950772694,47.97144965778007,23219.368520736825,22885.62251195381,333.746008783015,367.4395582140884,-33.69354943107339,-0.5300023412384676,-0.17019125100224425,0.020409440978827898,1.3797068286940188,0.5833333333333334,0.7083333333333334,33.588790655802036,39.92496297175532,51.79584836396225,1.5946731155659886,-124.109375,23416.759765625
23148.5703125,65700.0,23260.5703125,23119.53447265625,23647.112078689377,22591.956866623124,29.853747211281572,23208.476488700388,22905.100126809084,303.37636189130353,354.62691894953144,-51.25055705822791,-0.6185645502282145,-0.5237677825229665,-0.7040959660530324,0.5808993799721474,0.5833333333333334,0.6666666666666666,55.5016620409688,1.8547667091566848,38.166013834199454,1.3032418048010896,-144.080078125,23292.650390625
23038.580078125,69800.0,23239.976171875,23140.19443359375,23616.127922997814,22664.26094418969,33.089654654161,23182.3385793811,22914.987530610262,267.3510487708372,337.1717449137926,-69.8206961429554,-0.4751491469674322,-0.7965693755305159,-1.100453767204039,0.0005810740945823024,0.5,0.625,71.93675197212323,0.0,13.92657656030398,-0.9178145788763546,-109.990234375,23148.5703125
23112.880859375,55600.0,23201.88828125,23158.30849609375,23598.00570750203,22718.611284685467,48.03007163619869,23171.652776303235,22929.646295703948,242.0064805992879,318.1386920508917,-76.13221145160378,0.32250590530337486,-0.45615100487558485,-0.7136792873091972,0.20329538140455336,0.5,0.6666666666666666,84.56663907956444,15.433360920435552,5.762709209864059,-0.8193482895273676,74.30078125,23038.580078125
23292.810546875,50300.0,23177.0984375,23182.95849609375,23592.258887967073,22773.658104220427,49.29545008183307,23190.292433314276,22956.54735134625,233.74508196802708,301.25997003431877,-67.51488806629169,0.7784823042819315,0.3263488721474338,0.0726845112092489,0.8376130909998754,0.5,0.6666666666666666,47.19260665660549,67.22478153985993,27.55271415343181,-0.16077689942774975,179.9296875,23112.880859375
23373.3203125,94300.0,23193.232421875,23208.26103515625,23597.464291539705,22819.057778772796,46.95341287344356,23218.450568573622,22987.419422542825,231.03114603079666,287.21420523361434,-56.183059202817674,0.34564212619589313,0.7045222901064213,0.4252470358118648,1.0359006600281992,0.5,0.6666666666666666,30.469548707463122,88.51354142995848,57.05722796341797,-0.07929604946697474,80.509765625,23292.810546875
23437.76953125,52200.0,23251.072265625,23231.44296875,23617.144039219842,22845.74189828016,61.107307403675684,23252.191947446914,23020.77868985447,231.413257592445,276.0540157053805,-44.64075811293549,0.2757383969770555,0.877081107028615,0.663978256327429,1.1664672158746063,0.5833333333333334,0.6666666666666666,17.082501663339986,100.0,85.24610765660613,0.4540134349001021,64.44921875,23373.3203125
23409.140625,44800.0,23325.184375,23259.74404296875,23606.578538726535,22912.909547210962,74.22519047930331,23276.337897839698,23049.54624060599,226.79165723370897,266.20154401104617,-39.40988677733719,-0.12214859529115416,0.5658859522803146,0.5809305661458541,0.9233619581093231,0.5,0.625,23.0291449621083,92.82824082002104,93.78059408332649,-0.4713822048961801,-28.62890625,23437.76953125
23293.91015625,52100.0,23361.390234375,23278.08759765625,23587.634735354797,22968.5404599577,73.50894292568361,23279.041322210513,23067.64727139443,211.3940508160813,255.2400453720532,-43.84599455597191,-0.49224561719680815,-0.11175763398219951,0.09512891248574372,0.33751315210687244,0.5,0.5833333333333334,46.96420167794492,63.962130293318985,85.59679037111333,-0.11131702420138138,-115.23046875,23409.140625
23529.5,47700.0,23408.728125,23312.02412109375,23568.60734177297,23055.440900414527,79.57523272355186,23317.57342648582,23101.858584624475,215.7148418613433,247.33500466991126,-31.620162808567954,1.0113795501473108,0.598952603622246,0.9672071240310921,1.2319865765208624,0.5833333333333334,0.5833333333333334,0.0,100.0,85.59679037111333,1.676418414725812,235.58984375,23293.91015625
23379.810546875,58800.0,23410.026171875,23318.41513671875,23575.06974334565,23061.76053009185,56.45307094553483,23327.148368084156,23122.447618865255,204.70074921890046,238.80815357970914,-34.10740436080869,-0.6361777901145371,-0.10296562961411664,0.2974426118890412,0.5148728390667442,0.5,0.5416666666666666,30.49162326786048,69.50837673213952,77.82350234181949,0.3282374929806475,-149.689453125,23529.5
23135.23046875,58100.0,23349.518359375,23309.98564453125,23579.41487580296,23040.556413259543,35.79700891546388,23297.622537417366,23123.394496634497,174.22804078286936,225.89213102034117,-51.66409023747181,-1.0461165954900824,-0.9801155431692962,-0.6517968072740215,-0.5886489834533362,0.4166666666666667,0.5416666666666666,80.31239183452622,5.364518140350383,58.29096495749662,-1.2022555626516498,-244.580078125,23379.810546875
23300.08984375,61400.0,23327.708203125,23308.47412109375,23577.762172597228,23039.186069590272,42.66551798764753,23298.002123007005,23136.483040865274,161.5190821417309,213.01752124461913,-51.49843910288823,0.712590156483137,-0.17647031013279477,0.053485053099177754,0.05292003215487596,0.5,0.5416666666666666,46.73066747297604,41.81387653195684,38.8955904681489,0.03193905803005693,164.859375,23135.23046875
23354.400390625,54400.0,23339.80625,23306.60068359375,23573.96031024755,23039.241056939954,47.16154109471117,23306.678779563616,23152.625066773402,154.05371279021347,201.22475955373804,-47.17104676352457,0.23309157706775202,0.09533404767365959,0.2128894982995117,0.1958484253675975,0.5833333333333334,0.5833333333333334,35.66765200854582,55.58885597376477,34.25575021535732,0.8891697212672084,54.310546875,23300.08984375
23430.69921875,55800.0,23320.04609375,23311.54365234375,23584.46559211965,23038.62171256785,57.391381435639374,23325.75884713075,23173.223152105,152.53569502574828,191.4869466481401,-38.95125162239182,0.3267000087727713,0.3243172182161223,0.3995107562433651,0.4910854137134043,0.6666666666666666,0.5833333333333334,20.12564103584231,74.94080231440658,57.44784494004272,1.7020108847650504,76.298828125,23354.400390625
23410.189453125,52800.0,23326.121875,23306.05263671875,23565.39600931709,23046.709264120407,41.60078317709207,23338.748171129864,23190.776211439817,147.9719596900468,182.78394925652145,-34.811989566474665,-0.08753373270477317,0.32191660958269397,0.2052465723997973,0.38404036583995144,0.5833333333333334,0.5416666666666666,24.303464080111077,69.73883665401802,66.75616498072976,1.2863329134905581,-20.509765625,23430.69921875
23391.859375,61300.0,23377.44765625,23309.6521484375,23571.786284124097,23047.518012750905,51.040686120698666,23346.919125571425,23205.671260592426,141.24786497899913,174.47673240101702,-33.228867422017885,-0.07829957190950088,0.23473911218266533,0.09142317998293924,0.29441261608548003,0.5,0.5,33.03751834193588,65.08971297791605,69.92311731544687,0.4252334767660253,-18.330078125,23410.189453125
23424.810546875,56300.0,23402.391796875,23323.81513671875,23578.20171842671,23069.42855501079,89.4244217893287,23358.90242115659,23221.90380031706,136.99862083952758,166.98111008871913,-29.98248924919156,0.1408659796844388,0.16877699036030624,0.2140185201409154,0.4297830789590732,0.5,0.5,26.552762723787065,73.44723727621293,69.42526230271564,0.22029490755518863,32.951171875,23391.859375
24023.099609375,115500.0,23536.131640625,23359.8041015625,23762.44254603515,22957.16565708985,95.14920003024737,23461.086603959422,23281.251638025056,179.83496593436575,169.55188125784846,10.28308467651729,2.554082823008424,2.2005443848112396,2.5595506405430792,2.867815931456125,0.5,0.5416666666666666,0.0,100.0,79.5123167513763,2.4973796134677784,598.2890625,23424.810546875
23952.349609375,53300.0,23640.46171875,23386.58359375,23868.59310724391,22904.574080256094,86.58842651241724,23536.66552786951,23330.962598865794,205.70292900371714,176.78209080702223,28.920838196694916,-0.2945082073105581,1.4693537021433913,2.060266857456081,2.485806974971037,0.5,0.5,7.968516616108177,92.03148338389182,88.49290688670156,2.3204994710266087,-70.75,24023.099609375
24066.119140625,64000.0,23771.64765625,23425.25703125,23992.172040228572,22858.342022271427,87.17646924386648,23618.119929831897,23385.418638996103,232.70129083579377,187.96593081277655,44.73536002301722,0.47498275996051076,1.495965860639626,2.2646293180761314,2.8357821269745846,0.5833333333333334,0.5416666666666666,0.0,100.0,97.34382779463057,3.31506809803595,113.76953125,23952.349609375
23934.4296875,66300.0,23880.16171875,23464.55,24058.986926998256,22870.113073001743,77.14078858758411,23666.782969473144,23426.086124070465,240.69684540267917,198.5121137307571,42.184731671922066,-0.5471985422971691,0.5699943616349517,1.5594130857158792,2.128893721675251,0.5,0.5416666666666666,14.14663827198053,81.4969813391877,91.17615490769315,1.7209447183323061,-131.689453125,24066.119140625
23864.849609375,55600.0,23968.16953125,23505.8634765625,24090.41743550733,22921.30951761767,73.25352061284492,23697.254760227275,23458.587122981913,238.66763724536213,206.54321843367813,32.124418811683995,-0.2907112433154775,-0.053439566631134736,1.0907863992077196,1.7304300580898824,0.5,0.5,21.621224678199386,70.14955637113617,83.88217923677458,2.0746064709443566,-69.580078125,23934.4296875
23816.630859375,70300.0,23926.87578125,23541.0509765625,24110.532485442927,22971.56946768207,68.97808285528328,23715.62031394231,23485.108881233253,230.51143270905595,211.33686128875374,19.174571420302215,-0.20204925146923147,-0.5274305014984576,0.6444504753267826,1.4528293217044042,0.5,0.4583333333333333,26.801086831090082,62.99819535891501,71.54824435641292,2.9452932900124082,-48.21875,23864.849609375
23821.109375,45200.0,23900.627734375,23567.46591796875,24137.47479334905,22997.457042588452,26.96732812186811,23731.849400258874,23509.997806697455,221.85159356141958,213.4398077432869,8.411785818132671,0.018804152658885045,-0.3686384101340232,0.4790196510813275,1.3768193606235595,0.5,0.5,26.31998573271928,63.662407559215694,65.60338642975559,2.236126704849415,4.478515625,23816.630859375
23830.580078125,37900.0,23853.519921875,23590.32890625,24164.217815552587,23016.439996947414,33.85905866514782,23747.038735315204,23533.744641618014,213.29409369718996,213.4106649340675,-0.11657123687754734,0.03975760732176228,-0.24435163219401226,0.3510004087374075,1.2946225724159885,0.5,0.5416666666666666,30.748048861953,63.27211816659053,63.310907028240386,2.0389291933658447,9.470703125,23821.109375
23782.869140625,31600.0,23823.2078125,23607.58388671875,24182.909510395544,23032.258263041953,4.483139578677782,23752.551105362865,23552.198308211122,200.3527971517433,210.79909137760268,-10.44629422585939,-0.2002088801178436,-0.2469435502985776,0.026473256435413293,0.9587376700076635,0.4166666666666667,0.5416666666666666,39.7980241492865,0.0,42.31150857526871,1.5030277952319164,-47.7109375,23830.580078125
23924.919921875,40300.0,23835.221875,23633.3728515625,24217.418449983066,23049.327253141935,48.52107670718595,23779.069384826267,23579.80731663067,199.26206819559593,208.49168674120136,-9.229618545605433,0.597281936044269,0.3555349114588536,0.44270932110535244,1.4160819925417567,0.5,0.5416666666666666,20.941367993256492,50.15031994704324,37.80747937121123,2.198745421435661,142.05078125,23782.869140625
23837.720703125,44800.0,23839.43984375,23660.56337890625,24228.47842394256,23092.648333869936,46.00020733266526,23788.09266456453,23598.912011926546,189.18065263798417,204.62947992055794,-15.448827282573774,-0.36447026378663916,0.008736316353577467,-0.07923719757635775,0.9492937133227626,0.5,0.5,33.873953206786375,19.36507060900265,23.171796852015273,1.9060533879641621,-87.19921875,23924.919921875
23656.619140625,41600.0,23806.541796875,23666.9193359375,24231.493810299056,23102.34486157594,33.050026896180746,23767.86596857383,23603.18661405236,164.6793545214714,196.63945484074065,-31.96010031926926,-0.7597268411499534,-0.6398873520660153,-0.9185910699529027,0.13229996902122637,0.4166666666666667,0.4583333333333333,60.733269412926795,0.0,23.171796852015273,0.9895857782334319,-181.1015625,23837.720703125
