Date,Close,Volume,MA_5,MA_20,BBands_up,BBands_down,RSI,EMA_12,EMA_26,DIF,DEM,OSC,RDP,BIAS_6,BIAS_12,BIAS_24,PSY_12,PSY_24,W%R,%K,%D,PROC,MO,LAG
2001-01-02,4935.279785,0.0,4762.469921799975,5054.364550700001,5533.119382917656,4575.609718482346,59.37515505868893,4910.24448832503,5091.634572459902,-181.39008413487227,-173.202800978,-8.187283156872269,4.03335300150673,3.4520812465940134,0.3292052342630631,-3.2045028967735667,0.16666666666666666,0.375,58.342547343680216,75.33711147398604,44.867340001974604,-8.34045437946986,191.33984400000008,4743.939941
2001-01-03,4894.790039,0.0,4797.155956999975,5040.403051650001,5520.748875286146,4560.057228013855,56.29167310541252,4907.866880736564,5077.0534959073175,-169.1866151707536,-172.39956381655074,3.212948645797127,-0.8204143992618503,2.304655197670116,0.22834720993435695,-3.6304766416152257,0.16666666666666666,0.375,63.60280055611184,84.06647736636515,62.91806506571347,-7.995438192218201,-40.489745999999286,4935.279785
2001-01-04,5136.129883,0.0,4901.455956999975,5037.249536050001,5514.020632874344,4560.478439225657,75.42698649853502,4942.984265700169,5081.42952458085,-138.44525888068074,-165.60870282937674,27.163443948696,4.9305453773723995,5.8199123935282975,5.329412326204596,1.2733746800690158,0.25,0.4166666666666667,26.08396549980503,100.0,86.4678629467836,-1.6959762022879004,241.33984399999918,4894.790039
2001-01-05,5295.529785,0.0,5001.133886599975,5043.495019450001,5530.778915523652,4556.211123376349,89.20970595991749,4997.222037900143,5097.288803130417,-100.06676523027454,-152.5003153095563,52.43355007928176,3.103502162739215,6.611353655674978,8.154108690200392,4.383293465946159,0.3333333333333333,0.4583333333333333,0.0,100.0,94.68882578878824,4.754106281244899,159.3999020000001,5136.129883
2001-01-08,5188.509765999999,0.0,5090.047851599975,5042.28400875,5527.914592180981,4556.653425319018,74.68307185093062,5026.650919146275,5104.045911491127,-77.39499234485265,-137.47925071661558,60.08425837176293,-2.0209501852513987,3.1028477072530087,5.701646898243877,2.4029028124874365,0.3333333333333333,0.4166666666666667,15.717437862107445,84.28256213789255,94.76085404596404,2.9415161152720444,-107.0200190000005,5295.529785
2001-01-09,5376.120117,0.0,5178.215917999975,5048.448510700001,5548.255406070761,4548.641615329241,84.09083134459064,5080.41541112377,5124.199556343637,-43.78414521986633,-118.74022961726573,74.9560843973994,3.615881234904882,4.640059209067864,8.733201578511094,5.929617611662648,0.4166666666666667,0.4583333333333333,0.0,100.0,94.76085404596404,8.654799685177428,187.61035100000117,5188.509765999999
2001-01-10,5436.779785,0.0,5286.613867199975,5056.06699215,5575.28611950233,4536.847864797671,81.48070958159686,5135.240699412421,5147.353647355219,-12.1129479427982,-97.41477328237222,85.30182533957402,1.1283168284909681,4.126740099043343,8.823689929794375,6.9162988933113425,0.5,0.4583333333333333,0.0,100.0,94.76085404596404,12.86135037112891,60.65966799999933,5376.120117
2001-01-11,5369.240234000001,0.0,5333.235937399976,5055.52451165,5573.33898171238,4537.71004158762,78.8045083053026,5171.240627810511,5163.7896908103885,7.450937000122394,-76.44163122587331,83.8925682259957,-1.2422712280225074,1.2990623624070168,6.480696222951994,5.416545744630587,0.5,0.4583333333333333,8.214992282514306,90.25178017908581,96.75059339302845,11.598305503877263,-67.53955099999894,5436.779785
2001-01-12,5339.399902,0.0,5342.009960799976,5053.2765136,5565.439655725765,4541.113371474235,66.60513321860014,5197.111285378124,5176.797854602211,20.31343077591282,-57.09061882551608,77.40404960142891,-0.5557645160117949,0.09629515664396435,4.818306138203921,4.722161233165182,0.5,0.4166666666666667,11.844541094404898,82.0328920023517,90.76155739381234,13.090297222277197,-29.84033200000067,5369.240234000001
2001-01-15,5379.660156,0.0,5380.240038799977,5056.251513600001,5575.583076014256,4536.919951185746,58.53370064025803,5225.195727012259,5191.824691742789,33.37103526947067,-38.99828800651873,72.36932327598939,0.7540220762434251,0.586639693019014,4.303270188748704,5.402542766182319,0.5833333333333334,0.4166666666666667,6.9475929950302175,89.46112367963511,87.24859862035737,16.57836689824947,40.260253999999804,5339.399902
2001-01-16,5662.939941,0.0,5437.604003599978,5078.16149895,5660.566944728936,4495.756053171065,85.44809522174218,5292.5409907026815,5226.722117613694,65.81887308898786,-18.034855787417406,83.85372887640526,5.26575614045163,4.340662781636921,8.280910026193851,10.610974800021145,0.5833333333333334,0.4166666666666667,0.0,100.0,90.49800522732876,18.04824914999143,283.2797849999997,5379.660156
2001-01-17,5769.950195,0.0,5504.238085599977,5113.89899895,5773.034396098182,4454.7636018018175,83.45539190105363,5365.9885605945765,5266.961234457123,99.0273261374532,5.377580597556723,93.64974553989647,1.8896589954140346,5.041969958285191,8.55237138531631,12.344688455208544,0.6666666666666666,0.4166666666666667,0.0,100.0,96.48704122654487,21.627808672968207,107.01025400000071,5662.939941
2001-01-18,5847.910156,0.0,5599.972069999976,5154.28200675,5889.045119048333,4419.518894451667,83.92779861343085,5440.1303445031035,5309.994487904744,130.13585659835917,30.32923579771722,99.80662080064195,1.3511375031894806,5.1495554927362015,8.467108680951103,13.436023366845397,0.6666666666666666,0.4166666666666667,0.0,100.0,99.99999999999984,18.49196825221126,77.95996099999957,5769.950195
2001-01-29,5680.060059,0.0,5668.104101399977,5190.89050285,5954.7389673985945,4427.042038301406,72.0064800617022,5477.042608271857,5337.406752430318,139.6358558415386,52.19055980648152,87.4452960350571,-2.870257793338088,1.188957515745877,4.090408542682389,9.86054960122296,0.6666666666666666,0.4166666666666667,17.610592201989967,66.9917969835079,88.99726566116915,16.04297658823441,-167.85009699999955,5847.910156
2001-01-30,5792.5,0.0,5750.672070199976,5239.6544920999995,6027.215983080141,4452.093001119858,78.72083736500444,5525.5745146915715,5371.117363361405,154.4571513301662,72.64387811121847,81.81327321894773,1.9795554946965679,1.8222222462628908,5.097476963688924,11.525013159396348,0.6666666666666666,0.4583333333333333,5.813554347631081,89.10343389063695,85.36507695804814,12.779468820921181,112.43994099999964,5680.060059
2001-01-31,5936.200195,0.0,5805.324120999975,5295.9034911,6114.701483476607,4477.105498723393,81.18779104640535,5588.7476962774845,5412.97535089019,175.77234538729408,93.2695715664336,82.50277382086048,2.4807974967630617,2.6741204252787694,6.671429322666338,13.48962556435657,0.6666666666666666,0.5,0.0,100.0,85.36507695804814,12.098325115926068,143.70019500000035,5792.5
2001-02-01,5897.930176,0.0,5830.920117199975,5354.732006749999,6168.774949777291,4540.689063722706,68.15352080760438,5636.31423161941,5448.897930527954,187.41630109145626,112.09891747143814,75.31738362001812,-0.6446888201687494,1.3258016628575429,4.869662089149835,11.992811265715883,0.6666666666666666,0.5,5.1184310398602735,93.58746645253399,94.23030011439016,13.67291268581185,-38.2700190000005,5936.200195
2001-02-02,6049.259765999999,0.0,5871.190039199975,5426.463500899999,6218.446036183153,4634.480965616845,70.1944653724382,5699.844313831807,5493.369177599957,206.47513623185023,130.97416122352055,75.50097500832968,2.5658084359118627,3.1010753737920687,6.49819200905428,13.874045668989528,0.6666666666666666,0.5416666666666666,0.0,100.0,97.86248881751118,12.520919070826608,151.32958999999937,5897.930176
2001-02-05,5932.419922,0.0,5921.6620117999755,5483.2274901499995,6247.54673883986,4718.908241460139,55.78493506081298,5735.625176626913,5525.8914549629235,209.73372166398985,146.7260733116144,63.00764835237544,-1.931473411948684,0.8675646196644875,3.6872438441374493,10.706240577129085,0.5833333333333334,0.5416666666666666,16.459564757136253,69.75566967084869,87.78104537446075,9.116428411676056,-116.83984399999918,6049.259765999999
2001-02-06,5849.060059,0.0,5932.974023599975,5538.48349605,6234.501713514618,4842.465278585382,63.08172147379537,5753.076696992003,5549.829870076781,203.2468269152223,158.030224032336,45.21660288288629,-1.4051578292842177,-1.023792127819695,1.5207859217296893,8.27687737625044,0.5833333333333334,0.5416666666666666,28.202708330612015,45.774684214470554,71.84345129510626,8.936456632385422,-83.35986299999968,5932.419922
2001-02-07,5693.580078,0.0,5884.450000199975,5576.398510699999,6214.247811734318,4938.54920966568,42.82127239282181,5743.923370993234,5560.478033626649,183.44533736658468,163.11324669918577,20.332090667398916,-2.65820455648702,-3.3852437574749494,-1.6815153790515276,4.6141554900190815,0.5833333333333334,0.5416666666666666,50.10562028338592,3.661979883423806,39.7307779229142,6.633333005593628,-155.4799810000004,5849.060059
2001-02-08,5758.600098,0.0,5856.583984599974,5619.58901365,6174.726671355357,5064.451355944643,35.44975456690535,5746.181328994275,5575.153742098749,171.02758689552593,164.69611473845382,6.331472157072113,1.1419883291224333,-1.788613718057564,-1.09804631448081,4.890201036393378,0.5833333333333334,0.5833333333333334,40.946063123241984,21.27305019773479,23.569904765209568,7.043938297428763,65.02001999999993,5693.580078
2001-02-09,5809.839844,0.0,5808.700000199975,5653.2745116999995,6164.951431172636,5141.597592227363,42.93320173302238,5755.974946687464,5592.537897795138,163.43704889232595,164.44430156922826,-1.0072526769023114,0.8897951781335902,-0.6660083292159938,-0.42736920007071844,5.016377161923072,0.5833333333333334,0.5833333333333334,35.75568420656627,32.686647543393136,19.207225874850426,2.594057230528563,51.239746000000196,5758.600098
2001-02-12,5847.069824,0.0,5791.629980599975,5680.851513650001,6170.314924460693,5191.388102839309,30.145121790637646,5769.9895431970845,5611.392114551054,158.5974286460305,163.27492698458872,-4.677498338558223,0.6408090584192025,0.5498595178074455,0.1004469411081303,4.818476076655886,0.5833333333333334,0.625,52.33744915886708,43.15392505629968,32.37120759914239,1.33657356465275,37.22998000000007,5809.839844
2001-02-13,6027.490234000001,0.0,5827.316015599976,5722.8005370500005,6177.146136940454,5268.454937159547,58.29945979921437,5809.605034089841,5642.214197473198,167.39083661664336,164.09810891099966,3.292727705643699,3.0856551303602258,3.3708151755463387,2.925509083002285,7.178429099708117,0.5833333333333334,0.625,5.8964109632943185,93.8794559446424,56.57334284811159,3.0708419454042115,180.42041000000063,5847.069824
2001-02-14,5887.680176,0.0,5866.136035199976,5748.37854,6177.442499570294,5319.3145804297055,53.068984824456344,5821.616594383711,5660.396862549257,161.21973183445425,163.5224334956906,-2.302701661236341,-2.319540182933143,0.8617478279660467,0.24195203643830002,3.9278554310045126,0.5833333333333334,0.625,43.76482075593843,54.571600388943295,63.86832712996164,3.655245100287759,-139.81005800000094,6027.490234000001
2001-02-15,6104.240234000001,0.0,5935.264062399975,5781.751562449999,6212.595049785004,5350.908075114994,79.74589979300461,5865.09715432468,5693.274149323386,171.8230050012935,165.18254779681118,6.640457204482317,3.678189907168642,3.3597394328111787,3.471387477334923,6.988722111380794,0.5833333333333334,0.625,0.0,100.0,82.81701877786175,5.381790832973686,216.56005800000094,5887.680176
2001-02-16,6045.669922,0.0,5982.430077999974,5815.57304685,6215.134246567308,5416.011847132691,70.9898357219376,5892.877580120882,5719.377539892024,173.50004022885787,166.84604628322052,6.653993945637353,-0.9595020797800523,1.5453486616616527,2.3203565939998727,5.384844293729426,0.5,0.5833333333333334,14.262477414536564,85.73752258546344,80.10304099146877,1.8441043664970211,-58.57031200000074,6104.240234000001
2001-02-19,5937.299805,0.0,6000.476074199975,5845.4680419999995,6179.040664438002,5511.895419561997,58.60099061767669,5899.711768563823,5735.519929900023,164.1918386637999,166.3152047593364,-2.123366095536511,-1.7925245406740615,-0.629441633756074,0.43047390004277925,2.9359734107213575,0.5,0.5833333333333334,40.65172297845248,59.348277021547524,81.69526653567017,0.6675160238451728,-108.37011700000039,6045.669922
2001-02-20,5971.290039,0.0,5989.236035199975,5875.04953615,6130.47021739531,5619.628854904689,58.41918443256206,5910.723810169389,5752.984382425947,157.73942774344232,164.6000493561576,-6.860621612715278,0.5724864015015119,-0.4056582893454398,1.1165578440918245,3.0820767006817715,0.5,0.5833333333333334,32.37474906136257,61.535081967448356,68.8736271914863,-1.2889135202662214,33.99023400000078,5937.299805
2001-02-21,5949.959961,0.0,6001.691992199974,5889.400537150001,6126.217480773733,5652.5835935262685,43.30054109091519,5916.760141066406,5767.575166024026,149.18497504237985,161.51703449340206,-12.332059451022218,-0.3572105501606646,-0.5470793524052516,0.7304264311626948,2.336108346002804,0.5,0.5416666666666666,37.568843908002826,47.595085386945016,56.15948145864683,0.29566415106512284,-21.330078000000867,5971.290039
2001-02-22,5759.040039,0.0,5932.651953199974,5888.855029349999,6126.877709119706,5650.832349580292,39.786261812978836,5892.495509979266,5766.942934392617,125.55257558664925,154.32414271205153,-28.77156712540227,-3.208759777400444,-3.392073155797795,-2.377790550708782,-1.2235413843258527,0.5,0.5416666666666666,84.05982171788774,0.0,36.376722451464325,-1.5390510456716089,-190.91992199999913,5949.959961
2001-02-23,5726.930176,0.0,5868.904003999973,5882.806030350001,6131.135882765484,5634.476177934517,7.6332713173422855,5867.023920136301,5763.979026363533,103.04489377276786,144.0682929241948,-41.02339915142693,-0.5575558215006983,-2.9064802638407548,-2.967800868298504,-2.0455578445677878,0.5,0.5416666666666666,91.87890582693885,0.0,15.86502846231487,0.585749169118824,-32.10986300000059,5759.040039
2001-02-26,5716.02002,0.0,5824.648046999972,5884.604028399999,6127.207728425311,5642.000328374687,8.548198670036356,5843.792550884562,5760.4265073736415,83.36604351092046,131.92784304153992,-48.56179953061945,-0.19050618157911894,-2.1802856405744646,-3.094393525523033,-2.465970790470219,0.4166666666666667,0.5,94.5356417777234,0.0,0.0,-0.7394171721489795,-10.910155999999915,5726.930176
2001-02-27,5674.689941,0.0,5765.328027399973,5878.71352545,6136.009361346,5621.4176895539995,10.281678170794367,5817.776764748475,5754.075650605224,63.70111414325129,118.28249726188218,-54.581383118630896,-0.7230569321903861,-2.154698645027747,-3.6110342175507504,-3.1792856514184478,0.3333333333333333,0.4583333333333333,100.0,0.0,0.0,-2.326224244194509,-41.330079000000296,5716.02002
2001-03-01,5499.859863000001,0.0,5675.308007799972,5856.89650885,6163.030702048131,5550.762315651868,0.0,5768.866472171787,5735.244851523356,33.62162064843051,101.35032193919186,-67.72870129076135,-3.080874546763172,-3.8668108371082646,-6.119262626123169,-5.98168579125361,0.25,0.4166666666666667,100.0,0.0,0.0,-5.938187356252094,-174.83007799999905,5674.689941
2001-03-02,5499.540039,0.0,5623.408007799972,5836.9770020000005,6181.328516040681,5492.62548795932,0.0,5727.431636299205,5717.785235780885,9.646400518319751,83.00953765501744,-73.36313713669769,-0.005815129984524722,-2.5942784465511735,-5.4143894738609335,-5.753292685536326,0.16666666666666666,0.375,100.0,0.0,0.0,-8.75903857997027,-0.3198240000001533,5499.859863000001
2001-03-05,5609.740234000001,0.0,5599.970019399972,5815.001025400001,6158.407809103389,5471.594241696613,29.807989416938298,5709.325266714712,5709.781902315634,-0.4566356009227093,66.3163030038294,-66.77293860475211,2.003807486053659,-0.20262494209882131,-3.1332038499375585,-3.8164745665047435,0.25,0.4166666666666667,81.77606094537471,23.35987175410712,7.7866239180355725,-4.720703803392174,110.20019500000035,5499.540039
2001-03-06,5635.060059,0.0,5583.778027199974,5800.13303225,6147.856288938021,5452.409775561979,37.34258118325417,5697.899850143218,5704.24695095892,-6.347100815702106,51.7836222399231,-58.130723055625204,0.4513546785382144,0.5216312372659551,-2.0345923265683545,-3.2735512446632042,0.25,0.4166666666666667,77.58889097100425,30.087483563837615,17.815785105981444,-7.686135489666909,25.319824999999582,5609.740234000001
2001-03-07,5777.129883,0.0,5604.266015599973,5796.5365234500005,6143.6163849762215,5449.456661923779,56.18433467374777,5710.089085967338,5709.645686665666,0.4433993016718887,41.51557765227286,-41.07217835060097,2.521176749005422,2.8690607331515845,0.827555271106783,-0.72195870608765,0.3333333333333333,0.4166666666666667,54.09463296104956,100.0,51.149118439314776,-4.441857436225418,142.06982399999924,5635.060059
2001-03-08,5711.02002,0.0,5646.498046999973,5797.40852055,6143.48544505023,5451.331596049769,53.501022104461136,5710.232306587747,5709.747489134877,0.4848174528706295,33.30942561239242,-32.82460815952179,-1.1443374883181536,1.5823683213571114,0.0028599999768361517,-1.7265123408388854,0.3333333333333333,0.4166666666666667,61.276614303121804,76.18433655663574,68.75727337349097,-3.811156458857643,-66.10986299999968,5777.129883
2001-03-09,5680.430176,0.0,5682.676074399972,5793.50002445,6143.169399578283,5443.830649321716,74.10114709489048,5705.647363420401,5707.57583631007,-1.9284728896691377,26.261845911980103,-28.19031880164924,-0.5356283797443261,0.5002832045835567,-0.10882023697266954,-1.9937192228589837,0.25,0.375,61.65550885002662,65.16453714351306,80.44962456671612,-4.870971952464568,-30.589844000000085,5711.02002
2001-03-12,5582.669922,0.0,5677.262011999972,5782.14152835,6144.118039731157,5420.165016968843,58.80520255696323,5686.727757048032,5698.323546361176,-11.59578931314445,18.69031886695519,-30.286108180099642,-1.7210008920282134,-1.4708495771587613,-1.2966902662055009,-3.4376202413271195,0.25,0.375,82.37840317965032,29.947018883010667,57.09863086105302,-6.172983371442212,-97.7602539999998,5680.430176
2001-03-13,5610.399902,0.0,5672.329980599972,5770.30803225,6138.763441337236,5401.852623162764,50.0846640862268,5674.985010117565,5691.810683815904,-16.825673698338505,11.58712035389645,-28.412794052234958,0.49671537790050396,-0.9833614793127214,-0.5887047605145218,-2.79077778609425,0.3333333333333333,0.4166666666666667,75.38744234319194,39.936570229853224,45.01604208545885,-2.5809880812325483,27.72998000000007,5582.669922
2001-03-14,5658.209961,0.0,5648.545996199971,5751.8440186,6102.621198433414,5401.0668387665855,52.80897807260928,5672.404233330248,5689.321741385095,-16.91750805484753,5.886194672147654,-22.803702726995184,0.8521684698974148,-0.20752612821514474,0.3602842961817738,-1.9373509717028106,0.4166666666666667,0.4583333333333333,42.84015592443663,57.15984407556337,42.34781106280895,-1.1999485394110083,47.810058999999455,5610.399902
2001-03-15,5742.740234000001,0.0,5654.890038999973,5744.5970215,6089.497626521197,5399.696416478802,45.149970028088575,5683.22515651021,5693.2786667639775,-10.053510253767854,2.6982536869645517,-12.751763940732406,1.4939401963277767,1.3858015970370638,1.8193934113190824,-0.4609536034401986,0.5,0.4583333333333333,12.388655328470492,82.31530602847396,59.803906777963384,0.467461868686752,84.53027300000122,5658.209961
2001-03-16,5783.930176,0.0,5675.5900389999715,5728.5815186,6030.197154089851,5426.965883110149,61.06005250708873,5698.718236431716,5699.993593374053,-1.275356942336657,1.90353156110431,-3.178888503440967,0.7172523973160625,1.8943962630395572,2.3844434656728586,0.27175564713895956,0.5833333333333334,0.4583333333333333,0.0,100.0,79.82505003467897,1.9250432382346125,41.189941999999064,5742.740234000001
2001-03-19,5641.890136999999,0.0,5687.4340819999725,5708.392529349999,5972.344436572735,5444.440622127263,45.63098090929447,5689.975451903759,5695.689633642641,-5.714181738881962,0.37998890110705524,-6.094170639989017,-2.4557702924801084,-0.49529776846566936,-0.33868651366967945,-2.045509591249418,0.5833333333333334,0.4166666666666667,49.94548703353968,29.4246945549415,70.58000019447168,2.5824344172021463,-142.04003900000043,5783.930176
2001-03-20,5642.700195,0.0,5693.894140599971,5693.662548849999,5935.807737892142,5451.517359807857,58.72253229604245,5682.7023354570265,5691.764490039482,-9.06215458245515,-1.5084397956053865,-7.553714786849763,0.014357918717496925,-0.6563095194591467,-0.5339899250710699,-1.7579754173077504,0.6666666666666666,0.4166666666666667,49.6606466348725,29.827187339235078,53.08396063139205,2.603129625110088,0.8100580000009359,5641.890136999999
2001-03-21,5623.419922,0.0,5686.93613279997,5676.269042999999,5881.628400513362,5470.909685486637,51.939461809529256,5673.581964155946,5686.701929443964,-13.119965288018648,-3.8307448940880398,-9.289220393930608,-0.34168522752785213,-1.033561797020484,-0.8937657406617413,-1.9056031241535365,0.5833333333333334,0.4166666666666667,56.44016198775562,20.247415567705705,26.49976582062729,0.2438559974147861,-19.280273000000307,5642.700195
2001-03-22,5730.950195,0.0,5684.57812499997,5665.3185547,5828.1903209005595,5502.446788499441,59.19875514054355,5682.407845824262,5689.979578744411,-7.571732920148861,-4.578942499300204,-2.9927904208486567,1.9121864362168524,0.6441277549015527,0.8592907534833399,0.2421196913535325,0.5833333333333334,0.4166666666666667,26.324115142972815,73.67588485702719,41.25016258798918,1.7016701684811624,107.5302730000003,5623.419922
2001-03-23,5800.549805,0.0,5687.902050799969,5667.394042999999,5836.242701161999,5498.545384837999,57.59752153629451,5700.583531851298,5698.169965874455,2.413565976843529,-3.1804408040714574,5.594006780914986,1.2144514894008653,1.6943311154997953,2.049126722275882,1.6410885199363745,0.5833333333333334,0.4583333333333333,0.0,100.0,64.6411001415775,0.40539026254051147,69.5996099999993,5730.950195
2001-03-26,5896.319824,0.0,5738.78798819997,5675.863525400001,5872.06412033775,5479.662930462252,62.917451408990665,5730.696807566483,5712.847733143014,17.849074423468664,1.0254622414365682,16.823612182032097,1.651050714493443,3.034989582697544,3.452963962148494,3.3501567387824673,0.6666666666666666,0.5,0.0,100.0,91.22529495234225,3.244600848028549,95.7700190000005,5800.549805
2001-03-27,5884.330078,0.0,5787.11396479997,5684.279028300001,5901.08796413222,5467.470092467783,89.74686171120749,5754.3326953254855,5725.550129058346,28.782566267139373,6.576883046577131,22.205683220562243,-0.20334287077166177,2.10453110754289,2.9357231193331232,3.2055468156827374,0.6666666666666666,0.4583333333333333,3.8226525573727717,95.6065407454781,98.5355135818259,3.5895151543536925,-11.989746000000196,5896.319824
2001-03-28,5819.390136999999,0.0,5826.308007799969,5691.5140381,5916.479625354723,5466.548450845277,73.93460053364797,5764.34153250618,5732.501240757728,31.84029174845182,11.629564786952072,20.210726961499745,-1.1036080596973021,0.4643390790296282,1.449631051307955,2.16404660721106,0.6666666666666666,0.4583333333333333,24.527247261821465,71.81029145257783,89.1389440660185,4.24026887327048,-64.93994100000054,5884.330078
2001-03-29,5833.879883,0.0,5846.893945399969,5708.2150391000005,5922.619202774656,5493.810875425345,78.88399554747745,5775.03974027446,5740.01076981271,35.02897046174985,16.309445921911628,18.719524539838222,0.24899079901643992,0.10827662325944204,1.373112144634071,2.3623876798859875,0.6666666666666666,0.5,19.907527661207595,77.11983751463549,81.51222323756366,3.9833164284837013,14.489746000000196,5819.390136999999
2001-03-30,5797.919922,0.0,5846.367968799969,5723.134033249999,5916.934594476333,5529.333472023666,61.43807865073553,5778.559768232235,5744.300336641399,34.25943159083636,19.899443055696576,14.359988535139781,-0.6163987212830239,-0.6989820547596105,0.5448400882455575,1.6786560150778476,0.5833333333333334,0.5,34.415196154117616,63.94285916599557,70.95766271106949,2.469154767372912,-35.959960999999566,5833.879883
2001-04-02,5607.72998,0.0,5788.64999999997,5723.03352055,5917.0836296604375,5528.983411439562,26.675360975487184,5752.278262350353,5734.184013927221,18.09424842313183,19.53840412918363,-1.4441557060517987,-3.280313363389705,-3.4248125049409195,-2.5632396958797523,-1.5788429957293235,0.5,0.5,100.0,0.0,47.02089889354354,-2.350972680266295,-190.18994199999997,5797.919922
2001-04-03,5446.819824,0.0,5701.147949199969,5713.621508800001,5941.030863761259,5486.212153838743,3.028289872870912,5705.284656450298,5712.897777636315,-7.613121186017452,14.108099066143412,-21.72122025216086,-2.869434808271562,-4.969896510088512,-4.894897002144814,-4.243405788186271,0.4166666666666667,0.5,100.0,0.0,21.31428638866504,-5.828395947772931,-160.91015599999992,5607.72998
2001-04-04,5405.850098,0.0,5618.43994139997,5695.0575195500005,5958.413917537022,5431.701121562979,2.8553503874690085,5659.217801304098,5690.1535050706625,-30.935703766564075,5.099338499601912,-36.03504226616599,-0.7521770009626128,-4.353936995558514,-5.284955603998071,-4.898174675370509,0.4166666666666667,0.5,100.0,0.0,0.0,-4.18370498659711,-40.969726000000264,5446.819824
2001-04-06,5515.129883,0.0,5554.689941399969,5685.2630127,5960.4258618595,5410.1001635405,22.430171153021146,5637.050429257313,5677.188792324688,-40.138363067374485,-3.94820181379337,-36.19016125358112,2.021509716675827,-1.5370167707513533,-3.1899618478593794,-2.9867683287250606,0.4166666666666667,0.5416666666666666,77.71936182662583,22.28063817337416,7.426879391124569,-2.2608025872620496,109.27978499999972,5405.850098
2001-04-09,5401.830078,0.0,5475.471972599969,5671.3330078,5974.326594958221,5368.339420641779,16.796527870505994,5600.862682910034,5656.791850522859,-55.92916761282504,-14.344394973599707,-41.584772639225335,-2.0543451814115627,-2.3038217671507,-4.870420740130908,-4.8347382394267004,0.4166666666666667,0.5,100.0,0.0,7.426879391124569,-3.940481896667437,-113.29980499999965,5515.129883
2001-04-10,5353.5,0.0,5424.625976599969,5659.8745117,5992.837296481983,5326.911726918017,16.483132030273993,5562.806885539259,5634.325787521166,-71.51890198190631,-25.779296375261037,-45.73960560664527,-0.8946982282325683,-1.8632564666881282,-5.196400021189188,-5.490849140710205,0.3333333333333333,0.4583333333333333,100.0,0.0,7.426879391124569,-6.586171265793042,-48.33007799999996,5401.830078
2001-04-11,5467.75,0.0,5428.812011799969,5652.7420166,5996.115886034772,5309.368147165228,38.077465990153456,5548.18274930245,5621.986840297375,-73.80409099492499,-35.38425529919383,-38.41983569573116,2.1341178668161014,0.6615964888769197,-2.695295248507558,-3.2537460664416744,0.3333333333333333,0.4583333333333333,78.95250045252585,23.783260715769835,7.927753571923128,-5.737383803051402,114.25,5353.5
2001-04-12,5533.220215,0.0,5454.286035199969,5646.4925293,5993.972512309057,5299.012546290943,58.78767897880897,5545.880820948227,5615.411534719791,-69.53071377156448,-42.21354699366797,-27.31716677789651,1.1973885967719862,1.5975656836269576,-0.9970686437184585,-1.9668128554265765,0.3333333333333333,0.5,66.89136854368085,40.439279632473415,21.407513449414267,-6.158071811540186,65.47021500000028,5467.75
2001-04-13,5495.470215,0.0,5450.35410159997,5634.12902835,5984.771477503153,5283.486579196848,59.17524657746811,5538.125343110038,5606.526992518325,-68.40164940828708,-47.4511674765918,-20.950481931695286,-0.6822428628028135,0.6284418011554862,-1.0990765573983512,-2.5025136729745787,0.3333333333333333,0.5,73.84579399590973,55.843223132063436,40.021921160102075,-6.608396501308567,-37.75,5533.220215
2001-04-16,5432.279785,0.0,5456.4440429999695,5616.5465088,5970.808658918945,5262.284358681055,40.63397328735018,5521.841411093109,5593.619791961412,-71.77838086830343,-52.31661015493414,-19.46177071336929,-1.1498639338908792,-0.2765005627816372,-1.6654087830854925,-3.5163389791007362,0.3333333333333333,0.5,85.15913316426659,43.83468214746994,46.705728304002115,-6.6520776728600985,-63.19043000000056,5495.470215
2001-04-17,5431.950195,0.0,5472.13408199997,5606.0495117,5969.472622484581,5242.626400915419,54.57307305547234,5508.011993232631,5581.644266260567,-73.63227302793621,-56.57974272953456,-17.05253029840165,-0.006067250087329049,-0.3743614417394397,-1.0715643443836345,-3.394614358038863,0.25,0.4583333333333333,83.66913399660402,43.651291536681185,47.77639893873803,-6.889577709188485,-0.3295899999993708,5432.279785
2001-04-18,5508.609863000001,0.0,5480.306054599971,5599.3449951,5964.862623616991,5233.827366583009,71.68459458522493,5508.10397319684,5576.234310463488,-68.13033726664798,-58.88986163695724,-9.240475629690742,1.4112733962576443,0.5548612670714288,0.7670383309498868,-1.9225217314678633,0.3333333333333333,0.4583333333333333,67.71099946331418,86.30629726322125,57.93075698245732,-4.989894011854541,76.65966800000024,5431.950195
2001-04-19,5608.5,0.0,5495.36201159997,5598.598999,5963.970614122008,5233.227383877992,70.50015782572662,5523.549515781942,5578.624361540267,-55.074845758324955,-58.12685846123079,3.0520127029058344,1.8133456440786864,1.9417423180138556,2.593088784827428,-0.044496261372346635,0.4166666666666667,0.4583333333333333,42.6218341310091,100.0,76.65252959996734,0.013731402951750743,99.89013699999941,5508.609863000001
2001-04-20,5596.629883,0.0,5515.59394519997,5591.882983400001,5951.91015267433,5231.855814125672,60.94440275734519,5534.792649200104,5579.958103870618,-45.16545467051401,-55.534577703087436,10.369123032573427,-0.2116451279308263,1.5309546206965106,2.142696500347311,-0.1171229057235699,0.4166666666666667,0.4166666666666667,4.654947843137408,95.3450521568626,93.8837831400278,2.7504133391727086,-11.870117000000391,5608.5
2001-04-23,5597.700195,0.0,5548.67802719997,5581.740502899999,5928.18941208995,5235.291593710049,70.20273455003918,5544.470733169319,5581.272332843165,-36.801599673845885,-51.78798209723913,14.986382423393245,0.01912422336970787,1.23744674931242,1.8650046884450349,-0.06518181281540561,0.5,0.4583333333333333,4.235217647058686,93.88285645515175,96.4093028706713,3.548934830268031,1.0703120000007402,5596.629883
2001-04-24,5589.339844,0.0,5580.15595699997,5566.3915039,5879.781554136773,5253.001453663228,89.62557279001294,5551.373673297116,5581.86992626219,-30.496252965074746,-47.52963627080626,17.033383305731512,-0.14935331848368602,0.6099382922491253,1.5985297232551692,-0.17481410483607185,0.4166666666666667,0.4166666666666667,7.513786666666633,89.14744992213389,92.79178617804926,1.3455705046720199,-8.360351000000264,5597.700195
2001-04-25,5516.200195,0.0,5581.67402339997,5547.98500975,5823.731474952579,5272.238544547421,65.54484063067744,5545.962368943713,5577.00550172425,-31.043132780537235,-44.232335572752454,13.18920279221522,-1.3085561272233803,-0.9569350976400559,0.09564622666768778,-1.4024126543572102,0.4166666666666667,0.4166666666666667,36.19600196078417,47.72024528715858,76.91685055481459,2.117247587364787,-73.13964899999974,5589.339844
2001-04-26,5518.72998,0.0,5563.72001939997,5532.9520019,5777.404913847595,5288.4990899524055,52.57037970027786,5541.77277064468,5572.688796411343,-30.916025766662642,-41.56907361153449,10.65304784487185,0.04586100776931138,-0.9415121745132291,-0.10803095071001949,-1.2010404350788402,0.5,0.4166666666666667,35.203929411764676,49.153146898123104,62.00694736913838,3.086391706360326,2.5297849999997197,5516.200195
2001-04-27,5416.669922,0.0,5527.72802719997,5512.091503850001,5716.314060036567,5307.8689476634345,1.8088188112411585,5522.526178545499,5561.131842751243,-38.60566420574469,-40.976391730376534,2.370727524631846,-1.8493395830176136,-2.2122597065697143,-1.8797729386252386,-2.7496923496052017,0.4166666666666667,0.375,75.22748156862743,0.0,32.291130728427085,-0.9342065383384384,-102.06005800000003,5518.72998
2001-04-30,5381.669922,0.0,5484.52197259997,5491.279003850001,5653.342182192117,5329.215825507884,1.6204962586564866,5500.855985230806,5547.838367140041,-46.98238190923439,-42.17758976614811,-4.804792143086281,-0.6461534578255588,-2.2116404258991857,-2.2902482232025796,-3.0046477282670185,0.3333333333333333,0.3333333333333333,100.0,0.0,16.384382299374227,-2.738916708739745,-35.0,5416.669922
2001-05-02,5304.240234000001,0.0,5427.502050599969,5476.10451655,5648.745684240623,5303.463348859377,0.8474437138251192,5470.607408118374,5529.794060981519,-59.186652863144445,-45.57940238554738,-13.607250477597063,-1.4387669463612127,-2.7543399084490927,-3.4166177702841276,-3.9819010482162107,0.3333333333333333,0.3333333333333333,100.0,0.0,0.0,-3.479774678389363,-77.42968799999926,5381.669922
2001-05-03,5405.540039,0.0,5405.370019399969,5474.040527300001,5649.125572472301,5298.9554821277,26.52374679814791,5460.597043638625,5520.590059353258,-59.99301571463275,-48.46212505136446,-11.530890663268288,1.9097891598248384,-0.3374301333608516,-1.532125767364975,-1.8417579799287116,0.4166666666666667,0.375,66.70614510365465,34.519123036344915,11.506374345448164,-0.4922380116325191,101.29980499999965,5304.240234000001
2001-05-04,5244.049805,0.0,5350.433984399969,5465.95051265,5667.286577821695,5264.614447478305,21.639749703199858,5427.2820838480675,5500.105596067831,-72.82351221976387,-53.33440248504434,-19.489109734719527,-2.98749491882176,-2.4994687921609455,-4.200595645584483,-4.3473558504739565,0.4166666666666667,0.3333333333333333,100.0,0.0,11.506374345448164,-3.459169971274022,-161.49023400000078,5405.540039
2001-05-07,5229.930176,0.0,5313.086035199968,5451.690527299999,5677.297100603878,5226.083953996121,20.61455551511906,5396.920251871441,5480.092601988732,-83.17235011729099,-59.301992011493674,-23.870358105797315,-0.26925047482457704,-1.883925821486832,-4.051476053979675,-4.191316506996081,0.3333333333333333,0.3333333333333333,100.0,0.0,11.506374345448164,-5.058983916647007,-14.119628999999804,5244.049805
2001-05-08,5176.709961,0.0,5272.094042999968,5440.43452145,5696.87219919502,5183.99684370498,22.889529825579054,5363.041745583527,5457.619813767345,-94.57806818381778,-66.3572072459585,-28.22086093785927,-1.0176085188331256,-2.1481865055631655,-4.396744371838029,-4.853241512724124,0.25,0.3333333333333333,100.0,0.0,0.0,-7.6988506552554234,-53.22021500000028,5229.930176
2001-05-09,5232.640136999999,0.0,5257.774023599968,5434.391528300001,5704.77211077763,5164.0109458223715,33.92307640410428,5342.9799596476,5440.954652525318,-97.97469287771855,-72.68070437231052,-25.293988505408038,1.0804193478360464,-0.624406801995989,-2.8194433206605067,-3.6672487649437766,0.3333333333333333,0.375,87.0469045257434,16.35289541341139,5.450965137803654,-6.503730881072456,55.93017599999985,5176.709961
2001-05-10,5122.169922,0.0,5201.100000199968,5417.1125243999995,5720.653086624987,5113.571962175012,31.66573907636488,5309.009184624892,5417.340968782702,-108.33178415780912,-79.81092032941024,-28.520863828398888,-2.111175469890705,-2.1585420512551106,-4.16579196367842,-5.49535441089747,0.25,0.375,100.0,0.0,5.450965137803654,-8.495100781295063,-110.47021499999937,5232.640136999999
2001-05-11,5232.720215,0.0,5198.834082199968,5402.0875244,5711.128370550504,5093.046678249496,32.915539994381994,5297.272420067217,5403.66535739139,-106.39293732417264,-85.12732372836273,-21.26561359580991,2.1582707072090814,0.5061142181174707,-1.5500285900953021,-3.2456308824758775,0.3333333333333333,0.375,76.75220710922012,39.01268566014676,18.455193691185908,-6.38035329669247,110.55029300000024,5122.169922
2001-05-14,5176.450195,0.0,5188.138085999968,5386.1365233999995,5707.566830377315,5064.7062164226845,41.56187368707122,5278.684385441491,5386.834604621657,-108.15021918016555,-89.7319028187233,-18.41831636144225,-1.0753492961213087,-0.3590542434642174,-2.0871475926133427,-4.119592643267999,0.3333333333333333,0.375,88.38104286174479,19.15525658621238,19.389314082119572,-6.159131068302353,-56.27001999999993,5232.720215
2001-05-15,5158.790039,0.0,5184.554101599968,5372.4620361,5708.562034370053,5036.3620378299465,41.19772980064462,5260.23910137357,5369.9424145756075,-109.70331320203786,-93.72618489538623,-15.977128306651636,-0.34116344859375036,-0.47184143524921074,-1.864411272559769,-4.302896691740792,0.25,0.375,90.76555586947175,12.923069442781202,23.69700389637997,-6.522151696213259,-17.660155999999915,5176.450195
2001-05-16,5082.02002,0.0,5154.430078199968,5354.965527349999,5713.697331370338,4996.23372332966,38.929060403030334,5232.8207811622515,5348.614829792229,-115.79404862997762,-98.13975764230452,-17.654290987673107,-1.4881400177100812,-1.653519986006673,-2.8092058150395562,-5.4450957432787375,0.25,0.3333333333333333,100.0,0.0,10.69277534299772,-6.1781483239509845,-76.7700190000005,5158.790039
2001-05-17,5143.439941,0.0,5158.684081999969,5336.707031249999,5699.6596735084095,4973.754388991589,39.70309051408674,5219.069882675752,5333.416689881694,-114.34680720594224,-101.38116755503208,-12.965639650910163,1.2085729839371964,-0.1777442559235417,-1.2596988633321262,-4.012281314699685,0.3333333333333333,0.3333333333333333,81.64651457151788,40.75636464836662,17.893144697049134,-4.426692540657837,61.419920999999704,5082.02002
2001-05-18,5111.669922,0.0,5134.474023399968,5311.86552735,5664.350756256972,4959.380298443028,48.5187919928818,5202.546811802559,5316.991003371939,-114.44419156937965,-103.9937723579016,-10.45041921147805,-0.6176803727550242,-0.7606216240584067,-1.5663541721432217,-4.319630759763344,0.3333333333333333,0.3333333333333333,90.8352187627684,19.674760208505397,20.14370828562387,-3.6304975548737697,-31.770018999999593,5143.439941
2001-05-21,4958.609863000001,0.0,5090.905956999968,5279.964526350001,5639.353795641571,4920.57525705843,15.472954020019916,5165.01805044832,5290.444252233277,-125.42620178495781,-108.28025824331286,-17.145943541644954,-2.9943259509235474,-2.870691053874574,-3.8240058583349565,-6.840459581258307,0.25,0.3333333333333333,100.0,0.0,20.14370828562387,-8.268002323088515,-153.06005899999946,5111.669922
2001-05-22,4991.47998,0.0,5057.443945199969,5249.653515600001,5598.306654523497,4901.000376676505,25.241591365806094,5138.319885763962,5268.2987505863675,-129.97886482240574,-112.61997955913142,-17.358885263274317,0.6628897595930805,-1.6328244286759173,-2.7896212445415185,-5.898448309550689,0.3333333333333333,0.375,92.64535742603348,11.991563529129143,10.555441245878042,-4.816312475888082,32.87011699999948,4958.609863000001
2001-05-23,5209.970215,0.0,5083.0339841999685,5230.68503415,5540.658615523433,4920.711452776568,54.45525114307092,5149.3430133387365,5263.978118320711,-114.63510498197411,-113.02300464369995,-1.6121003382741605,4.377263574640246,2.5006610460682412,1.4984124366730989,-1.5484209002559375,0.4166666666666667,0.375,11.93932067152658,91.70042290121168,34.56399547678013,-0.3816487090323931,218.4902350000002,4991.47998
2001-05-24,5226.790039,0.0,5099.704003799969,5216.214526350001,5495.576789729408,4936.852262970593,64.07091049820328,5161.257940363546,5261.223445778435,-99.96550541488887,-110.41150479793772,10.445999383048857,0.32283915849603667,2.345738572004943,1.7433684200583628,-0.932839121690792,0.5,0.375,2.163426502038804,100.0,67.89732881011346,0.9674113167879075,16.819824000000153,5209.970215
2001-05-25,5170.080078,0.0,5111.386034999969,5198.78203125,5439.500474499183,4958.063588000817,52.6132117400916,5162.615192307616,5254.472085202255,-91.8568928946388,-106.70058241727794,14.843689522639139,-1.0849863984750827,1.1473636549665738,0.7417009200219589,-1.676488923153216,0.4166666666666667,0.375,22.852160286161098,78.85378336092953,90.18473542071358,-1.195573503280634,-56.709961000000476,5226.790039
2001-05-28,5079.720215,0.0,5135.608105399968,5181.9345459,5404.958892115181,4958.9101996848185,47.189060223901485,5149.862118875675,5241.5275022243095,-91.66538334863435,-103.69354260354923,12.028159254914883,-1.7477459079309772,-0.5167963794490187,-0.950733819251334,-2.9967829100526973,0.4166666666666667,0.3333333333333333,55.81693609294995,45.160068803892415,74.67128405494047,-0.8287446071961796,-90.35986299999968,5170.080078
2001-05-29,5095.259765999999,0.0,5156.364062599968,5167.6140381,5372.697378491567,4962.530697708432,65.86040128907386,5141.4617568948015,5230.692855096582,-89.2310982017807,-100.80105372319554,11.56995552141484,0.30591352165640756,-0.6555738093709194,-0.42531738803699387,-2.3160152101514764,0.4166666666666667,0.375,50.14785030811285,50.95451313299112,58.32278843260419,-2.62694054625661,15.539550999998937,5079.720215
2001-05-30,5057.069824,0.0,5125.783984399968,5155.2555176000005,5355.402691707445,4955.108343492556,57.519884644718154,5128.4783826032935,5217.831889830169,-89.35350722687508,-98.51154442393145,9.158037197056373,-0.7495190383586632,-1.6098867073180079,-0.979135178420101,-2.6912859544638312,0.4166666666666667,0.375,64.08017417744234,36.71410857751082,44.27623017146462,-2.306220798092701,-38.189941999999064,5095.259765999999
2001-05-31,5048.859863000001,0.0,5090.197949199968,5137.4215088,5304.499423153844,4970.343594446156,14.3291430171827,5116.229379587403,5205.3154433983045,-89.08606381090158,-96.6264483013255,7.540384490423918,-0.16234620611794753,-1.2537432946435976,-0.9622421925774086,-2.4818921607978814,0.4166666666666667,0.3333333333333333,66.34725155822105,33.652748441778954,40.4404567174268,-2.130929446031673,-8.209960999999566,5057.069824
2001-06-01,5013.959961,0.0,5058.973925799969,5125.917016600001,5293.765622180026,4958.068411019976,6.371039827200853,5100.495622881649,5191.140963220651,-90.64534033900236,-95.43022670886089,4.784886369858526,-0.6912432300955907,-1.2512409988071918,-1.5372895473183348,-2.841091772824681,0.4166666666666667,0.3333333333333333,79.36085402524346,9.55334467873278,26.640067232674017,-1.3392324062509373,-34.89990200000102,5048.859863000001
2001-06-04,4985.109863000001,0.0,5040.051855399969,5113.676000950001,5285.252929389633,4942.099072510369,7.19259436492416,5082.743967515242,5175.879400241343,-93.1354327261015,-94.97126791230902,1.8358351862075182,-0.5753954603627315,-1.2196848221034604,-1.849528308291364,-3.089849017056389,0.3333333333333333,0.3333333333333333,90.11858356003167,0.0,14.402031040170412,-3.0782915678260285,-28.85009799999898,5013.959961
2001-06-05,5065.060059,0.0,5034.011913999969,5108.093505850001,5278.294931987862,4937.89207971214,46.43547438443897,5080.023366205205,5167.670560149391,-87.64719394418626,-93.50645311868448,5.85925917449822,1.603780020845646,0.41314950822704616,-0.19908882840006073,-1.3444929605977043,0.4166666666666667,0.375,60.30646351727361,33.08099047395589,14.21144505089606,-0.9118324091975608,79.95019599999978,4985.109863000001
2001-06-06,5220.439941,0.0,5066.685937399969,5107.48349605,5275.883340938631,4939.08365116137,68.11684929437362,5101.625916173634,5171.579403175362,-69.95348700172781,-88.79585989529315,18.84237289356534,3.0676809394176474,3.0672089962280373,2.4221508355389187,1.8349211869987294,0.5,0.375,2.3678476517969034,100.0,44.36033015798514,5.280312128480091,155.37988199999927,5065.060059
2001-06-07,5153.350098,0.0,5087.583984399968,5109.04250485,5278.588248251492,4939.496761448509,62.85863352027021,5109.58348260846,5170.229084273483,-60.645601665022696,-83.16580824923906,22.520206584216368,-1.2851377232231576,1.4213400236296168,0.8390144855398568,0.6003646078209717,0.4166666666666667,0.375,27.384552465951316,71.4911737716757,68.19072141521038,3.2429283228338184,-67.08984299999975,5220.439941
2001-06-08,5226.279785,0.0,5130.047949199968,5108.720483350001,5277.298864722005,4940.142101977996,70.20269646881576,5127.536759899467,5174.380988031003,-46.8442281315356,-75.90149222569838,29.057264094162775,1.4151898398733598,2.2615265020000734,2.238887527552067,2.027080124913254,0.4166666666666667,0.4166666666666667,0.21112778401846005,100.0,90.49705792389175,0.3130453597036435,72.92968699999983,5153.350098
2001-06-11,5271.299805,0.0,5187.285937599967,5113.462963850001,5294.909540140392,4932.01638755961,78.64298127460252,5149.654151453396,5181.560159658336,-31.906008204940008,-67.1023954215467,35.196387216606695,0.861416186121768,2.2840365947341548,3.0448204883395453,2.826842226686318,0.4166666666666667,0.4583333333333333,0.0,100.0,90.49705792389175,0.851569809919415,45.02001999999993,5226.279785
2001-06-12,5266.240234000001,0.0,5227.521972599968,5118.8354736,5311.922668813487,4925.748278386513,83.04079405701557,5167.59047184518,5187.832757757717,-20.242285912537227,-57.7303735197448,37.488087607207575,-0.09598336628851391,1.2651849440669292,2.7849050265717192,2.700098399568333,0.4166666666666667,0.4166666666666667,1.7679066443218625,98.23209335567815,99.41069778522588,1.8599355241940378,-5.0595709999988685,5271.299805
2001-06-13,5209.709961,0.0,5225.3759765999675,5125.2199706500005,5321.597811249517,4928.842130050484,67.99086621075874,5174.0703932536135,5189.45329133122,-15.382898077606114,-49.26087843131707,33.87798035371095,-1.0734465289872155,-0.2841074085439784,1.4670372578143807,1.525450563593559,0.4166666666666667,0.4166666666666667,21.520617939815747,78.47938206018425,92.23715847195398,2.5589942063373914,-56.530273000001216,5266.240234000001
2001-06-14,5119.189941,0.0,5218.543945199968,5124.00747065,5320.211021310526,4927.803919989474,34.9844021974186,5165.627246753057,5184.248598714093,-18.621351961035543,-43.13297313726077,24.511621176225226,-1.737525134367071,-1.6991902693379817,-0.3346877433733395,-0.1465294043191975,0.3333333333333333,0.375,53.149968491904765,46.850031508095235,74.52050230798572,0.4696556426756363,-90.52001999999993,5209.709961
2001-06-15,5158.629883,0.0,5205.013964799968,5126.3554687000005,5323.060667608859,4929.650269791142,50.85295530012671,5164.550729252587,5182.350916068604,-17.80018681601723,-38.06641587301206,20.26622905699483,0.7704332610150356,-0.9585835963823001,0.267953052066418,0.6373505029806772,0.4166666666666667,0.4166666666666667,39.36893142107713,45.36944299766524,56.89961885531475,2.008278756959466,39.439941999999974,5119.189941
2001-06-18,5070.52002,0.0,5164.858007799968,5131.950976550001,5314.416118142238,4949.4858349577635,26.01331862184949,5150.084466290651,5174.067145989448,-23.982679698797256,-35.249668638169105,11.26698893937185,-1.7080090062355744,-2.1625887380609212,-1.4791975776498867,-1.0105187534476987,0.4166666666666667,0.4166666666666667,70.15612903684797,0.0,30.739824835253334,0.4290108576538905,-88.10986299999968,5158.629883
2001-06-19,5039.97998,0.0,5119.605956999968,5134.375976550001,5310.146885071625,4958.605068028377,12.714371050554416,5133.145314553627,5164.134763323564,-30.989448769936644,-34.39762466452262,3.4081758945859733,-0.6023058755224058,-2.023019299065197,-2.11383458287516,-1.5730791286924743,0.4166666666666667,0.4166666666666667,80.82737757429656,0.0,15.123147665888256,0.5189514715392939,-30.540039999999863,5070.52002
2001-06-20,5029.640136999999,0.0,5083.5919921999675,5125.35947265,5303.290487484277,4947.428457815722,12.501567254753896,5117.221441083839,5154.172198410707,-36.95075732686837,-34.90825119699177,-2.0425061298765996,-0.20515643000630837,-1.4687016712193717,-2.3850074311748353,-1.6839667220952685,0.4166666666666667,0.375,84.44030782884782,0.0,0.0,0.8932656495799042,-10.339843000000656,5039.97998
2001-06-21,4984.879883,0.0,5056.729980599966,5113.26396485,5295.011446019337,4931.5164836806625,12.986054767607522,5096.861201378633,5141.632026898803,-44.77082552016964,-36.88076606162735,-7.890059458542289,-0.8899295532244121,-1.623402775965901,-3.128090813668033,-2.4581817021004517,0.3333333333333333,0.375,100.0,0.0,0.0,-1.5830054346054647,-44.760253999999804,5029.640136999999
2001-06-22,4904.339844,0.0,5005.871972799966,5099.976953150001,5301.9634153280895,4897.990490971912,13.42727830020186,5067.24253101269,5124.054828165558,-56.81229715286827,-40.867072279875536,-15.945224872992732,-1.615686654249509,-2.52401928510553,-4.202850114464624,-3.9916709345071895,0.25,0.375,100.0,0.0,0.0,-6.055047095119901,-80.54003899999952,4984.879883
2001-06-26,4785.120117,0.0,4948.7919921999655,5085.24694825,5331.557856927001,4838.936039572999,0.0,5023.839082703045,5098.948553264406,-75.10947056136047,-47.71555193617253,-27.393918625187936,-2.4309026452531395,-3.7020913318070847,-5.967966390481709,-6.167598839868579,0.25,0.3333333333333333,100.0,0.0,0.0,-7.145448572238639,-119.2197269999997,4904.339844
2001-06-27,4825.279785,0.0,4905.8519531999655,5071.7479492,5343.97705653233,4799.518841867671,12.335582049283223,4993.291498441038,5078.676792652227,-85.38529421118892,-55.249500391175815,-30.135793820013106,0.83926144000701,-2.0885252421259928,-4.552015045065339,-5.081760836670057,0.25,0.3333333333333333,91.73974787692089,10.751972680682039,3.5839908935605234,-7.672761820959419,40.15966799999933,4785.120117
2001-06-28,4768.549805,0.0,4853.633886799966,5057.321948250001,5361.526775331601,4753.1171211684,11.417121202479635,4958.715853296263,5055.7044231965065,-96.98856990024342,-63.59731429298934,-33.39125560725408,-1.1756827070702196,-2.3432152473251566,-4.885938036105782,-5.844061839084974,0.16666666666666666,0.2916666666666667,100.0,0.0,3.5839908935605234,-9.537495847288467,-56.72998000000007,4825.279785
2001-06-29,4883.430176,0.0,4833.343945399965,5049.0504639,5363.062241217253,4735.038686582747,33.97839657858496,4947.13344140453,5042.943367848617,-95.80992644408707,-70.0398367232089,-25.770089720878175,2.4091259543843684,0.5110575336968338,-1.9707624887744783,-3.3477902686066643,0.25,0.3333333333333333,77.14960298359021,38.04361002955211,16.26519423674456,-7.26913397395917,114.8803710000002,4768.549805
2001-07-02,4886.859863000001,0.0,4829.847949199966,5042.6954590000005,5364.739214862351,4720.65170313765,38.18920561957926,4937.860583188449,5031.381626748719,-93.5210435602703,-74.73607809062118,-18.784965469649123,0.07023110552202028,0.9209866452812004,-1.369240000911493,-3.1258373740980194,0.3333333333333333,0.375,76.22818300168665,43.58765859396463,27.210422874505426,-6.19708391478339,3.4296870000007402,4883.430176
2001-07-03,4843.819824,0.0,4841.587890599966,5035.63095705,5368.993453551808,4702.268460548192,41.983242640682775,4923.392774082533,5017.488159878444,-94.09538579591117,-78.60793963167919,-15.487446164231983,-0.8807299617054811,0.24095205899666713,-1.7830225066606502,-3.7792028405654325,0.3333333333333333,0.3333333333333333,82.93816475121554,28.829109995539998,36.82012620635209,-5.379173661726014,-43.040039000000434,4886.859863000001
2001-07-04,4739.160156,0.0,4824.363964799966,5019.3359619,5377.573888819199,4661.0980349808015,43.66767217669757,4895.049294377528,4996.871270702263,-101.82197632473526,-83.25074697029041,-18.571229354444853,-2.1606845795839873,-1.7692227543263948,-3.219208420193601,-5.609860220407222,0.25,0.3333333333333333,100.0,0.0,24.13892286316805,-8.131417382401104,-104.65966800000024,4843.819824
2001-07-05,4709.200195,0.0,4812.494042799966,4993.773974600001,5364.338703785427,4623.209245414574,33.544132866388196,4866.457125242524,4975.562302131725,-109.10517688920118,-88.42163295407256,-20.68354393512861,-0.6321786986259337,-1.9972198299625867,-3.2360428405708084,-5.94144616005017,0.25,0.3333333333333333,100.0,0.0,9.609703331846509,-7.125892878340309,-29.959960999999566,4739.160156
2001-07-06,4707.009765999999,0.0,4777.209960799967,4971.456958000001,5355.087735956426,4587.826180043576,39.68003638849733,4841.926762282135,4955.669521677523,-113.74275939538802,-93.48585824233567,-20.256901153052354,-0.04651382207804252,-1.833267005057465,-2.7264443910535263,-5.744419449720824,0.25,0.3333333333333333,100.0,0.0,0.0,-6.606578107875754,-2.1904290000011315,4709.200195
2001-07-09,4657.299805,0.0,4731.297949199967,4943.0079590000005,5331.430642024333,4554.585275975668,1.4720334579535743,4813.52261500796,4933.568061182891,-120.04544617493139,-98.79777582885482,-21.24767034607656,-1.0560836597167913,-2.10049201377159,-3.1325992716271323,-6.484061911713867,0.25,0.3333333333333333,100.0,0.0,0.0,-7.402921916041641,-49.709960999999566,4707.009765999999
2001-07-10,4616.709961,0.0,4685.875976599967,4910.2784668,5292.491775230742,4528.065158369259,0.0,4783.243745160582,4910.097090798973,-126.85334563839115,-104.40888979076212,-22.44445584762903,-0.871531696465482,-2.0264418139348273,-3.3601395170316883,-6.9500442091750605,0.25,0.2916666666666667,100.0,0.0,0.0,-7.385733069628713,-40.589844000000085,4657.299805
2001-07-11,4548.290039,0.0,4647.701953199967,4874.380957050001,5250.641653474397,4498.120260625605,0.0,4747.097021135877,4883.296568443494,-136.19954730761674,-110.76702129413306,-25.43252601348368,-1.4820060731122706,-2.458852684722687,-4.197329129050052,-7.808660612604452,0.25,0.25,100.0,0.0,0.0,-7.25989259157057,-68.41992199999913,4616.709961
2001-07-12,4633.540039,0.0,4632.569921999967,4845.57246095,5201.404398931551,4489.740522968449,30.874244486865898,4729.626716191896,4864.796084781013,-135.16936858911686,-115.64749075312983,-19.521877835987027,1.8743307763799362,-0.25405225484079097,-2.1413008792775843,-5.666555760062706,0.3333333333333333,0.2916666666666667,76.05672049167389,25.17944422595676,8.393148075318763,-3.1677382028819814,85.25,4548.290039
2001-07-13,4485.680176,0.0,4588.304003999967,4813.896972699999,5179.818145884294,4447.975799515705,21.635956522300432,4692.096479239297,4836.713424871308,-144.61694563201127,-121.44138172890611,-23.175563903105157,-3.191077702048116,-2.65637535046022,-4.694420727775208,-8.099454041245158,0.25,0.25,100.0,0.0,8.393148075318763,-7.037925760402304,-147.8598630000006,4633.540039
2001-07-16,4368.689941,0.0,4530.582031199967,4774.399975599999,5153.924668565342,4394.875282634657,16.75445723837511,4642.341627202482,4802.045018658619,-159.70339145613616,-129.09378367435212,-30.609607781784035,-2.6080823957521533,-4.020731867561781,-6.5182433298860945,-9.801305497127249,0.25,0.20833333333333334,100.0,0.0,8.393148075318763,-8.38535572346822,-116.99023500000021,4485.680176
2001-07-17,4371.990234000001,0.0,4481.638085799967,4739.473486299999,5132.581089368097,4346.3658832319015,19.149729230536973,4600.749105171331,4770.189108683906,-169.44000351257455,-137.16302764199662,-32.27697587057793,0.07554422594810438,-2.934179125756814,-5.5865844093630574,-9.033357593961536,0.25,0.25,99.36308672891262,0.9692198579139235,0.3230732859711504,-10.47296518159532,3.3002930000011474,4368.689941
2001-07-18,4219.890136999999,0.0,4415.958105399966,4698.468994149999,5128.908152424573,4268.029835875425,15.429019678878603,4542.155417760357,4729.426221892505,-187.27080413214844,-147.18458294002698,-40.08622119212146,-3.478966988927664,-4.914885775398391,-7.76411516781395,-11.438089829118198,0.16666666666666666,0.25,100.0,0.0,0.3230732859711504,-13.648226973927471,-152.10009700000137,4371.990234000001
2001-07-19,4190.779785,0.0,4327.406054599966,4656.5259765499995,5113.739401402284,4199.312551697715,16.563504959981852,4488.097628104917,4689.526485826394,-201.42885772147656,-158.0334378963169,-43.39541982515965,-0.689836726903388,-4.285752416595486,-7.297716565410006,-11.329150311941266,0.16666666666666666,0.25,100.0,0.0,0.3230732859711504,-13.481922588539296,-29.110351999999693,4219.890136999999
2001-07-20,4220.330078,0.0,4274.336034999967,4618.2984863,5087.60554640908,4148.991426190921,6.859432520229418,4446.902620396468,4654.771196357771,-207.86857596130358,-168.00046550931427,-39.86811045198931,0.7051263611075246,-2.070512518418177,-5.74257043031297,-9.95908018881863,0.25,0.25,95.47496459095363,6.674106976187658,2.2247023253957283,-10.947721978611266,29.550293000000238,4190.779785
2001-07-23,4151.930176,0.0,4230.984081999967,4580.6780029,5073.480307936967,4087.875697863033,8.223930308058067,4401.522244335473,4617.523713368307,-216.00146903283348,-177.60066621401813,-38.40080281881535,-1.6207239892576033,-2.397894680977118,-6.298369816169284,-10.689091288235435,0.25,0.25,100.0,0.0,2.2247023253957283,-11.83364469388417,-68.39990200000011,4220.330078
2001-07-24,4040.7700200000004,0.0,4164.740039199967,4543.460498049999,5081.597289488282,4005.3237066117163,8.345738219877669,4346.021902130015,4574.801217563247,-228.7793154332312,-187.83639605786078,-40.94291937537042,-2.677312750646784,-3.7747340666939175,-7.649921477565084,-12.294761025824458,0.25,0.25,100.0,0.0,2.2247023253957283,-14.154203605278838,-111.16015599999946,4151.930176
2001-07-25,4136.390136999999,0.0,4148.0400391999665,4509.01601565,5059.253084349984,3958.7789469500153,25.758359837807056,4313.770861340782,4542.32632270671,-228.55546136592784,-195.9802091194742,-32.57525224645363,2.36638354884644,-0.5679046394016701,-4.517282866342944,-9.488131247612829,0.3333333333333333,0.2916666666666667,85.64779156841249,21.49200590512012,7.164001968373216,-11.184799987339451,95.62011699999903,4040.7700200000004
2001-07-26,4300.410156,0.0,4169.966113399967,4485.609033199999,5029.14808544198,3942.069980958019,58.086598974296976,4311.715368211431,4524.406606654361,-212.69123844292972,-199.32241498416533,-13.368823458764382,3.965293736024604,3.04246012094192,-0.12341912455503257,-5.308134787241502,0.4166666666666667,0.3333333333333333,57.88684629405214,78.38897658583096,33.29366083031687,-6.851195064709842,164.0200190000005,4136.390136999999
2001-07-27,4320.589844,0.0,4190.018066599968,4457.4670166,4971.776986705425,3943.1570464945744,63.27490771049267,4313.080672178904,4509.309068679964,-196.22839650106016,-198.70361128754433,2.475214786484173,0.4692503102720365,2.9920781643795156,0.7894237636025678,-4.351525784891221,0.5,0.375,52.794538348607055,84.48150570906864,61.45416273333975,-5.0062813287532375,20.17968800000017,4300.410156
2001-07-31,4352.97998,0.0,4230.228027399969,4430.773022449999,4905.11089408429,3956.4351508157088,63.486985495728234,4319.219027228303,4497.729136185152,-178.51010895684885,-194.66491082140527,16.15480186455642,0.7496693083464089,3.2202003824865026,2.1018765519435485,-3.2488184853708315,0.5,0.4166666666666667,47.33033891850734,100.0,87.62349409829972,-6.054982942600193,32.390135999999984,4320.589844
2001-08-01,4354.52002,0.0,4292.978027399969,4406.30803225,4839.64736043431,3972.96870406569,73.8391388319747,4324.649949193179,4487.121053504771,-162.47110431159217,-188.22614951944269,25.755045207850515,0.03537898191757506,2.4365570590004753,2.400523699056059,-2.7907848158548165,0.5833333333333334,0.4166666666666667,47.07053495564871,100.0,94.82716856968939,-2.9239747564205283,1.5400399999998626,4352.97998
2001-08-02,4490.189941,0.0,4363.737988199969,4393.8595215000005,4800.415131304364,3987.303911695637,100.0,4350.117640240383,4487.348378504417,-137.2307382640347,-178.0270672683611,40.796329004326395,3.115611373397698,3.799100465252865,5.340112684270808,0.4980843435379789,0.6666666666666666,0.4583333333333333,0.0,100.0,99.99999999999984,2.781154113495829,135.6699209999997,4354.52002
2001-08-03,4530.680176,0.0,4409.791992199969,4384.93352055,4769.587058336744,4000.279982763256,100.0,4377.896491895708,4490.558141281868,-112.6616493861602,-164.95398369192094,52.29233430576073,0.9017488242598203,3.167859175736096,5.961282062165901,1.7390097216641267,0.6666666666666666,0.4583333333333333,0.0,100.0,99.99999999999984,3.6296957107978534,40.49023500000021,4490.189941
2001-08-06,4470.72998,0.0,4439.82001939997,4373.11953125,4729.604904784368,4016.634157715633,79.34320467875338,4392.178566988677,4489.089388594322,-96.91082160564565,-151.3453512746659,54.434529669020236,-1.3232052069702256,1.1489196882690125,4.050518432072614,0.7852024641714931,0.6666666666666666,0.4166666666666667,12.236977589825642,87.76302241017436,95.92100747005797,5.9442268603307165,-59.95019599999978,4530.680176
2001-08-07,4404.0,0.0,4450.02402339997,4360.454541,4691.521647612811,4029.3874343871894,62.38382726791504,4393.9972489904185,4482.786470920669,-88.78922193025028,-138.83412540578277,50.04490347553249,-1.492596965115752,-0.6732301737275739,2.075345623510246,-0.3072583776386933,0.6666666666666666,0.4166666666666667,25.857838309438925,67.8713222577759,85.21144822264993,5.087841068699826,-66.72998000000007,4470.72998
2001-08-08,4514.100098,0.0,4481.94003899997,4355.324047849999,4672.561951552656,4038.0861441473426,69.43639443373533,4412.474610376507,4485.105998852471,-72.63138847596383,-125.59357801981898,52.962189543855146,2.5000022252497702,1.1970472908472505,4.036911901282085,2.402439444299756,0.6666666666666666,0.4583333333333333,3.3843099182454948,92.79972355932398,82.81135607575793,6.96083042251559,110.10009799999989,4404.0
2001-08-09,4448.52002,0.0,4473.60605479997,4350.3355469,4657.783917744785,4042.8871760552147,59.821940588594394,4418.02005801089,4482.3959263448805,-64.37586833399018,-113.35003608265323,48.97416774866305,-1.4527829816856657,-0.6221562473697693,1.9447754077149806,1.1640196068368873,0.6666666666666666,0.4583333333333333,16.770453723763996,60.89293818622743,73.85466133444227,7.143420804964908,-65.58007799999996,4514.100098
2001-08-10,4476.910156,0.0,4462.852050799969,4342.50405275,4626.676379934368,4058.331725565631,48.211432073953844,4427.080073086138,4481.989572986,-54.90949989986166,-101.66192884609492,46.752428946233266,0.6381928342990797,0.061540482993911766,1.747918571092448,2.032101164617889,0.75,0.5,10.97548588072136,69.74115886737683,74.47794020430926,10.793490692152767,28.390135999999984,4448.52002
2001-08-13,4520.759765999999,0.0,4472.858007999969,4344.25803225,4632.554388529142,4055.961675970858,48.67586660375077,4441.492333534425,4484.861439135185,-43.36910560076012,-90.00336419702798,46.634258596267856,0.9794614694519079,1.0789579280516988,2.0019540550474737,3.165230694313471,0.75,0.5416666666666666,2.0249447533397613,94.36852792069472,75.00087499143284,9.292393035217215,43.8496099999993,4476.910156
2001-08-14,4589.600098,0.0,4509.978027599969,4355.3035401,4663.763550012131,4046.8435301878685,65.49845438828044,4464.278143452205,4492.619858310357,-28.341714858152045,-77.67103432925279,49.329319471100746,1.5227602341920305,2.165588889067744,2.9951633958933814,4.7631949619416805,0.75,0.5833333333333334,0.0,100.0,88.03656226269037,6.724706051503428,68.84033200000067,4520.759765999999
2001-08-15,4623.109863000001,0.0,4531.779980599969,4367.85952155,4698.80385510242,4036.9151879975793,81.27727911534448,4488.713792613405,4502.285784583663,-13.57199197025875,-64.85122585745398,51.27923388719523,0.730123851413616,2.0816957162596834,3.1635210714419695,5.453055056199157,0.75,0.625,0.0,100.0,98.12284264023141,7.001822203051971,33.5097650000007,4589.600098
2001-08-16,4687.330078,0.0,4579.541992199969,4391.2315186,4743.5116745545365,4038.9513626454623,78.45525519920265,4519.270144211342,4515.99276928117,3.2773749301723,-51.225505699928725,54.502880630101025,1.3891128894420428,2.8440866896110863,3.9502734356439633,6.863285414709099,0.75,0.625,0.0,100.0,99.99999999999984,7.680947294409562,64.22021499999937,4623.109863000001
2001-08-17,4638.359863000001,0.0,4611.8319335999695,4413.610522500001,4769.125372028768,4058.0956729712343,82.98347051745291,4537.5916394095975,4525.056998445527,12.534640964070604,-38.47347636712886,51.008117331199465,-1.0447357917002953,1.068014992262015,2.327502236157937,5.59369853797638,0.6666666666666666,0.625,14.646388708400911,82.716196125143,94.23873204171419,6.518280813874881,-48.97021499999937,4687.330078
2001-08-20,4550.359863000001,0.0,4617.75195299997,4430.112011750001,4778.417204019852,4081.806819480151,60.571645417785824,4539.555981500429,4526.931284708821,12.624696791607676,-28.253841735381553,40.87853852698923,-1.8972223501236345,-1.1132404990055682,0.2751994879892126,3.4121475110628503,0.5833333333333334,0.625,41.1556717435503,42.64470426953317,75.12030013155858,1.3400306621906655,-88.0,4638.359863000001
2001-08-21,4562.72998,0.0,4612.3779293999705,4450.65200195,4777.685873005503,4123.618130894498,56.642735026047575,4543.1212120388245,4529.583039915576,13.538172123248842,-19.895438963655472,33.433611086904314,0.2718492025341487,-0.9949187820872981,0.4886530558633488,3.5063238207103304,0.5833333333333334,0.625,43.97701044645175,47.82460209443947,57.72850082970507,0.7073949772437044,12.370116999999482,4550.359863000001
2001-08-22,4487.52002,0.0,4585.25996079997,4472.989501950001,4737.124519013553,4208.8544848864485,34.16284103173398,4534.56718249439,4526.46726066257,8.099921831820211,-14.296366804560336,22.396288636380547,-1.648354391552229,-2.26607232077192,-1.198201883806185,1.543300793568867,0.5833333333333334,0.625,70.52200719755565,5.042233596113591,31.837179986695265,0.37555477685100236,-75.20996000000014,4562.72998
2001-08-23,4459.759765999999,0.0,4539.7458983999695,4489.1579834,4700.938508803869,4277.377457996132,24.196805314602294,4523.058349187561,4521.5259647616385,1.532384425922828,-11.130616558463702,12.66300098438653,-0.6186101427130951,-2.2913153036713148,-1.909751354207515,0.6598676571929766,0.5833333333333334,0.625,80.31985647496302,0.0,17.622278563517543,1.2661163941870848,-27.760254000000714,4487.52002
2001-08-24,4310.319824,0.0,4474.13789059997,4489.6534668,4699.613183136742,4279.693750463259,3.0790546295489554,4490.3293453125525,4505.881065445961,-15.551720133408708,-12.014837273452704,-3.5368828599560036,-3.350851835995488,-4.247207513966054,-4.841188276527311,-2.795360095035988,0.5,0.5833333333333334,100.0,0.0,1.6807445320377188,-4.514305610774689,-149.43994199999906,4459.759765999999
2001-08-27,4384.549805,0.0,4440.97587899997,4492.85146485,4693.720298270653,4291.982631429348,20.280566377218477,4474.055569879852,4496.893564672187,-22.83799479233494,-14.179468777229152,-8.658526015105787,1.7221455490769981,-1.6742157439911782,-3.088360642524928,-1.337013361750114,0.5833333333333334,0.625,80.3108853904012,19.6891146095988,6.563038203199455,-1.4380111747816813,74.2299809999995,4310.319824
2001-08-28,4368.379883,0.0,4402.105859599969,4493.62146,4692.339272992459,4294.903647007542,24.382019000970157,4457.797771898337,4487.374032696469,-29.576260798132353,-17.258827181409796,-12.317433616722557,-0.36879321068631454,-1.3659595768911095,-3.252362192814194,-2.00189389198339,0.5,0.625,84.59987271327653,15.400127286723475,11.696413965440613,-2.424222716521281,-16.169922000000042,4384.549805
2001-08-29,4508.689941,0.0,4406.3398437999695,4501.329956050001,4688.98085475901,4313.679057340992,44.40718393848207,4465.627336375515,4488.9529888671,-23.32565249158506,-18.472192243444848,-4.8534602481402125,3.211947260952077,2.009562959592437,-0.12263027980615965,0.7949873550376791,0.5,0.625,47.38336294694001,60.47131246682946,31.85351812105043,-0.2669866488101192,140.31005800000003,4368.379883
2001-08-30,4503.859863000001,0.0,4415.15986319997,4502.01345215,4689.593072376442,4314.4338319235585,51.97943423179967,4471.509263548513,4490.057201765833,-18.547938217319825,-18.487341438219843,-0.06059677909998129,-0.10712819163004512,1.8375346624251665,-0.07146235616666508,0.49655549449091907,0.4166666666666667,0.5833333333333334,48.66451589934726,76.67680336919585,50.849414374249456,-1.8681417371714397,-4.830077999999048,4508.689941
2001-08-31,4509.439941,0.0,4454.98388659997,4500.951440400001,4688.087673039901,4313.815207760101,56.36011976329623,4477.344752387204,4491.492960227623,-14.148207840419673,-17.61951471865981,3.4713068782401386,0.12389546233088575,1.773165870139494,0.26306660778175345,0.44470647438425565,0.4166666666666667,0.5833333333333334,47.18442936567991,78.88752186342278,72.01187923314922,-2.4587328739412424,5.580077999999048,4503.859863000001
2001-09-03,4454.77002,0.0,4469.02792959997,4500.1534424,4687.967183473944,4312.3397013260565,74.41769117322353,4473.871716635326,4488.772742432984,-14.901025797657894,-17.07581693445943,2.1747911368015345,-1.2123439210918123,-0.004000544046083238,-0.5238279413480216,-0.8666810515406088,0.3333333333333333,0.5416666666666666,61.68534026132885,72.54425026276986,76.03619183179602,-4.961461090430168,-54.669920999999704,4509.439941
2001-09-04,4493.529785,0.0,4494.0579099999695,4504.629931650001,4686.982462164403,4322.277401135599,70.93194040367796,4476.896034845276,4489.125115956467,-12.22908111119159,-16.106469769805862,3.8773886586142723,0.8700733107654296,0.45646553867314643,0.6128471257688066,-0.1328699725408425,0.4166666666666667,0.5416666666666666,51.40451511432905,92.00976966079224,81.1471805956615,-3.122441601724442,38.75976499999979,4454.77002
2001-09-05,4424.910156,0.0,4477.301952999969,4500.17043455,4685.8792796019825,4314.461589498018,59.0370492900542,4468.898207330618,4484.368452255988,-15.470244925370025,-15.979224800918695,0.5089798755486701,-1.5270763137936965,-1.2855036355161091,-0.6911310313069425,-1.5984326757127612,0.4166666666666667,0.5,65.06818730136793,57.548345052448944,74.03412165867023,-2.75691837078778,-68.6196289999998,4493.529785
2001-09-06,4338.259765999999,0.0,4444.181933599969,4494.657421850001,4692.942896518581,4296.371947181421,17.112371883059737,4448.799985587446,4473.545586607396,-24.7456010199503,-17.73250004472502,-7.0131009752252815,-1.9582406635422025,-2.6013729854378327,-2.225362158944142,-3.3530561912570587,0.3333333333333333,0.4583333333333333,88.93073779487737,0.0,49.8527049044136,-4.919647118806729,-86.6503900000007,4424.910156
2001-09-07,4302.160156,0.0,4402.725976599969,4485.919921850001,4702.092230678987,4269.747613021014,15.269624521874764,4426.240011804762,4460.850369525367,-34.61035772060495,-21.108071579901008,-13.502286140703944,-0.8321219094098689,-2.677325410339144,-2.7002338046432777,-4.007072965919312,0.3333333333333333,0.4583333333333333,100.0,0.0,19.182781684149518,-4.130563499970749,-36.0996099999993,4338.259765999999
2001-09-10,4289.100098,0.0,4369.591992199968,4474.33693845,4706.856609141237,4241.817267758764,13.012773312995552,4405.141563527106,4448.128127190154,-42.9865636630484,-25.48376999653049,-17.50279366651791,-0.303569777191717,-2.15996359849467,-2.6825913008977174,-4.196138792273644,0.3333333333333333,0.4583333333333333,100.0,0.0,0.0,-3.8266560746402174,-13.060058000000026,4302.160156
2001-09-11,4176.930176,0.0,4306.2720703999685,4453.703442349999,4714.657562194277,4192.7493225057215,10.907202070881581,4370.0321192921665,4428.039390064958,-58.007270772791344,-31.988470151782668,-26.018800621008676,-2.6152320868497494,-3.701491441189192,-4.988036106914311,-6.407939226435606,0.3333333333333333,0.4166666666666667,100.0,0.0,0.0,-3.0946577851899164,-112.16992200000004,4289.100098
2001-09-13,3952.48999,0.0,4211.788037199969,4420.1724487,4752.149251601907,4088.1956457980928,0.0,4305.794868631833,4392.813508578664,-87.01863994683117,-42.99450411079238,-44.024135836038795,-5.373328653890331,-6.941299600573307,-9.350925597696044,-11.024901012386962,0.25,0.4166666666666667,100.0,0.0,0.0,-9.854143166700775,-224.4401859999998,4176.930176
2001-09-14,3774.6201170000004,0.0,4099.06010739997,4374.53695065,4791.847507564479,3957.226393735521,0.0,4224.075676073089,4347.021405498763,-122.94572942567356,-58.98474917376863,-63.960980251904935,-4.500197937250175,-8.801958214327753,-12.436637962867742,-14.465521114113104,0.25,0.375,100.0,0.0,0.0,-13.592219127065311,-177.86987299999964,3952.48999
2001-09-18,3774.6201170000004,0.0,3993.55209959997,4331.34996335,4808.225504899385,3854.4744218006144,0.0,4154.928666984922,4304.62131005441,-149.69264306948844,-77.1263279529126,-72.56631511657584,0.0,-6.683993636100258,-11.176161204870825,-13.858661191005186,0.16666666666666666,0.3333333333333333,100.0,0.0,0.0,-16.281222120081896,0.0,3774.6201170000004
2001-09-19,3781.169922,0.0,3891.9660643999705,4292.890466299999,4817.113987047138,3768.666945552861,1.2263489136857022,4097.427321602626,4265.847133161491,-168.41981155886515,-95.38502467410312,-73.03478688476203,0.1735222299722526,-4.471405108440843,-9.742920823176568,-13.040711124824591,0.25,0.3333333333333333,99.1086515651761,1.0072128753612442,0.33573762512028443,-16.046013041769466,6.549804999999651,3774.6201170000004
2001-09-20,3698.8400880000004,0.0,3796.3480467999702,4249.695971699999,4820.589292940543,3678.8026504594554,1.08555574202988,4036.1062087406835,4223.846611297677,-187.7404025569931,-113.85610025068112,-73.88430230631198,-2.1773640354266965,-4.169625738025871,-10.261171933828923,-14.173986772887558,0.16666666666666666,0.2916666666666667,100.0,0.0,0.33573762512028443,-17.975621443141854,-82.32983399999966,3781.169922
2001-09-21,3591.850098,0.0,3724.2200683999704,4204.9124756,4834.73380536225,3575.0911458377504,1.0949561028892139,3967.759114780578,4177.032054757108,-209.27293997653032,-132.939468195851,-76.33347178067933,-2.892528129212827,-4.529584035865481,-11.309570258078383,-15.764369020503388,0.16666666666666666,0.25,100.0,0.0,0.33573762512028443,-19.370695190231167,-106.98999000000049,3698.8400880000004
2001-09-24,3533.51001,0.0,3675.9980469999705,4158.599987799998,4843.342430217369,3473.857545382628,1.5158792851103338,3900.95156019895,4129.36375514547,-228.41219494652023,-152.03401354598486,-76.37818140053537,-1.624235043452527,-4.304071598866374,-10.99183411411016,-16.228138533952077,0.08333333333333333,0.25,100.0,0.0,0.0,-21.364491189191035,-58.34008799999992,3591.850098
2001-09-25,3493.780029,0.0,3619.830029399971,4117.77299805,4859.4315684118255,3376.1144276881737,2.2282818702493388,3838.3097861683427,4082.283479134695,-243.97369296635225,-170.42194943005836,-73.55174353629388,-1.1243772024859766,-4.165217422528302,-10.238157824370825,-16.296421448905793,0.08333333333333333,0.25,100.0,0.0,0.0,-21.04291599542253,-39.72998099999995,3533.51001
2001-09-26,3625.530029,0.0,3588.702050799971,4079.822009249999,4841.413216220844,3318.2308022791535,32.488407788529514,3805.574438911675,4048.4498902358287,-242.8754513241538,-184.91264980887746,-57.96280151527634,3.7709872661247616,0.13118719248876043,-5.409853411266278,-12.319672169141628,0.16666666666666666,0.25,85.85052763522063,28.721852848536678,9.573950949512096,-16.4289317708874,131.75,3493.780029
2001-09-27,3567.6298829999996,0.0,3562.460009799971,4039.78450925,4821.431305323534,3258.1377131764666,27.618226821417785,3768.967584156032,4012.8335934035454,-243.86600924751338,-196.70332169660466,-47.162687550908714,-1.5970118999668172,-0.4897966278352717,-5.409872169590288,-12.912683284401647,0.16666666666666666,0.25,91.25498804005055,25.69674710168029,18.13953331673886,-17.073522285672908,-57.900146000000404,3625.530029
2001-09-28,3636.9399409999996,0.0,3571.4779783999716,3996.1970092500005,4764.863616841692,3227.5304016583086,43.33001681868356,3748.655639055104,3984.989619151431,-236.33398009632674,-204.6294533765491,-31.704526719777647,1.9427479944112809,1.7361904485831439,-2.16246647590125,-10.471541045536354,0.25,0.2916666666666667,82.29052060801098,49.813829743831526,34.74414323134937,-15.205057986501677,69.31005800000003,3567.6298829999996
2001-10-02,3492.1201170000004,0.0,3563.1999997999724,3945.6100219500004,4706.733949098044,3184.486094801957,40.063767886449206,3709.1886356620116,3948.480767140213,-239.29213147820155,-211.5619889968796,-27.730142481321963,-3.981914091223077,-1.8585405793045011,-4.593616847025424,-13.308963487935427,0.25,0.2916666666666667,100.0,0.0,25.170192281837142,-16.395056420497834,-144.81982399999924,3636.9399409999996
2001-10-03,3446.26001,0.0,3553.6959959999717,3892.4510254,4636.07648755027,3148.82556324973,41.08547935934854,3668.738077867856,3911.279229574271,-242.5411517064149,-217.75782153878671,-24.78333016762818,-1.3132454057564829,-2.749942615471981,-4.748730675097351,-13.608975237351801,0.25,0.25,100.0,0.0,16.60460991461038,-12.807875068141541,-45.860107000000426,3492.1201170000004
2001-10-04,3493.6599119999996,0.0,3527.321972599971,3844.3955200000005,4558.655461073399,3130.1355789266017,49.98791676816164,3641.802975426647,3880.3444653095103,-238.54148988286306,-221.914555207602,-16.626934675261055,1.375401213560774,-1.411807191207938,-2.8097035801885957,-11.61320885619282,0.3333333333333333,0.2916666666666667,90.63668611645646,24.85835911069201,8.286119703563871,-7.443403476143788,47.399901999999656,3446.26001
2001-10-05,3585.459961,0.0,3530.887988199972,3798.9920288000003,4452.361802513238,3145.6222550867624,45.616830333091066,3633.1348193610092,3858.501168693991,-225.36634933298183,-222.60491403267795,-2.761435300303873,2.6276183518803937,1.369753018488877,0.1834120905538436,-8.399276299640713,0.4166666666666667,0.2916666666666667,58.43659861580925,73.00188869902638,32.62008260323933,-5.011369360007052,91.8000490000004,3493.6599119999996
2001-10-08,3520.350098,0.0,3507.5700195999716,3753.7640259,4347.182963640112,3160.345088159888,44.90848534777434,3615.7833237670075,3833.452941235177,-217.6696174681697,-221.61785471977632,3.9482372516066278,-1.8159417120318564,-0.24883104343844226,-1.0348351275906515,-9.11114095347548,0.3333333333333333,0.2916666666666667,77.87760668009136,38.85573463942571,45.57199414971458,-6.89786043421299,-65.10986300000013,3585.459961
2001-10-09,3618.929932,0.0,3532.9319825999714,3717.7975342,4245.626625678937,3189.968442721063,48.17553494316962,3616.267417341314,3817.5623479584974,-201.29493061718358,-217.55326989925777,16.25833928207419,2.800284950522558,2.6317783765323846,1.9272843687687116,-5.66226578275783,0.4166666666666667,0.2916666666666667,48.44287499021528,90.55484816595636,67.47082383480269,-2.1604112126731216,98.57983400000012,3520.350098
2001-10-11,3789.929932,0.0,3601.6659669999717,3692.1860229999998,4145.006721927344,3239.3653240726553,78.64934635707516,3642.9847272888037,3815.515502331942,-172.53077504313842,-208.5487709280339,36.01799588489547,4.725153656276979,5.989346598017278,6.249539971928532,-0.4860496863763605,0.5,0.3333333333333333,0.0,100.0,76.47019426846055,5.51470213387508,171.0,3618.929932
2001-10-12,3801.5,0.0,3663.233984599972,3667.8060181,4028.4273300185896,3307.1847061814105,86.58799878670055,3667.3716923212955,3814.4773169740206,-147.10562465272506,-196.26014167297214,49.154517020247084,0.30528448302721795,4.581283634760936,5.910811769804523,0.5792594785102124,0.5833333333333334,0.3333333333333333,0.0,100.0,96.85161605531864,7.584243124869484,11.570067999999992,3789.929932
2001-10-15,3712.820068,0.0,3688.706005999972,3644.6005127,3915.9618632857105,3373.2391621142892,70.80345727318631,3674.363750118019,3806.9471503833524,-132.58340026533324,-183.52479339144438,50.94139312611114,-2.3327615941075894,1.125473374409598,2.9167890429577055,-0.9897711733577109,0.5833333333333334,0.3333333333333333,24.963386582687384,75.03661341731261,91.67887113910406,6.269428446606991,-88.67993200000001,3801.5
2001-10-16,3794.860107,0.0,3743.6080077999723,3636.7190185500003,3877.9070097658428,3395.531027334158,70.25225859142763,3692.9016511767854,3806.0518138364373,-113.15016265965187,-169.4498672450859,56.29970458543403,2.2096421991220496,2.386730791798502,4.7810384999710855,1.8127334134720172,0.5833333333333334,0.375,1.8691288106386976,98.1308711893613,91.0558282022245,4.670491670060857,82.04003899999998,3712.820068
2001-10-17,3817.1298829999996,0.0,3783.2479979999725,3638.8445068500005,3885.828988273682,3391.8600254263188,81.29666392864773,3712.013686841895,3806.872411552257,-94.85872471036191,-154.5316387381411,59.6729140277792,0.5868404993090734,1.6312695989089532,4.7943275099535985,2.968512721220015,0.6666666666666666,0.4166666666666667,0.0,100.0,91.0558282022245,6.9934384502407205,22.269775999999638,3794.860107
2001-10-18,3811.1999509999996,0.0,3787.5020017999727,3640.6734985500007,3892.387963102433,3388.9590339975684,75.1998933800965,3727.2731120969875,3807.192970029868,-79.9198579328804,-139.60928257708898,59.68942464420857,-0.15535054299329978,0.6149384416497065,4.216047231151818,3.3637662925737914,0.5833333333333334,0.4166666666666667,1.5989252381252368,98.00190838469675,98.71092652468589,4.791390917279928,-5.929932000000008,3817.1298829999996
2001-10-19,3845.6201170000004,0.0,3796.326025199973,3643.8960083000006,3904.6709648948354,3383.121051705166,61.36952447490361,3745.4803436205284,3810.039425360989,-64.55908174046044,-124.59924240976326,60.04016066930282,0.9031319910404981,1.2754637944522176,4.316952669016053,4.689228708818466,0.6666666666666666,0.4583333333333333,0.0,100.0,99.33396946156546,10.12279040114129,34.42016600000079,3811.1999509999996
2001-10-22,3900.6201170000004,0.0,3833.8860349999727,3653.9850097500007,3938.2642099914083,3369.705809508593,67.18807142315003,3769.348001063524,3816.7491062231375,-47.40110515961351,-109.15961495973333,61.758509800119825,1.4301984680407265,2.278929971756572,4.733190583897731,6.249004603467686,0.75,0.5,0.0,100.0,99.33396946156546,13.184150519159477,55.0,3845.6201170000004
2001-10-23,3874.419922,0.0,3849.7979979999727,3668.1135009500003,3967.0971021675127,3369.129899732488,85.77432407851313,3785.512911976828,3821.0210185029055,-35.50810652607743,-94.42931327300215,58.921206746924724,-0.6716930696689104,0.8794946770915237,3.1508974655849036,5.415934213765962,0.6666666666666666,0.5,5.766394231437295,86.04888809161051,95.34962936387005,10.898599737546535,-26.20019500000035,3900.6201170000004
2001-10-24,3986.669922,0.0,3883.7060057999724,3690.7714965500004,4014.46744513196,3367.0755479680406,87.45260345128418,3816.4601442880858,3833.2913076508385,-16.831163362752704,-78.90968329095227,62.07851992819957,2.8972078984679555,2.94529883201909,5.202943244444874,8.20992127980894,0.6666666666666666,0.5416666666666666,0.0,100.0,95.34962936387005,11.189916087867868,112.25,3874.419922
2001-10-25,4012.1999509999996,0.0,3923.9060057999727,3716.6924926500005,4056.591307663518,3376.793677636483,87.61034700755116,3846.5739607053033,3846.5437997507765,0.030160954526763817,-63.12171444185647,63.15187539638323,0.6403848198998091,2.741996201349515,4.743732886006319,8.619076153619469,0.75,0.5416666666666666,0.0,100.0,95.34962936387005,13.971617575179016,25.53002899999956,3986.669922
2001-10-26,4043.570068,0.0,3963.4959959999733,3737.5944946000004,4104.250421623996,3370.9385675760054,90.79954055775859,3876.8810541352564,3861.138338139608,15.742715995648268,-47.34882835435552,63.09154435000379,0.7818682364567028,2.528495034663344,4.596412924387794,9.044306396510672,0.75,0.5833333333333334,0.0,100.0,99.99999999999989,11.73385901299622,31.37011700000039,4012.1999509999996
2001-10-29,4065.100098,0.0,3996.3919921999723,3762.46800535,4147.605526168383,3377.3304845316165,90.36333704282008,3905.8378301144476,3876.2466166477857,29.591213466661884,-31.96081999015204,61.55203345681392,0.5324510182322355,2.127159244691635,4.533287852583858,9.045053620605678,0.75,0.625,0.0,100.0,99.99999999999989,7.260560773871318,21.530029999999897,4043.570068
2001-10-30,3915.610107,0.0,4004.6300291999723,3776.4015136499997,4162.579595699289,3390.223431600711,52.04574271758363,3907.3412573276096,3879.1624307479497,28.178826579659926,-19.932890676189643,48.11171725584957,-3.6773999999052407,-1.690169439196661,0.44356941010124146,4.5883636818495885,0.6666666666666666,0.625,42.43498872189831,41.12252680184555,80.37417560061506,3.0017126660528732,-149.48999099999992,4065.100098
2001-10-31,3903.48999,0.0,3987.9940427999727,3796.9700073,4162.672931667395,3431.267082932605,54.125868540842305,3906.748754661824,3880.964472174028,25.78428248779619,-10.789456043392475,36.57373853118867,-0.3095332954201085,-2.113544539164396,-0.2738109659109336,3.7913563257585814,0.6666666666666666,0.625,45.87546674161459,26.366811559000354,55.829779453615174,5.135447409459544,-12.120116999999937,3915.610107
2001-11-01,3929.6899409999996,0.0,3971.492040799973,3821.1415038500004,4151.433349572901,3490.8496581271,39.2991416192221,3910.2781679446202,3884.5737661611365,25.704401783483718,-3.4906844780172346,29.195086261500954,0.671192985434032,-1.2213014643146523,0.10818146427503054,4.137079761077259,0.6666666666666666,0.625,38.43821547307132,28.985718473429372,32.15835227809163,3.5529592711808404,26.1999509999996,3903.48999
2001-11-02,3998.4799799999996,0.0,3962.4740231999726,3846.3825072500003,4147.136968384086,3545.6280461159145,47.78352824890333,3923.8476774916016,3893.011263482533,30.83641400906845,3.3747352193999047,27.461678789668543,1.750520779827601,0.5656440071498728,1.469948282653891,5.45832234465961,0.6666666666666666,0.6666666666666666,24.65220552793768,65.06185414890726,40.13812806044553,4.750954317998511,68.79003899999998,3929.6899409999996
2001-11-05,4080.51001,0.0,3965.556005599973,3871.1350097000004,4162.821323847265,3579.4486955527354,55.12826601991884,3947.949574800586,3906.900059520864,41.04951527972207,10.909691231464341,30.13982404825773,2.05153034178754,2.4701079605628067,2.965220967767858,7.099765783787228,0.75,0.6666666666666666,0.0,100.0,64.68252420744541,7.0662799764503985,82.03003000000035,3998.4799799999996
2001-11-06,4082.919922,0.0,3999.0179685999733,3899.2635009000005,4154.776548170803,3643.7504536291985,52.612570652994314,3968.714243600496,3919.938567852652,48.77567574784416,18.482888134740307,30.292787613103854,0.059059088057477324,2.454213315491223,2.514493743254018,6.475077016510635,0.75,0.7083333333333334,0.0,100.0,88.35395138296896,6.17065122867932,2.4099120000000767,4080.51001
2001-11-07,4158.149902,0.0,4049.949950999973,3926.2244994000002,4170.747755130352,3681.7012436696486,95.4568874419007,3997.8581910465737,3937.5838518635665,60.274339183007214,26.841178344393693,33.43316083861352,1.8425534038676175,3.294215084188713,3.8438249390340853,7.6045805401245685,0.75,0.75,0.0,100.0,99.99999999999989,6.602278029526958,75.22998000000007,4082.919922
2001-11-08,4135.029785,0.0,4091.017919799973,3943.4794920500003,4196.078175249188,3690.880808850813,91.67682533433664,4018.961513193254,3952.2094765403394,66.75203665291474,34.823350006097904,31.928686646816836,-0.5560193245770193,1.7445274389388774,2.7093754494864983,6.271351393479496,0.75,0.7083333333333334,8.148633782020633,90.92117922352836,96.97372640784268,6.726422748349674,-23.12011700000039,4158.149902
2001-11-09,4123.779785,0.0,4116.077880799972,3959.593481300001,4215.15715410167,3704.029808498332,86.92306555568565,4035.0874011635224,3964.918388278092,70.16901288543022,41.89248258196437,28.276530303465847,-0.272065754902416,0.6664640404765236,2.1400605774119703,5.374783437746526,0.6666666666666666,0.6666666666666666,12.113671244751924,86.50352278453612,92.47490066935472,3.4392078020649253,-11.25,4135.029785
2001-11-12,4172.629883,0.0,4134.5018553999735,3982.5839720500007,4227.168214002471,3737.99973009753,85.84952134141194,4056.2477829845184,3980.3044249241593,75.94335806035906,48.702657677643316,27.240700382715744,1.1845952147515049,1.1423253370491164,3.008908524101444,5.8876723221327785,0.6666666666666666,0.7083333333333334,0.0,100.0,92.47490066935472,3.9985527630549544,48.85009799999989,4123.779785
2001-11-13,4136.540039,0.0,4145.225878799973,3999.6679686500006,4236.656467793239,3762.6794695067615,64.2244333434743,4068.6004377561308,3991.8774333742217,76.72300438190905,54.306727018496474,22.416277363412576,-0.8649184090598427,0.04107742247700608,1.9230265345345314,4.400444618677424,0.5833333333333334,0.6666666666666666,13.409325387522255,85.14454078531098,90.54935452328228,2.2992051438837695,-36.089843999999175,4172.629883
2001-11-14,4277.700195,0.0,4169.135937399973,4022.6964842499997,4274.072642735484,3771.320325764516,79.01104555509725,4100.769631178265,4013.049489790946,87.72014138731856,60.98940989226089,26.730731495057675,3.412517579163215,2.64908052841419,4.943056436988024,7.412164853372826,0.5833333333333334,0.6666666666666666,0.0,100.0,95.04818026177024,5.229885903783727,141.16015599999992,4136.540039
2001-11-15,4403.589844,0.0,4222.847949199973,4052.3159788999997,4336.2563175811765,3768.3756402188224,81.76312615121955,4147.3573562277625,4041.978404917543,105.37895131021969,69.86731817585266,35.51163313436703,2.942928285323645,4.642785929156499,6.964360520187975,9.88105269419952,0.6666666666666666,0.6666666666666666,0.0,100.0,95.04818026177024,12.462418975975947,125.88964899999974,4277.700195
2001-11-16,4446.620117,0.0,4287.416015599973,4082.3659789,4399.473821975676,3765.2581358243233,88.34768954893613,4193.397780961953,4071.9518650717987,121.44591589015408,80.18303771871295,41.26287817144113,0.9771635080553679,4.377242569291055,6.835035133807685,10.114676688821115,0.75,0.7083333333333334,0.0,100.0,99.9999999999999,13.913962336047911,43.03027300000031,4403.589844
2001-11-19,4548.629883,0.0,4362.616015599973,4114.7664672,4482.124663765336,3747.408270634665,92.73889714126724,4248.048873583191,4107.2613478812955,140.7875257018959,92.30393531534955,48.483590386546354,2.294096714266253,5.026106036587946,7.948210591407499,11.771505703616544,0.75,0.7083333333333334,0.0,100.0,99.9999999999999,15.750350569452218,102.00976599999922,4446.620117
2001-11-20,4455.799805,0.0,4426.467968799973,4143.83546135,4522.936714053458,3764.7342086465414,76.1705000349292,4280.010555339623,4133.07901137157,146.93154396805312,103.22945704589027,43.70208692216285,-2.0408360404732444,1.7736536505371774,4.797348843962929,8.779118691757043,0.6666666666666666,0.6666666666666666,14.998236775612709,78.14992195200105,92.71664065066693,11.43734187209811,-92.83007799999996,4548.629883
2001-11-21,4533.370117,0.0,4477.601953199974,4171.1704711,4580.2133964214745,3762.127545778526,84.06323873234243,4318.988949441219,4162.730204381083,156.25874506013588,113.8353146487394,42.42343041139648,1.740884137410225,2.0044871926598287,5.68372182423628,9.865768303184435,0.6666666666666666,0.7083333333333334,2.7737469218456297,96.40819995762384,91.51937396987488,11.098125133627608,77.57031200000074,4455.799805
2001-11-22,4450.02002,0.0,4486.887988399973,4193.06147455,4612.999482282913,3773.1234668170864,66.4214156747965,4339.147575681031,4184.010931463966,155.13664421706562,122.09558056240466,33.04106365466096,-1.8385901624806702,-0.5138591286305231,3.006028108921275,7.191580319889003,0.5833333333333334,0.6666666666666666,21.065087958784385,76.07078542804373,83.54296911255612,8.991116774589534,-83.35009700000046,4533.370117
2001-11-23,4519.080078,0.0,4501.379980599973,4216.836975050001,4654.603466468344,3779.070483631657,62.34264078635837,4366.829499114719,4208.830868244413,157.99863087030553,129.27619062398486,28.722440246320673,1.551904433904098,0.5971778375537764,3.8813469594770487,8.18356902899011,0.5833333333333334,0.6666666666666666,6.3451090753027035,92.82928093709592,88.4360887742544,8.680066484048556,69.06005800000003,4450.02002
2001-11-26,4608.319824,0.0,4513.317968799973,4243.99796135,4708.703411335777,3779.292511364223,65.72770581939996,4403.981856789377,4238.422642744827,165.55921404455057,136.532795308098,29.02641873645257,1.974732566356621,1.9719523661747693,4.980929329634539,9.518184507848602,0.6666666666666666,0.7083333333333334,0.0,100.0,89.63335545504646,11.445867710962581,89.2397460000002,4519.080078
2001-11-27,4580.330078,0.0,4538.224023399973,4277.2339599,4738.115509983306,3816.3524098166936,53.60196713191353,4431.112352360242,4263.749119430395,167.36323292984707,142.69888283244782,24.66435009739925,-0.6073742072811523,1.2342488465092143,3.446716371902908,8.216841092869448,0.6666666666666666,0.6666666666666666,5.7765599841379,86.32845761036064,93.05257951581876,11.071160847644542,-27.989746000000196,4608.319824
2001-11-28,4447.580078,0.0,4521.066015599972,4304.438464299999,4735.712613025864,3873.164315574135,49.14370700660889,4433.645848612512,4277.3662274725875,156.27962113992453,145.41503049394316,10.864590645981366,-2.8982627395701854,-1.670012652571466,-0.0685654394873781,4.631976681320835,0.5833333333333334,0.625,33.17367669589015,0.593668979251501,62.307375529870626,6.589374152742231,-132.75,4580.330078
2001-11-29,4465.830078,0.0,4524.228027199972,4331.24547115,4729.8551850011445,3932.6357572988563,41.97174594909259,4438.59726851828,4291.32651269684,147.2707558214397,145.78617555944248,1.4845802619972233,0.4103355011025841,-1.0201989364638286,-0.27338618844043516,4.628248606397867,0.6666666666666666,0.625,30.202596747548284,11.353756898433806,32.75862782934856,7.960518595139833,18.25,4447.580078
2001-11-30,4441.120117,0.0,4508.636034999972,4353.377478,4722.236071657024,3984.5188843429773,48.770729969301044,4438.985399053929,4302.422335237815,136.56306381611375,143.94155321077673,-7.378489394662978,-0.5533117151440254,-1.5354946228257609,-1.1258726707425109,3.668793317424903,0.5833333333333334,0.5833333333333334,35.44020161864287,0.0,3.9824752925616784,3.8202752542362313,-24.709960999999566,4465.830078
2001-12-03,4646.609863000001,0.0,4516.294042799973,4381.68247065,4749.256099331886,4014.1088419681146,62.79316954703537,4470.927624276401,4327.917707664643,143.00991661175794,143.75522589097298,-0.7453092792150358,4.62698014434272,2.537235995702511,2.984686928576833,7.699796504852434,0.5833333333333334,0.625,0.0,100.0,37.11791896614451,5.518679704721395,205.4897460000002,4441.120117
2001-12-04,4766.430176,0.0,4553.514062399973,4415.85798335,4793.436610174956,4038.279356525044,64.94399179012508,4516.389555310801,4360.400112726522,155.98944258427946,146.20206922963428,9.787373354645183,2.578660927703524,4.573223714305276,5.019987817676529,9.563914704002732,0.5833333333333334,0.6666666666666666,0.0,100.0,66.66666666666657,7.192205553546714,119.82031299999926,4646.609863000001
2001-12-05,4924.560059,0.0,4648.910058599973,4454.178491199999,4874.749985205158,4033.606997194841,76.11166135603608,4579.185017416832,4402.18973837641,176.99527904042225,152.3607111917919,24.634567848630354,3.3175747291173687,6.699484503882444,7.760291967607547,12.130333482738662,0.5833333333333334,0.6666666666666666,0.0,100.0,99.9999999999999,8.26469037203924,158.12988300000052,4766.430176
2001-12-06,5208.859863000001,0.0,4797.516015599974,4507.8699951,5020.90315026295,3994.8368399370497,96.95202048469476,4676.058070583474,4461.94308094112,214.11498964235398,164.71156688190433,49.403422760449644,5.773100553021404,9.839766153336392,12.437390776037644,17.257232209596392,0.6666666666666666,0.6666666666666666,0.0,100.0,99.9999999999999,16.900670832539817,284.2998040000002,4924.560059
2001-12-07,5333.930176,0.0,4976.078027399974,4568.377514649999,5168.700457816978,3968.054571483021,97.30687500420976,4777.269163724478,4526.534717612148,250.73444611233026,181.91614272798952,68.81830338434074,2.4011072727912866,9.147110018434939,13.50262657653764,18.677458613281694,0.6666666666666666,0.6666666666666666,0.0,100.0,99.9999999999999,17.659269778082393,125.07031299999926,5208.859863000001
2001-12-10,5321.279785,0.0,5111.012011799974,4625.81000975,5283.736110593603,3967.8839089063968,98.60287757460857,4860.963105459174,4585.40472260384,275.55838285533355,200.64459075345835,74.9137921018752,-0.23716829022098035,5.714944877080366,11.510609252379933,17.052188858845167,0.6666666666666666,0.625,1.4169185116674559,98.58308148833255,99.52769382944409,19.578783041070448,-12.650391000000127,5333.930176
2001-12-11,5273.970215,0.0,5212.520019599974,4682.68151855,5358.918203904558,4006.4448331954422,91.97624196888681,4924.502660773147,4636.409573892444,288.0930868807027,218.13428997890722,69.95879690179547,-0.8890637574321689,2.6429343017228266,9.081229572863597,14.837086227761477,0.5833333333333334,0.5833333333333334,6.715869786139988,93.28413021386001,97.28907056739742,16.704508970199317,-47.30956999999944,5321.279785
2001-12-12,5539.310059,0.0,5335.470019599974,4745.762011749999,5494.427613566971,3997.0964099330276,93.2840530806344,5019.088414346509,4703.291091307819,315.7973230386897,237.66689659086373,78.13042644782595,5.0311213977912095,5.170415930184316,12.759854681810713,19.097318061998763,0.5833333333333334,0.625,0.0,100.0,97.28907056739742,20.20237897012766,265.3398440000001,5273.970215
2001-12-13,5407.540039,0.0,5375.206054799974,4795.9595215,5581.734155877807,4010.1848871221923,77.87152095534398,5078.850202754738,4755.457680025759,323.3925227289792,254.81202181848684,68.58050091049236,-2.378816469858127,1.1231146357721473,8.55422354032448,14.942310499213985,0.5833333333333334,0.625,11.998836900657022,85.23916309300328,92.84109776895434,18.06005128261851,-131.77001999999993,5539.310059
2001-12-14,5486.72998,0.0,5405.766015599974,4847.96501465,5673.081633724238,4022.8483955757615,71.00842875770664,5141.600937715548,4809.625998542369,331.9749391731784,270.2446052894252,61.73033388375325,1.4644355923186838,1.7230286342189964,8.26192987181866,15.283834541778806,0.6666666666666666,0.625,4.787885682529799,93.1968627782229,92.81200862374197,23.364388808650478,79.18994099999964,5407.540039
2001-12-17,5456.149902,0.0,5432.740038999974,4893.341015600001,5748.417561697804,4038.264469502198,60.78079878238063,5189.993086067001,4857.516658057749,332.47642800925223,282.6909698333906,49.785458175861606,-0.5573461444515984,0.7754951123724373,5.933533155038345,13.331996966510982,0.5833333333333334,0.625,7.5724748351410645,86.47252427816181,88.30285004979591,22.17549272370681,-30.580077999999958,5486.72998
2001-12-18,5329.189941,0.0,5443.783984199974,4937.010522400001,5787.19588693461,4086.8251578653917,50.580647640401544,5211.407986825924,4892.455419757174,318.9525670687499,289.94328928046247,29.00927778828742,-2.326914826028921,-1.5934270169039404,2.0029157758475753,9.69657620177433,0.5833333333333334,0.5833333333333334,19.133312914643387,36.41398294101757,72.02778999913401,19.996527916472907,-126.95996100000048,5456.149902
2001-12-19,5221.959961,0.0,5380.3139645999745,4971.440014600001,5808.4691958621725,4134.410833337829,46.490866830923565,5213.031367468089,4916.863163552938,296.168203915151,291.1882722074002,4.979931707750836,-2.0121253171148714,-3.4188965281898533,-0.9584186582610114,6.740142920512908,0.5,0.5416666666666666,28.897560054324444,0.0,40.96216907305971,12.382147737028529,-107.22998000000007,5329.189941
2001-12-20,5309.100098,0.0,5360.625976399974,5014.3940185,5826.560631038819,4202.227405961181,29.55034793577429,5227.811172165307,4945.917751289757,281.89342087554996,289.32930194103017,-7.435881065480203,1.6687247250228452,-1.1054390792654638,-0.16200395262771203,7.72999199491245,0.5,0.5416666666666666,25.78804866757311,27.45867656861417,21.290886503210498,11.385248539514114,87.14013700000032,5221.959961
2001-12-21,5109.240234000001,0.0,5285.128027199974,5043.9020263,5822.485738519991,4265.318314080009,26.361431514035495,5209.569489370644,4958.015712971997,251.55377639864673,281.7741968325535,-30.22042043390678,-3.7644772242152422,-3.938688061811333,-4.197644452871931,3.18543638102503,0.4166666666666667,0.5,55.645105333916334,0.0,9.152892189537972,3.7501862661311973,-199.8598639999991,5309.100098
2001-12-24,5164.72998,0.0,5226.844042799974,5071.7225341,5824.094609155751,4319.35045904425,23.487458083959375,5202.671103313621,4973.327880899997,229.34322241362406,271.2880019487676,-41.94477953514354,1.0860664885306561,-1.9056131149759379,-3.090342253093491,3.6875401918244513,0.4166666666666667,0.5416666666666666,60.932099064660484,12.90249693756109,13.453724502058336,-0.8472081062012727,55.489745999999286,5109.240234000001
2001-12-25,5372.810059,0.0,5235.568066399974,5111.346533149999,5837.778141480341,4384.914924819657,44.69010476170347,5228.846327265372,5002.919153351849,225.9271739135229,262.21583634171867,-36.28866242819578,4.0288665584797965,2.3164039094649174,0.75276656116197,7.1128325513197375,0.4166666666666667,0.5416666666666666,38.71464360467517,69.82171775336118,27.574738230307343,0.7289162346920178,208.0800790000003,5164.72998
2001-12-26,5392.430176,0.0,5269.662109399974,5158.5890380499995,5823.558164270013,4493.619911829986,54.66772771606249,5254.013073224545,5031.771821696156,222.2412515283895,254.22091937905284,-31.979667850663333,0.3651742158115901,2.4843326819176923,1.0083821364820797,6.668942072526034,0.5,0.5833333333333334,34.15256650475319,75.01924091999034,52.58115187030412,1.3370917124215849,19.620116999999482,5372.810059
2001-12-27,5332.97998,0.0,5274.438085799974,5201.94653315,5784.729960595674,4619.163105704325,58.81614847302491,5266.161828113077,5054.08353712607,212.07829098700677,245.79239370064366,-33.71410271363689,-1.1024750262802434,0.9992943713270073,-0.1971403154225286,4.789979813054089,0.5,0.5416666666666666,47.97594878924614,64.49510251181576,69.77868706172234,1.118886959811922,-59.45019599999978,5392.430176
2001-12-28,5398.279785,0.0,5332.245995999974,5249.804516550001,5714.824191169056,4784.784841930946,57.33627141477524,5286.487667634142,5079.579555487103,206.908112147039,238.01553738992274,-31.10742524288375,1.2244524683177163,1.949006394394519,1.2475821520461898,5.391452779979691,0.5,0.5416666666666666,32.79241318546372,100.0,79.8381144772686,-2.545989888593825,65.29980499999965,5332.97998
