round_epochs,val_loss,val_acc,loss,acc,batch_size,epochs,lr,lstm1_nodes,lstm2_nodes,lstm3_nodes,lstm_layers,optimizer
20,0.0035517639480531216,0.0,0.00044057914852257355,0.0049751243,64,20,0.1,30,30,30,1,Adam
20,0.022888902574777603,0.0,0.005513893739223036,0.0049751243,64,20,0.1,30,30,30,2,Adam
20,0.006054087541997433,0.0,0.0014683631357658117,0.0049751243,64,20,0.1,30,30,50,1,Adam
20,0.033841460943222046,0.0,0.012243302024678509,0.0049751243,64,20,0.1,30,30,50,2,Adam
20,0.008434451185166836,0.0,0.0016896511197544227,0.0049751243,64,20,0.1,30,30,70,1,Adam
20,0.014151887968182564,0.0,0.008814332038349477,0.0049751243,64,20,0.1,30,30,70,2,Adam
20,0.0014937485102564096,0.0,0.0007854151733240474,0.0049751243,64,20,0.1,30,50,30,1,Adam
20,0.03878426551818848,0.0,0.012969507997976014,0.0049751243,64,20,0.1,30,50,30,2,Adam
20,0.005301150027662516,0.0,0.0013687502736438864,0.0049751243,64,20,0.1,30,50,50,1,Adam
20,0.0018419701373204589,0.0,0.0035507999052437236,0.0049751243,64,20,0.1,30,50,50,2,Adam
20,0.0037819717545062304,0.0,0.001174412678176565,0.0049751243,64,20,0.1,30,50,70,1,Adam
20,0.013047762215137482,0.0,0.021843386471123244,0.0049751243,64,20,0.1,30,50,70,2,Adam
20,0.005616478156298399,0.0,0.00041986194532480444,0.0049751243,64,20,0.1,30,70,30,1,Adam
20,0.015140244737267494,0.0,0.01773348639705288,0.0049751243,64,20,0.1,30,70,30,2,Adam
20,0.004725905600935221,0.0,0.002486873466743907,0.0049751243,64,20,0.1,30,70,50,1,Adam
20,0.016451455652713776,0.0,0.022702526106540836,0.0049751243,64,20,0.1,30,70,50,2,Adam
20,0.000915763434022665,0.0,0.0008942069559918708,0.0049751243,64,20,0.1,30,70,70,1,Adam
20,0.15267843008041382,0.0,0.10171390710333686,0.0049751243,64,20,0.1,30,70,70,2,Adam
20,0.0051935636438429356,0.0,0.0012141714296512196,0.0049751243,64,20,0.1,50,30,30,1,Adam
20,0.0006304766866378486,0.0,0.001965363968664141,0.0049751243,64,20,0.1,50,30,30,2,Adam
20,0.0020661703310906887,0.0,0.0004528221721756295,0.0049751243,64,20,0.1,50,30,50,1,Adam
20,0.013736831024289131,0.0,0.022704931930523014,0.0049751243,64,20,0.1,50,30,50,2,Adam
20,0.009146245196461678,0.0,0.002087390848982208,0.0049751243,64,20,0.1,50,30,70,1,Adam
20,0.012979209423065186,0.0,0.005435634955800885,0.0049751243,64,20,0.1,50,30,70,2,Adam
20,0.0028550769202411175,0.0,0.0018038817592178338,0.0049751243,64,20,0.1,50,50,30,1,Adam
20,0.018073545768857002,0.0,0.013044734763454146,0.0049751243,64,20,0.1,50,50,30,2,Adam
20,0.004864376969635487,0.0,0.001302322353681188,0.0049751243,64,20,0.1,50,50,50,1,Adam
20,0.015137782320380211,0.0,0.019645925583456878,0.0049751243,64,20,0.1,50,50,50,2,Adam
20,0.0026032819878309965,0.0,0.0006285109050428282,0.0049751243,64,20,0.1,50,50,70,1,Adam
20,0.012361012399196625,0.0,0.023112006754202035,0.0049751243,64,20,0.1,50,50,70,2,Adam
20,0.0020663610193878412,0.0,0.0012020036706756523,0.0049751243,64,20,0.1,50,70,30,1,Adam
20,9.577585296938196e-05,0.0,0.0013915336220548372,0.0049751243,64,20,0.1,50,70,30,2,Adam
20,0.002407137304544449,0.0,0.0014005706260972355,0.0049751243,64,20,0.1,50,70,50,1,Adam
20,0.0006094557465985417,0.0,0.001091512587310663,0.0049751243,64,20,0.1,50,70,50,2,Adam
20,0.000165802106494084,0.0,0.0011291449526973551,0.0049751243,64,20,0.1,50,70,70,1,Adam
20,0.15267843008041382,0.0,0.10171390428620192,0.0049751243,64,20,0.1,50,70,70,2,Adam
20,0.007695005275309086,0.0,0.002532767401822838,0.0049751243,64,20,0.1,70,30,30,1,Adam
20,0.007662330754101276,0.0,0.0014880142210570364,0.0049751243,64,20,0.1,70,30,30,2,Adam
20,0.01754642277956009,0.0,0.003990566117031065,0.0049751243,64,20,0.1,70,30,50,1,Adam
20,0.002994853537529707,0.0,0.0011471695685411679,0.0049751243,64,20,0.1,70,30,50,2,Adam
20,0.0031638536602258682,0.0,0.0018735473149627522,0.0049751243,64,20,0.1,70,30,70,1,Adam
20,0.01964988373219967,0.0,0.02261925412721895,0.0049751243,64,20,0.1,70,30,70,2,Adam
20,0.0029484685510396957,0.0,0.0036123217690495115,0.0049751243,64,20,0.1,70,50,30,1,Adam
20,0.0015071030938997865,0.0,0.0007769242684885081,0.0049751243,64,20,0.1,70,50,30,2,Adam
20,0.00036065041786059737,0.0,0.0014432472812790256,0.0049751243,64,20,0.1,70,50,50,1,Adam
20,0.0210445374250412,0.0,0.022274004100863613,0.0049751243,64,20,0.1,70,50,50,2,Adam
20,0.017655253410339355,0.0,0.020031497591355845,0.0049751243,64,20,0.1,70,50,70,1,Adam
20,0.016274601221084595,0.0,0.022291373378082888,0.0049751243,64,20,0.1,70,50,70,2,Adam
20,0.00948875118046999,0.0,0.00192395981577276,0.0049751243,64,20,0.1,70,70,30,1,Adam
20,0.01749233528971672,0.0,0.02236630895466947,0.0049751243,64,20,0.1,70,70,30,2,Adam
20,0.0034434921108186245,0.0,0.003180669287025039,0.0049751243,64,20,0.1,70,70,50,1,Adam
20,0.01768295094370842,0.0,0.022429855114117783,0.0049751243,64,20,0.1,70,70,50,2,Adam
20,0.020057469606399536,0.0,0.02305770981871518,0.0049751243,64,20,0.1,70,70,70,1,Adam
20,0.15267843008041382,0.0,0.10171390754814764,0.0049751243,64,20,0.1,70,70,70,2,Adam
20,0.0012451023794710636,0.0,0.0016491181762722223,0.0049751243,64,20,0.01,30,30,30,1,Adam
20,0.0056752790696918964,0.0,0.0017778799134718986,0.0049751243,64,20,0.01,30,30,30,2,Adam
20,0.004704124294221401,0.0,0.00266038442716299,0.0049751243,64,20,0.01,30,30,50,1,Adam
20,0.00461524398997426,0.0,0.0021815017758826933,0.0049751243,64,20,0.01,30,30,50,2,Adam
20,0.006861611269414425,0.0,0.0020733740741377743,0.0049751243,64,20,0.01,30,30,70,1,Adam
20,0.0077898455783724785,0.0,0.0032985320683123903,0.0049751243,64,20,0.01,30,30,70,2,Adam
20,0.005605384707450867,0.0,0.0016219492837212127,0.0049751243,64,20,0.01,30,50,30,1,Adam
20,0.0033306186087429523,0.0,0.001376602265781686,0.0049751243,64,20,0.01,30,50,30,2,Adam
20,0.0026025245897471905,0.0,0.0013642029812737874,0.0049751243,64,20,0.01,30,50,50,1,Adam
20,0.0031380418222397566,0.0,0.001965576950205833,0.0049751243,64,20,0.01,30,50,50,2,Adam
20,0.009638281539082527,0.0,0.002418747767157371,0.0049751243,64,20,0.01,30,50,70,1,Adam
20,0.0008951241034083068,0.0,0.0005048804200284498,0.0049751243,64,20,0.01,30,50,70,2,Adam
20,0.002044888213276863,0.0,0.001863825579164596,0.0049751243,64,20,0.01,30,70,30,1,Adam
20,0.0011380163487046957,0.0,0.0009651554091625027,0.0049751243,64,20,0.01,30,70,30,2,Adam
20,0.0005555233219638467,0.0,0.0012594359227229113,0.0049751243,64,20,0.01,30,70,50,1,Adam
20,0.002136567607522011,0.0,0.00045803229241117615,0.0049751243,64,20,0.01,30,70,50,2,Adam
20,0.0006315620266832411,0.0,0.0009042300696285507,0.0049751243,64,20,0.01,30,70,70,1,Adam
20,0.0003053747059311718,0.0,0.000494826276785467,0.0049751243,64,20,0.01,30,70,70,2,Adam
20,0.0004646754823625088,0.0,0.0006712079737381778,0.0049751243,64,20,0.01,50,30,30,1,Adam
20,0.000856081023812294,0.0,0.0008930178082302509,0.0049751243,64,20,0.01,50,30,30,2,Adam
20,0.0004561824316624552,0.0,0.0007809764243412151,0.0049751243,64,20,0.01,50,30,50,1,Adam
20,0.00013117166236042976,0.0,0.0006147836112308394,0.0049751243,64,20,0.01,50,30,50,2,Adam
20,0.0016352653037756681,0.0,0.0006538602718689586,0.0049751243,64,20,0.01,50,30,70,1,Adam
20,0.0001463093503843993,0.0,0.0006385110367891097,0.0049751243,64,20,0.01,50,30,70,2,Adam
20,0.0019577157218009233,0.0,0.0011671370014650238,0.0049751243,64,20,0.01,50,50,30,1,Adam
20,0.0011853560572490096,0.0,0.0011703484665326756,0.0049751243,64,20,0.01,50,50,30,2,Adam
20,0.00017661266610957682,0.0,0.0011262054003738052,0.0049751243,64,20,0.01,50,50,50,1,Adam
20,7.061809446895495e-05,0.0,0.0006723192732419764,0.0049751243,64,20,0.01,50,50,50,2,Adam
20,0.0042976816184818745,0.0,0.001551459696238272,0.0049751243,64,20,0.01,50,50,70,1,Adam
20,0.0007813904667273164,0.0,0.0010045209528289883,0.0049751243,64,20,0.01,50,50,70,2,Adam
20,0.00011901077959919348,0.0,0.0009288421095886375,0.0049751243,64,20,0.01,50,70,30,1,Adam
20,0.0013589358422905207,0.0,0.0008180347999293746,0.0049751243,64,20,0.01,50,70,30,2,Adam
20,0.0009030786459334195,0.0,0.0006411661766353642,0.0049751243,64,20,0.01,50,70,50,1,Adam
20,0.0006837127730250359,0.0,0.0016666640254173113,0.0049751243,64,20,0.01,50,70,50,2,Adam
20,0.00138418423011899,0.0,0.0012245276964278845,0.0049751243,64,20,0.01,50,70,70,1,Adam
20,8.369475835934281e-05,0.0,0.0006956697267304124,0.0049751243,64,20,0.01,50,70,70,2,Adam
20,0.0010841420153155923,0.0,0.0006265608794797231,0.0049751243,64,20,0.01,70,30,30,1,Adam
20,0.0011533296201378107,0.0,0.0008489987552304988,0.0049751243,64,20,0.01,70,30,30,2,Adam
20,0.00015833956422284245,0.0,0.0004550376979388593,0.0049751243,64,20,0.01,70,30,50,1,Adam
20,0.00013181546819396317,0.0,0.0006211230662229717,0.0049751243,64,20,0.01,70,30,50,2,Adam
20,0.0005491124466061592,0.0,0.0006237552476356464,0.0049751243,64,20,0.01,70,30,70,1,Adam
20,0.003029343206435442,0.0,0.0015287067650224253,0.0049751243,64,20,0.01,70,30,70,2,Adam
20,0.0016596829518675804,0.0,0.0009675295704938656,0.0049751243,64,20,0.01,70,50,30,1,Adam
20,0.001012745895422995,0.0,0.0008110026632023243,0.0049751243,64,20,0.01,70,50,30,2,Adam
20,0.00030975393019616604,0.0,0.00038860900201881073,0.0049751243,64,20,0.01,70,50,50,1,Adam
20,0.00023391112335957587,0.0,0.0004331834848265891,0.0049751243,64,20,0.01,70,50,50,2,Adam
20,0.00024287770793307573,0.0,0.0005276859847977016,0.0049751243,64,20,0.01,70,50,70,1,Adam
20,0.00023374187003355473,0.0,0.0007616787856683339,0.0049751243,64,20,0.01,70,50,70,2,Adam
20,0.00014449503214564174,0.0,0.0006398042041022997,0.0049751243,64,20,0.01,70,70,30,1,Adam
20,0.0005448099109344184,0.0,0.0006995407552562599,0.0049751243,64,20,0.01,70,70,30,2,Adam
20,0.00014811281289439648,0.0,0.0007765647490156713,0.0049751243,64,20,0.01,70,70,50,1,Adam
20,0.0003455248661339283,0.0,0.0015195160664024934,0.0049751243,64,20,0.01,70,70,50,2,Adam
20,0.00038374518044292927,0.0,0.0002856471367870731,0.0049751243,64,20,0.01,70,70,70,1,Adam
20,0.0001514205359853804,0.0,0.00045298829669508135,0.0049751243,64,20,0.01,70,70,70,2,Adam
20,0.006690921727567911,0.0,0.014883706262752192,0.0049751243,64,20,0.001,30,30,30,1,Adam
20,0.007638719864189625,0.0,0.01496747769971392,0.0049751243,64,20,0.001,30,30,30,2,Adam
20,0.007960592396557331,0.0,0.013751445222293856,0.0049751243,64,20,0.001,30,30,50,1,Adam
20,0.007002791855484247,0.0,0.015420131204622005,0.0049751243,64,20,0.001,30,30,50,2,Adam
20,0.008597420528531075,0.0,0.0149202674293696,0.0049751243,64,20,0.001,30,30,70,1,Adam
20,0.0090849120169878,0.0,0.014866197880227767,0.0049751243,64,20,0.001,30,30,70,2,Adam
20,0.007567224092781544,0.0,0.014824025661902345,0.0049751243,64,20,0.001,30,50,30,1,Adam
20,0.006635238882154226,0.0,0.015592994761481807,0.0049751243,64,20,0.001,30,50,30,2,Adam
20,0.0075881644152104855,0.0,0.013936720973816676,0.0049751243,64,20,0.001,30,50,50,1,Adam
20,0.00837049912661314,0.0,0.014093644879943697,0.0049751243,64,20,0.001,30,50,50,2,Adam
20,0.006428794004023075,0.0,0.014018426408333269,0.0049751243,64,20,0.001,30,50,70,1,Adam
20,0.0072197141125798225,0.0,0.014528433106543117,0.0049751243,64,20,0.001,30,50,70,2,Adam
20,0.0067617520689964294,0.0,0.01451033326004868,0.0049751243,64,20,0.001,30,70,30,1,Adam
20,0.0070463307201862335,0.0,0.015326158555956622,0.0049751243,64,20,0.001,30,70,30,2,Adam
20,0.006655584089457989,0.0,0.014304741225506536,0.0049751243,64,20,0.001,30,70,50,1,Adam
20,0.009466482326388359,0.0,0.01358347443576476,0.0049751243,64,20,0.001,30,70,50,2,Adam
20,0.0068339938297867775,0.0,0.01413655003986845,0.0049751243,64,20,0.001,30,70,70,1,Adam
20,0.009809940122067928,0.0,0.014466877618980646,0.0049751243,64,20,0.001,30,70,70,2,Adam
20,0.006550660822540522,0.0,0.013232598702112833,0.0049751243,64,20,0.001,50,30,30,1,Adam
20,0.007329521235078573,0.0,0.014616792789887433,0.0049751243,64,20,0.001,50,30,30,2,Adam
20,0.006563704460859299,0.0,0.013652103322914881,0.0049751243,64,20,0.001,50,30,50,1,Adam
20,0.008057264611124992,0.0,0.01448995733068357,0.0049751243,64,20,0.001,50,30,50,2,Adam
20,0.006225643679499626,0.0,0.01355346623085328,0.0049751243,64,20,0.001,50,30,70,1,Adam
20,0.007600138429552317,0.0,0.014746227042184245,0.0049751243,64,20,0.001,50,30,70,2,Adam
20,0.005658154375851154,0.0,0.014423188424451434,0.0049751243,64,20,0.001,50,50,30,1,Adam
20,0.008279936388134956,0.0,0.013739936100087356,0.0049751243,64,20,0.001,50,50,30,2,Adam
20,0.0070143952034413815,0.0,0.013733173836374757,0.0049751243,64,20,0.001,50,50,50,1,Adam
20,0.009559856727719307,0.0,0.013402883700136817,0.0049751243,64,20,0.001,50,50,50,2,Adam
20,0.006936285644769669,0.0,0.01333091922326764,0.0049751243,64,20,0.001,50,50,70,1,Adam
20,0.008125551044940948,0.0,0.014007581017948502,0.0049751243,64,20,0.001,50,50,70,2,Adam
20,0.005443574395030737,0.0,0.014334473999875101,0.0049751243,64,20,0.001,50,70,30,1,Adam
20,0.007565231528133154,0.0,0.01391227419177691,0.0049751243,64,20,0.001,50,70,30,2,Adam
20,0.0071129039861261845,0.0,0.013620889342542904,0.0049751243,64,20,0.001,50,70,50,1,Adam
20,0.00923987478017807,0.0,0.01314906442343299,0.0049751243,64,20,0.001,50,70,50,2,Adam
20,0.0059324344620108604,0.0,0.013792285102590993,0.0049751243,64,20,0.001,50,70,70,1,Adam
20,0.009357496164739132,0.0,0.013265781007262308,0.0049751243,64,20,0.001,50,70,70,2,Adam
20,0.00641945144161582,0.0,0.01329361622346871,0.0049751243,64,20,0.001,70,30,30,1,Adam
20,0.006841546855866909,0.0,0.01443148680513178,0.0049751243,64,20,0.001,70,30,30,2,Adam
20,0.0058783916756510735,0.0,0.012843976784219493,0.0049751243,64,20,0.001,70,30,50,1,Adam
20,0.00830547884106636,0.0,0.013904648768108579,0.0049751243,64,20,0.001,70,30,50,2,Adam
20,0.008835526183247566,0.0,0.012541975237577413,0.0049751243,64,20,0.001,70,30,70,1,Adam
20,0.008265942335128784,0.0,0.014193659907772172,0.0049751243,64,20,0.001,70,30,70,2,Adam
20,0.005556476302444935,0.0,0.013884432989158738,0.0049751243,64,20,0.001,70,50,30,1,Adam
20,0.007985677570104599,0.0,0.013865572655230612,0.0049751243,64,20,0.001,70,50,30,2,Adam
20,0.00709204375743866,0.0,0.013140151434721638,0.0049751243,64,20,0.001,70,50,50,1,Adam
20,0.008288809098303318,0.0,0.01342817647984965,0.0049751243,64,20,0.001,70,50,50,2,Adam
20,0.00798594020307064,0.0,0.013008431044977103,0.0049751243,64,20,0.001,70,50,70,1,Adam
20,0.008598756976425648,0.0,0.013375185443950234,0.0049751243,64,20,0.001,70,50,70,2,Adam
20,0.006788129452615976,0.0,0.01307336415687752,0.0049751243,64,20,0.001,70,70,30,1,Adam
20,0.00819570291787386,0.0,0.013514126118142806,0.0049751243,64,20,0.001,70,70,30,2,Adam
20,0.00775920320302248,0.0,0.012748745033767685,0.0049751243,64,20,0.001,70,70,50,1,Adam
20,0.009816920384764671,0.0,0.013079417396837207,0.0049751243,64,20,0.001,70,70,50,2,Adam
20,0.008912737481296062,0.0,0.012447631327129567,0.0049751243,64,20,0.001,70,70,70,1,Adam
20,0.009485932067036629,0.0,0.013691954337875938,0.0049751243,64,20,0.001,70,70,70,2,Adam
50,0.0005176377599127591,0.0,0.00015662785153836012,0.0049751243,64,50,0.1,30,30,30,1,Adam
50,0.0003430717042647302,0.0,0.0001778809355301968,0.0049751243,64,50,0.1,30,30,30,2,Adam
50,0.001194892916828394,0.0,0.00014206594743375523,0.0049751243,64,50,0.1,30,30,50,1,Adam
50,0.00047086653648875654,0.0,0.00031472015664020823,0.0049751243,64,50,0.1,30,30,50,2,Adam
50,0.005201123654842377,0.0,0.0008014725244358478,0.0049751243,64,50,0.1,30,30,70,1,Adam
50,0.014062173664569855,0.0,0.002465333901948078,0.0049751243,64,50,0.1,30,30,70,2,Adam
50,0.0026726089417934418,0.0,0.0005815384521604335,0.0049751243,64,50,0.1,30,50,30,1,Adam
50,0.019616970792412758,0.0,0.022280563892268422,0.0049751243,64,50,0.1,30,50,30,2,Adam
50,0.0022534059826284647,0.0,0.0002515739286364756,0.0049751243,64,50,0.1,30,50,50,1,Adam
50,0.0005371139268390834,0.0,0.0003319530619252751,0.0049751243,64,50,0.1,30,50,50,2,Adam
50,0.003322642995044589,0.0,0.00043208702462024535,0.0049751243,64,50,0.1,30,50,70,1,Adam
50,0.0012454402167350054,0.0,0.0002892457401386893,0.0049751243,64,50,0.1,30,50,70,2,Adam
50,0.0019026374211534858,0.0,0.00043093261716711285,0.0049751243,64,50,0.1,30,70,30,1,Adam
50,0.000569746014662087,0.0,0.0002472025534284037,0.0049751243,64,50,0.1,30,70,30,2,Adam
50,0.005434887018054724,0.0,0.00027072198824512205,0.0049751243,64,50,0.1,30,70,50,1,Adam
50,0.00048381666420027614,0.0,8.133384390428329e-05,0.0049751243,64,50,0.1,30,70,50,2,Adam
50,0.004072412848472595,0.0,0.00023986373639107213,0.0049751243,64,50,0.1,30,70,70,1,Adam
50,0.00045563108869828284,0.0,0.0006758523363601509,0.0049751243,64,50,0.1,30,70,70,2,Adam
50,0.00023504902492277324,0.0,0.00044386990371841326,0.0049751243,64,50,0.1,50,30,30,1,Adam
50,0.00021451761131174862,0.0,0.00017145588429035407,0.0049751243,64,50,0.1,50,30,30,2,Adam
50,0.004292994737625122,0.0,0.0002680274287808631,0.0049751243,64,50,0.1,50,30,50,1,Adam
50,0.00024267914704978466,0.0,0.0007485838108713419,0.0049751243,64,50,0.1,50,30,50,2,Adam
50,0.00021762994583696127,0.0,0.00010846685816531546,0.0049751243,64,50,0.1,50,30,70,1,Adam
50,0.0006709423614665866,0.0,0.0002441589543317903,0.0049751243,64,50,0.1,50,30,70,2,Adam
50,0.0021407476160675287,0.0,0.0005296514113549496,0.0049751243,64,50,0.1,50,50,30,1,Adam
50,0.0007071661530062556,0.0,0.0006221246780232244,0.0049751243,64,50,0.1,50,50,30,2,Adam
50,0.00035184083390049636,0.0,0.00035895073808965957,0.0049751243,64,50,0.1,50,50,50,1,Adam
50,0.00010358270810684189,0.0,0.00015796312673679966,0.0049751243,64,50,0.1,50,50,50,2,Adam
50,0.002389059867709875,0.0,0.00013420147637706897,0.0049751243,64,50,0.1,50,50,70,1,Adam
50,0.015251412987709045,0.0,0.022448362819665106,0.0049751243,64,50,0.1,50,50,70,2,Adam
50,0.00014048781304154545,0.0,0.0006031655832147457,0.0049751243,64,50,0.1,50,70,30,1,Adam
50,0.017668548971414566,0.0,0.0223014564878905,0.0049751243,64,50,0.1,50,70,30,2,Adam
50,0.004839383997023106,0.0,0.0004879258143303184,0.0049751243,64,50,0.1,50,70,50,1,Adam
50,0.019271092489361763,0.0,0.022487229375696895,0.0049751243,64,50,0.1,50,70,50,2,Adam
50,0.0003422653244342655,0.0,0.00040321657730935985,0.0049751243,64,50,0.1,50,70,70,1,Adam
50,0.01666213572025299,0.0,0.02266848224460782,0.0049751243,64,50,0.1,50,70,70,2,Adam
50,0.005617581773549318,0.0,0.0005206850184178657,0.0049751243,64,50,0.1,70,30,30,1,Adam
50,0.0001406861556461081,0.0,0.00013592783900311412,0.0049751243,64,50,0.1,70,30,30,2,Adam
50,0.002095686737447977,0.0,0.0002875110320978571,0.0049751243,64,50,0.1,70,30,50,1,Adam
50,0.0026520141400396824,0.0,0.0003629418620515374,0.0049751243,64,50,0.1,70,30,50,2,Adam
50,0.00021003179426770657,0.0,0.00024934252912285203,0.0049751243,64,50,0.1,70,30,70,1,Adam
50,0.015866700559854507,0.0,0.02269212668066594,0.0049751243,64,50,0.1,70,30,70,2,Adam
50,0.004463869612663984,0.0,0.00024065613226538794,0.0049751243,64,50,0.1,70,50,30,1,Adam
50,0.0011892809998244047,0.0,0.0007370441754705351,0.0049751243,64,50,0.1,70,50,30,2,Adam
50,0.00044592469930648804,0.0,0.00016828795077032479,0.0049751243,64,50,0.1,70,50,50,1,Adam
50,0.00036875519435852766,0.0,0.00040006385600676214,0.0049751243,64,50,0.1,70,50,50,2,Adam
50,0.000174266955582425,0.0,0.0002451232977359746,0.0049751243,64,50,0.1,70,50,70,1,Adam
50,0.00010748449858510867,0.0,0.0007554153594378363,0.0049751243,64,50,0.1,70,50,70,2,Adam
50,0.003661294002085924,0.0,0.0005010684544686228,0.0049751243,64,50,0.1,70,70,30,1,Adam
50,0.001472520874813199,0.0,0.002232102243998899,0.0049751243,64,50,0.1,70,70,30,2,Adam
50,0.0002792758750729263,0.0,0.00034093864196077436,0.0049751243,64,50,0.1,70,70,50,1,Adam
50,0.011605636216700077,0.0,0.023981814787014208,0.0049751243,64,50,0.1,70,70,50,2,Adam
50,0.006047838367521763,0.0,0.00028410378498354216,0.0049751243,64,50,0.1,70,70,70,1,Adam
50,0.0005840595113113523,0.0,0.00012385900315089587,0.0049751243,64,50,0.1,70,70,70,2,Adam
50,0.00025839038426056504,0.0,0.00027513520216421037,0.0049751243,64,50,0.01,30,30,30,1,Adam
50,9.986430814024061e-05,0.0,0.00043818825799091466,0.0049751243,64,50,0.01,30,30,30,2,Adam
50,9.662088996265084e-05,0.0,0.0002810738776826105,0.0049751243,64,50,0.01,30,30,50,1,Adam
50,8.599331340519711e-05,0.0,0.00029168936434961784,0.0049751243,64,50,0.01,30,30,50,2,Adam
50,0.0002158713759854436,0.0,0.00023380214370444268,0.0049751243,64,50,0.01,30,30,70,1,Adam
50,0.00010178777301916853,0.0,0.0003233453114366446,0.0049751243,64,50,0.01,30,30,70,2,Adam
50,0.00017038473743014038,0.0,0.0002749693397240278,0.0049751243,64,50,0.01,30,50,30,1,Adam
50,0.0002143887395504862,0.0,0.0003192850543662155,0.0049751243,64,50,0.01,30,50,30,2,Adam
50,0.0001786435896065086,0.0,0.0002632795523768708,0.0049751243,64,50,0.01,30,50,50,1,Adam
50,0.0001509255525888875,0.0,0.00027375270057103564,0.0049751243,64,50,0.01,30,50,50,2,Adam
50,0.0004169718886259943,0.0,0.00029270096137003036,0.0049751243,64,50,0.01,30,50,70,1,Adam
50,0.00020400209177751094,0.0,0.0002796867182820025,0.0049751243,64,50,0.01,30,50,70,2,Adam
50,0.0001384540373692289,0.0,0.0003073175046222275,0.0049751243,64,50,0.01,30,70,30,1,Adam
50,0.00022243594867177308,0.0,0.0002619107353758178,0.0049751243,64,50,0.01,30,70,30,2,Adam
50,0.00025513648870401084,0.0,0.00040842234898377116,0.0049751243,64,50,0.01,30,70,50,1,Adam
50,0.0001361567701678723,0.0,0.0003084646173305717,0.0049751243,64,50,0.01,30,70,50,2,Adam
50,0.0002515570668037981,0.0,0.00025872622827410847,0.0049751243,64,50,0.01,30,70,70,1,Adam
50,0.00017238932196050882,0.0,0.0002437076913320288,0.0049751243,64,50,0.01,30,70,70,2,Adam
50,0.0004151519387960434,0.0,0.00036628116547727764,0.0049751243,64,50,0.01,50,30,30,1,Adam
50,0.0002154198446078226,0.0,0.0004297138223035344,0.0049751243,64,50,0.01,50,30,30,2,Adam
50,0.0001932923769345507,0.0,0.00024110967195210562,0.0049751243,64,50,0.01,50,30,50,1,Adam
50,0.00017087513697333634,0.0,0.00029669234987269547,0.0049751243,64,50,0.01,50,30,50,2,Adam
50,9.481243614573032e-05,0.0,0.00024166111614620567,0.0049751243,64,50,0.01,50,30,70,1,Adam
50,0.00018509509391151369,0.0,0.0002834996223317654,0.0049751243,64,50,0.01,50,30,70,2,Adam
50,0.00032402671058662236,0.0,0.00034739700210018927,0.0049751243,64,50,0.01,50,50,30,1,Adam
50,0.00024341617245227098,0.0,0.00033074788403447106,0.0049751243,64,50,0.01,50,50,30,2,Adam
50,0.0003512473776936531,0.0,0.000275259513239404,0.0049751243,64,50,0.01,50,50,50,1,Adam
50,0.00019320627325214446,0.0,0.00024908086393157075,0.0049751243,64,50,0.01,50,50,50,2,Adam
50,0.0001470227725803852,0.0,0.00021408304790166942,0.0049751243,64,50,0.01,50,50,70,1,Adam
50,0.00016043518553487957,0.0,0.00027987246283744715,0.0049751243,64,50,0.01,50,50,70,2,Adam
50,0.00014534982619807124,0.0,0.0002957172329834111,0.0049751243,64,50,0.01,50,70,30,1,Adam
50,0.00019231581245549023,0.0,0.0002503558816399833,0.0049751243,64,50,0.01,50,70,30,2,Adam
50,0.0001380142493871972,0.0,0.0002518557913431119,0.0049751243,64,50,0.01,50,70,50,1,Adam
50,0.0002803404931910336,0.0,0.0007622532818155984,0.0049751243,64,50,0.01,50,70,50,2,Adam
50,0.00023567215248476714,0.0,0.00024397028766489072,0.0049751243,64,50,0.01,50,70,70,1,Adam
50,0.0001398502936353907,0.0,0.00025345486720829315,0.0049751243,64,50,0.01,50,70,70,2,Adam
50,0.0004142349644098431,0.0,0.0003577371043053488,0.0049751243,64,50,0.01,70,30,30,1,Adam
50,0.00024130800738930702,0.0,0.0004073932129236411,0.0049751243,64,50,0.01,70,30,30,2,Adam
50,0.00042235152795910835,0.0,0.00031086351474589525,0.0049751243,64,50,0.01,70,30,50,1,Adam
50,0.00020392119768075645,0.0,0.0002761619855923143,0.0049751243,64,50,0.01,70,30,50,2,Adam
50,0.00019570134463720024,0.0,0.0002691018813873516,0.0049751243,64,50,0.01,70,30,70,1,Adam
50,0.00021549554367084056,0.0,0.00026605470512590525,0.0049751243,64,50,0.01,70,30,70,2,Adam
50,0.0002717602183111012,0.0,0.00032914123197887743,0.0049751243,64,50,0.01,70,50,30,1,Adam
50,0.0006939632003195584,0.0,0.00038114979843474666,0.0049751243,64,50,0.01,70,50,30,2,Adam
50,0.0003188406699337065,0.0,0.00022976867265568407,0.0049751243,64,50,0.01,70,50,50,1,Adam
50,0.0001468773407395929,0.0,0.0002919017442673519,0.0049751243,64,50,0.01,70,50,50,2,Adam
50,0.00020183883316349238,0.0,0.00023258687677533732,0.0049751243,64,50,0.01,70,50,70,1,Adam
50,0.00014445272972807288,0.0,0.00035977756068230937,0.0049751243,64,50,0.01,70,50,70,2,Adam
50,0.0005464892601594329,0.0,0.00027613771980308663,0.0049751243,64,50,0.01,70,70,30,1,Adam
50,0.0002241455513285473,0.0,0.0003762221486835893,0.0049751243,64,50,0.01,70,70,30,2,Adam
50,0.0001547093561384827,0.0,0.0002967273454912776,0.0049751243,64,50,0.01,70,70,50,1,Adam
50,0.0003396402462385595,0.0,0.0002857873467346236,0.0049751243,64,50,0.01,70,70,50,2,Adam
50,0.00011706984514603391,0.0,0.00026775276087414457,0.0049751243,64,50,0.01,70,70,70,1,Adam
50,0.00015118977171368897,0.0,0.0001968929438535541,0.0049751243,64,50,0.01,70,70,70,2,Adam
50,0.009973449632525444,0.0,0.0059804983033951535,0.0049751243,64,50,0.001,30,30,30,1,Adam
50,0.008978316560387611,0.0,0.004271081713635234,0.0049751243,64,50,0.001,30,30,30,2,Adam
50,0.008694274351000786,0.0,0.0058894003278098595,0.0049751243,64,50,0.001,30,30,50,1,Adam
50,0.00843051541596651,0.0,0.0040839189207135,0.0049751243,64,50,0.001,30,30,50,2,Adam
50,0.011099060997366905,0.0,0.005068531913210207,0.0049751243,64,50,0.001,30,30,70,1,Adam
50,0.006498435977846384,0.0,0.003954550854871003,0.0049751243,64,50,0.001,30,30,70,2,Adam
50,0.010715768672525883,0.0,0.00598833318892403,0.0049751243,64,50,0.001,30,50,30,1,Adam
50,0.008399496786296368,0.0,0.004282420019234591,0.0049751243,64,50,0.001,30,50,30,2,Adam
50,0.009400022216141224,0.0,0.005642943686587893,0.0049751243,64,50,0.001,30,50,50,1,Adam
50,0.012797370553016663,0.0,0.003744859290100745,0.0049751243,64,50,0.001,30,50,50,2,Adam
50,0.007506524678319693,0.0,0.005709701235086393,0.0049751243,64,50,0.001,30,50,70,1,Adam
50,0.009102744981646538,0.0,0.003599581268120242,0.0049751243,64,50,0.001,30,50,70,2,Adam
50,0.005763154476881027,0.0,0.007483912798673359,0.0049751243,64,50,0.001,30,70,30,1,Adam
50,0.007845443673431873,0.0,0.003452340374927764,0.0049751243,64,50,0.001,30,70,30,2,Adam
50,0.010793657973408699,0.0,0.005122176934478443,0.0049751243,64,50,0.001,30,70,50,1,Adam
50,0.012974679470062256,0.0,0.0037964485789561153,0.0049751243,64,50,0.001,30,70,50,2,Adam
50,0.007639874704182148,0.0,0.005942398850778257,0.0049751243,64,50,0.001,30,70,70,1,Adam
50,0.009294409304857254,0.0,0.002580965987281568,0.0049751243,64,50,0.001,30,70,70,2,Adam
50,0.010763023979961872,0.0,0.005183380676331509,0.0049751243,64,50,0.001,50,30,30,1,Adam
50,0.008898632600903511,0.0,0.0034572390019337635,0.0049751243,64,50,0.001,50,30,30,2,Adam
50,0.01140802912414074,0.0,0.00412443900175059,0.0049751243,64,50,0.001,50,30,50,1,Adam
50,0.009395577944815159,0.0,0.003337672099573028,0.0049751243,64,50,0.001,50,30,50,2,Adam
50,0.010315326042473316,0.0,0.004298019379293963,0.0049751243,64,50,0.001,50,30,70,1,Adam
50,0.00934668630361557,0.0,0.0032582866486662357,0.0049751243,64,50,0.001,50,30,70,2,Adam
50,0.009602194651961327,0.0,0.005552463270538482,0.0049751243,64,50,0.001,50,50,30,1,Adam
50,0.007035423070192337,0.0,0.0032352379879992993,0.0049751243,64,50,0.001,50,50,30,2,Adam
50,0.009238408878445625,0.0,0.004044316490111288,0.0049751243,64,50,0.001,50,50,50,1,Adam
50,0.006843266077339649,0.0,0.0024134120139390675,0.0049751243,64,50,0.001,50,50,50,2,Adam
50,0.012363553047180176,0.0,0.004333606534243668,0.0049751243,64,50,0.001,50,50,70,1,Adam
50,0.005548488814383745,0.0,0.003436425062526592,0.0049751243,64,50,0.001,50,50,70,2,Adam
50,0.011999748647212982,0.0,0.004780930239911103,0.0049751243,64,50,0.001,50,70,30,1,Adam
50,0.007421440444886684,0.0,0.0033339009080452855,0.0049751243,64,50,0.001,50,70,30,2,Adam
50,0.010530288331210613,0.0,0.00476498231500276,0.0049751243,64,50,0.001,50,70,50,1,Adam
50,0.007963231764733791,0.0,0.00277003941713457,0.0049751243,64,50,0.001,50,70,50,2,Adam
50,0.012373417615890503,0.0,0.00403222309620078,0.0049751243,64,50,0.001,50,70,70,1,Adam
50,0.006256815977394581,0.0,0.0021574424674725206,0.0049751243,64,50,0.001,50,70,70,2,Adam
50,0.00766462367027998,0.0,0.00497979291747162,0.0049751243,64,50,0.001,70,30,30,1,Adam
50,0.00826705526560545,0.0,0.0033839112078187183,0.0049751243,64,50,0.001,70,30,30,2,Adam
50,0.0132052693516016,0.0,0.004013483778606007,0.0049751243,64,50,0.001,70,30,50,1,Adam
50,0.006006559357047081,0.0,0.002822830455275762,0.0049751243,64,50,0.001,70,30,50,2,Adam
50,0.011585330590605736,0.0,0.003789718078671774,0.0049751243,64,50,0.001,70,30,70,1,Adam
50,0.008138851262629032,0.0,0.002789900447902228,0.0049751243,64,50,0.001,70,30,70,2,Adam
50,0.01294444315135479,0.0,0.004413819227793917,0.0049751243,64,50,0.001,70,50,30,1,Adam
50,0.006795451045036316,0.0,0.0029871148814271152,0.0049751243,64,50,0.001,70,50,30,2,Adam
50,0.010798661038279533,0.0,0.0036669033162518225,0.0049751243,64,50,0.001,70,50,50,1,Adam
50,0.005813437048345804,0.0,0.0027325250039257074,0.0049751243,64,50,0.001,70,50,50,2,Adam
50,0.009551247581839561,0.0,0.0036228804001167637,0.0049751243,64,50,0.001,70,50,70,1,Adam
50,0.0062805647030472755,0.0,0.0026221044103276743,0.0049751243,64,50,0.001,70,50,70,2,Adam
50,0.011711499653756618,0.0,0.004373737471873191,0.0049751243,64,50,0.001,70,70,30,1,Adam
50,0.005910597741603851,0.0,0.0026663235801072855,0.0049751243,64,50,0.001,70,70,30,2,Adam
50,0.010905267670750618,0.0,0.004252380656717874,0.0049751243,64,50,0.001,70,70,50,1,Adam
50,0.0063030049204826355,0.0,0.0026957092167281395,0.0049751243,64,50,0.001,70,70,50,2,Adam
50,0.011656136251986027,0.0,0.0034900543266045514,0.0049751243,64,50,0.001,70,70,70,1,Adam
50,0.0059744613245129585,0.0,0.002475821588012339,0.0049751243,64,50,0.001,70,70,70,2,Adam
80,0.000633475196082145,0.0,0.00034833795666713174,0.0049751243,64,80,0.1,30,30,30,1,Adam
80,0.0003880464646499604,0.0,0.00016100918981292985,0.0049751243,64,80,0.1,30,30,30,2,Adam
80,0.0002439998061163351,0.0,8.848227917585077e-05,0.0049751243,64,80,0.1,30,30,50,1,Adam
80,0.0005472947959788144,0.0,0.00038813704297390177,0.0049751243,64,80,0.1,30,30,50,2,Adam
80,0.0011350158601999283,0.0,0.0002466594911555746,0.0049751243,64,80,0.1,30,30,70,1,Adam
80,0.00022491920390166342,0.0,0.0004623418541240566,0.0049751243,64,80,0.1,30,30,70,2,Adam
80,0.00014265006757341325,0.0,0.00022696680867168774,0.0049751243,64,80,0.1,30,50,30,1,Adam
80,0.01491796039044857,0.0,0.02239996429291827,0.0049751243,64,80,0.1,30,50,30,2,Adam
80,0.0004347917274571955,0.0,0.00012708047856067062,0.0049751243,64,80,0.1,30,50,50,1,Adam
80,0.00039194818236865103,0.0,0.00030076755675549773,0.0049751243,64,80,0.1,30,50,50,2,Adam
80,0.00035833133733831346,0.0,0.0001166568873120027,0.0049751243,64,80,0.1,30,50,70,1,Adam
80,5.8803281717700884e-05,0.0,0.00016666239516147,0.0049751243,64,80,0.1,30,50,70,2,Adam
80,4.244215233484283e-05,0.0,8.117118261396e-05,0.0049751243,64,80,0.1,30,70,30,1,Adam
80,0.0004973260220140219,0.0,0.00021868416158000553,0.0049751243,64,80,0.1,30,70,30,2,Adam
80,0.0006500724703073502,0.0,0.00018406563828842927,0.0049751243,64,80,0.1,30,70,50,1,Adam
80,7.112124876584858e-05,0.0,0.00011183855310458903,0.0049751243,64,80,0.1,30,70,50,2,Adam
80,0.004600276239216328,0.0,0.0003967283948658229,0.0049751243,64,80,0.1,30,70,70,1,Adam
80,0.0017804376548156142,0.0,0.00014976676642102426,0.0049751243,64,80,0.1,30,70,70,2,Adam
80,0.00031076997402124107,0.0,9.665034904807287e-05,0.0049751243,64,80,0.1,50,30,30,1,Adam
80,0.00041097449138760567,0.0,8.90127071374199e-05,0.0049751243,64,80,0.1,50,30,30,2,Adam
80,0.00035576411755755544,0.0,0.00036068232072660914,0.0049751243,64,80,0.1,50,30,50,1,Adam
80,0.00012960346066392958,0.0,9.561218819418802e-05,0.0049751243,64,80,0.1,50,30,50,2,Adam
80,0.00186760607175529,0.0,0.0004624954748741497,0.0049751243,64,80,0.1,50,30,70,1,Adam
80,0.0012750973692163825,0.0,0.000433988876936758,0.0049751243,64,80,0.1,50,30,70,2,Adam
80,0.000272654986474663,0.0,0.000343938400987443,0.0049751243,64,80,0.1,50,50,30,1,Adam
80,9.851607319433242e-05,0.0,0.00020988527722326595,0.0049751243,64,80,0.1,50,50,30,2,Adam
80,0.0005697092856280506,0.0,0.00014571126391740508,0.0049751243,64,80,0.1,50,50,50,1,Adam
80,0.00031633564503863454,0.0,0.0002238593802414371,0.0049751243,64,80,0.1,50,50,50,2,Adam
80,0.001754590542986989,0.0,0.0007849016174122654,0.0049751243,64,80,0.1,50,50,70,1,Adam
80,0.00019355550466571003,0.0,5.75210816798551e-05,0.0049751243,64,80,0.1,50,50,70,2,Adam
80,0.00024509179638698697,0.0,0.00010281169348464704,0.0049751243,64,80,0.1,50,70,30,1,Adam
80,0.0007225450244732201,0.0,0.00033041562795490186,0.0049751243,64,80,0.1,50,70,30,2,Adam
80,0.0004897156031802297,0.0,0.00010065206861417666,0.0049751243,64,80,0.1,50,70,50,1,Adam
80,0.00038345629582181573,0.0,0.000101578063703668,0.0049751243,64,80,0.1,50,70,50,2,Adam
80,0.001347077894024551,0.0,0.00018559610219909787,0.0049751243,64,80,0.1,50,70,70,1,Adam
80,0.0005107721081003547,0.0,0.0003833185759169138,0.0049751243,64,80,0.1,50,70,70,2,Adam
80,0.0004202136769890785,0.0,0.0004620241518601525,0.0049751243,64,80,0.1,70,30,30,1,Adam
80,3.861916047753766e-05,0.0,6.375477570502913e-05,0.0049751243,64,80,0.1,70,30,30,2,Adam
80,0.0005691528785973787,0.0,0.0007566391300428566,0.0049751243,64,80,0.1,70,30,50,1,Adam
80,0.0191133301705122,0.0,0.022452580589634268,0.0049751243,64,80,0.1,70,30,50,2,Adam
80,6.468367064371705e-05,0.0,0.0002081788862321007,0.0049751243,64,80,0.1,70,30,70,1,Adam
80,0.00037738127866759896,0.0,0.00023781961647895586,0.0049751243,64,80,0.1,70,30,70,2,Adam
80,0.0006671136361546814,0.0,0.0001543594129842275,0.0049751243,64,80,0.1,70,50,30,1,Adam
80,0.00015227077528834343,0.0,7.536252974318248e-05,0.0049751243,64,80,0.1,70,50,30,2,Adam
80,0.0016479510813951492,0.0,8.912694760854819e-05,0.0049751243,64,80,0.1,70,50,50,1,Adam
80,0.012496531009674072,0.0,0.022203574577967327,0.0049751243,64,80,0.1,70,50,50,2,Adam
80,2.5409506633877754e-05,0.0,0.0003667988376263344,0.0049751243,64,80,0.1,70,50,70,1,Adam
80,0.016220714896917343,0.0,0.022324630077835635,0.0049751243,64,80,0.1,70,50,70,2,Adam
80,0.0021278029307723045,0.0,0.00018703480962367348,0.0049751243,64,80,0.1,70,70,30,1,Adam
80,0.010728506371378899,0.0,0.022336962461397422,0.0049751243,64,80,0.1,70,70,30,2,Adam
80,0.00048322678776457906,0.0,0.00012427328955306815,0.0049751243,64,80,0.1,70,70,50,1,Adam
80,0.015242139808833599,0.0,0.022434355042392936,0.0049751243,64,80,0.1,70,70,50,2,Adam
80,0.0005477909580804408,0.0,9.759157561275422e-05,0.0049751243,64,80,0.1,70,70,70,1,Adam
80,0.014258491806685925,0.0,0.022722091803799815,0.0049751243,64,80,0.1,70,70,70,2,Adam
80,0.00041598035022616386,0.0,0.0002455610734994398,0.0049751243,64,80,0.01,30,30,30,1,Adam
80,0.00036932947114109993,0.0,0.0005468774432853902,0.0049751243,64,80,0.01,30,30,30,2,Adam
80,0.0003434060199651867,0.0,0.0002142807614435882,0.0049751243,64,80,0.01,30,30,50,1,Adam
80,0.0003112566191703081,0.0,0.00024176362003616765,0.0049751243,64,80,0.01,30,30,50,2,Adam
80,0.00023763769422657788,0.0,0.0001991723466604318,0.0049751243,64,80,0.01,30,30,70,1,Adam
80,0.0004703377780970186,0.0,0.00023052057706570225,0.0049751243,64,80,0.01,30,30,70,2,Adam
80,0.00021870473574381322,0.0,0.0002289788157466871,0.0049751243,64,80,0.01,30,50,30,1,Adam
80,0.000627899426035583,0.0,0.0002911779818134336,0.0049751243,64,80,0.01,30,50,30,2,Adam
80,0.0003363983705639839,0.0,0.00025000932466572343,0.0049751243,64,80,0.01,30,50,50,1,Adam
80,0.0002080824924632907,0.0,0.00019582497973611292,0.0049751243,64,80,0.01,30,50,50,2,Adam
80,0.00017915858188644052,0.0,0.00019807369168500292,0.0049751243,64,80,0.01,30,50,70,1,Adam
80,0.00037040672032162547,0.0,0.0004550256179668825,0.0049751243,64,80,0.01,30,50,70,2,Adam
80,0.000616203062236309,0.0,0.00038169578875563295,0.0049751243,64,80,0.01,30,70,30,1,Adam
80,0.0003461592714302242,0.0,0.00021236574206911306,0.0049751243,64,80,0.01,30,70,30,2,Adam
80,0.00040103611536324024,0.0,0.00022762590737356595,0.0049751243,64,80,0.01,30,70,50,1,Adam
80,0.00015232310397550464,0.0,0.0002580029627572356,0.0049751243,64,80,0.01,30,70,50,2,Adam
80,0.00022042635828256607,0.0,0.0001811738799567061,0.0049751243,64,80,0.01,30,70,70,1,Adam
80,0.000268581643467769,0.0,0.00019528146830864658,0.0049751243,64,80,0.01,30,70,70,2,Adam
80,0.0008058332023210824,0.0,0.00028340539274405947,0.0049751243,64,80,0.01,50,30,30,1,Adam
80,0.0006255630287341774,0.0,0.00025753819167067236,0.0049751243,64,80,0.01,50,30,30,2,Adam
80,0.0006335033103823662,0.0,0.00019240439506751527,0.0049751243,64,80,0.01,50,30,50,1,Adam
80,0.000311450072331354,0.0,0.00039794334107361254,0.0049751243,64,80,0.01,50,30,50,2,Adam
80,0.0003638175257947296,0.0,0.00018344444366964275,0.0049751243,64,80,0.01,50,30,70,1,Adam
80,0.0010001560440286994,0.0,0.00017687986396074722,0.0049751243,64,80,0.01,50,30,70,2,Adam
80,0.0004863535868935287,0.0,0.00028370377904184124,0.0049751243,64,80,0.01,50,50,30,1,Adam
80,0.0004926836118102074,0.0,0.00017763457008503118,0.0049751243,64,80,0.01,50,50,30,2,Adam
80,0.0003031427622772753,0.0,0.00022875064933575246,0.0049751243,64,80,0.01,50,50,50,1,Adam
80,0.0003903150500264019,0.0,0.0001659465663248571,0.0049751243,64,80,0.01,50,50,50,2,Adam
80,0.001859458745457232,0.0,0.0002648067396812938,0.0049751243,64,80,0.01,50,50,70,1,Adam
80,0.0013189782621338964,0.0,0.0005390043266173174,0.0049751243,64,80,0.01,50,50,70,2,Adam
80,0.0008369289571419358,0.0,0.00036041793045390915,0.0049751243,64,80,0.01,50,70,30,1,Adam
80,0.0003625958051998168,0.0,0.00036539624135857867,0.0049751243,64,80,0.01,50,70,30,2,Adam
80,0.0002913849020842463,0.0,0.0001846785059538137,0.0049751243,64,80,0.01,50,70,50,1,Adam
80,0.00046712704352103174,0.0,0.0003816449637663787,0.0049751243,64,80,0.01,50,70,50,2,Adam
80,0.0003502068866509944,0.0,0.0001903319786666471,0.0049751243,64,80,0.01,50,70,70,1,Adam
80,0.00043748816824518144,0.0,0.00029574926435514193,0.0049751243,64,80,0.01,50,70,70,2,Adam
80,0.0004148848238401115,0.0,0.00025922900432980256,0.0049751243,64,80,0.01,70,30,30,1,Adam
80,0.0006743058329448104,0.0,0.00030396559330129726,0.0049751243,64,80,0.01,70,30,30,2,Adam
80,0.00026413105661049485,0.0,0.00018574159731538225,0.0049751243,64,80,0.01,70,30,50,1,Adam
80,0.0012592461425811052,0.0,0.00017475394823991542,0.0049751243,64,80,0.01,70,30,50,2,Adam
80,0.00031227574800141156,0.0,0.00022320508059468677,0.0049751243,64,80,0.01,70,30,70,1,Adam
80,0.0009268576395697892,0.0,0.00018933786218870079,0.0049751243,64,80,0.01,70,30,70,2,Adam
80,0.00041912379674613476,0.0,0.00027967946006179743,0.0049751243,64,80,0.01,70,50,30,1,Adam
80,0.0014552357606589794,0.0,0.00021345077826182788,0.0049751243,64,80,0.01,70,50,30,2,Adam
80,0.00034777793916873634,0.0,0.00021757604416740121,0.0049751243,64,80,0.01,70,50,50,1,Adam
80,0.0005420503439381719,0.0,0.00017834682682464224,0.0049751243,64,80,0.01,70,50,50,2,Adam
80,0.00037534127477556467,0.0,0.000282248522578368,0.0049751243,64,80,0.01,70,50,70,1,Adam
80,0.0003752188349608332,0.0,0.00011327044559939213,0.0049751243,64,80,0.01,70,50,70,2,Adam
80,0.002977550495415926,0.0,0.00030858505375924245,0.0049751243,64,80,0.01,70,70,30,1,Adam
80,0.00042127896449528635,0.0,0.0001279230041540024,0.0049751243,64,80,0.01,70,70,30,2,Adam
80,0.0017568750772625208,0.0,0.0001930782085791953,0.0049751243,64,80,0.01,70,70,50,1,Adam
80,0.0005312621942721307,0.0,0.00018278131361666196,0.0049751243,64,80,0.01,70,70,50,2,Adam
80,0.0002449220628477633,0.0,0.00029832792114489596,0.0049751243,64,80,0.01,70,70,70,1,Adam
80,0.000861463719047606,0.0,0.00018764600879614084,0.0049751243,64,80,0.01,70,70,70,2,Adam
80,0.006371617317199707,0.0,0.0023955161363553644,0.0049751243,64,80,0.001,30,30,30,1,Adam
80,0.0044779046438634396,0.0,0.0016376305909002599,0.0049751243,64,80,0.001,30,30,30,2,Adam
80,0.009001503698527813,0.0,0.003208154456838224,0.0049751243,64,80,0.001,30,30,50,1,Adam
80,0.0026634398382157087,0.0,0.0012361516394717295,0.0049751243,64,80,0.001,30,30,50,2,Adam
80,0.0073585533536970615,0.0,0.002443920159527096,0.0049751243,64,80,0.001,30,30,70,1,Adam
80,0.001896006753668189,0.0,0.0009422039951079651,0.0049751243,64,80,0.001,30,30,70,2,Adam
80,0.012208180502057076,0.0,0.0030729041900485754,0.0049751243,64,80,0.001,30,50,30,1,Adam
80,0.0021486144978553057,0.0,0.0011174368796017559,0.0049751243,64,80,0.001,30,50,30,2,Adam
80,0.007313514593988657,0.0,0.00257598958789042,0.0049751243,64,80,0.001,30,50,50,1,Adam
80,0.0007558916695415974,0.0,0.0009682351653522057,0.0049751243,64,80,0.001,30,50,50,2,Adam
80,0.009878229349851608,0.0,0.002175695152804997,0.0049751243,64,80,0.001,30,50,70,1,Adam
80,0.002772774314507842,0.0,0.0011452588012942405,0.0049751243,64,80,0.001,30,50,70,2,Adam
80,0.008603556081652641,0.0,0.003111239972139769,0.0049751243,64,80,0.001,30,70,30,1,Adam
80,0.0017657207790762186,0.0,0.0009662423115478486,0.0049751243,64,80,0.001,30,70,30,2,Adam
80,0.008389098569750786,0.0,0.0028337926571419584,0.0049751243,64,80,0.001,30,70,50,1,Adam
80,0.0008080892148427665,0.0,0.0006782271620117832,0.0049751243,64,80,0.001,30,70,50,2,Adam
80,0.006249821279197931,0.0,0.002018098516704802,0.0049751243,64,80,0.001,30,70,70,1,Adam
80,0.0016206300351768732,0.0,0.0004997671360557723,0.0049751243,64,80,0.001,30,70,70,2,Adam
80,0.008500130847096443,0.0,0.002604200451435586,0.0049751243,64,80,0.001,50,30,30,1,Adam
80,0.002226656535640359,0.0,0.0013645809259328213,0.0049751243,64,80,0.001,50,30,30,2,Adam
80,0.0052222381345927715,0.0,0.001822967710093924,0.0049751243,64,80,0.001,50,30,50,1,Adam
80,0.001397039508447051,0.0,0.0008325429710869988,0.0049751243,64,80,0.001,50,30,50,2,Adam
80,0.010090433061122894,0.0,0.0018355967624655077,0.0049751243,64,80,0.001,50,30,70,1,Adam
80,0.0011155657703056931,0.0,0.0004985391784086361,0.0049751243,64,80,0.001,50,30,70,2,Adam
80,0.004307806957513094,0.0,0.0013576868124565674,0.0049751243,64,80,0.001,50,50,30,1,Adam
80,0.0015836053062230349,0.0,0.0006230720999391184,0.0049751243,64,80,0.001,50,50,30,2,Adam
80,0.006083228625357151,0.0,0.0022246152016598343,0.0049751243,64,80,0.001,50,50,50,1,Adam
80,0.0009927565697580576,0.0,0.0007467805344593452,0.0049751243,64,80,0.001,50,50,50,2,Adam
80,0.006699464283883572,0.0,0.001813720541065605,0.0049751243,64,80,0.001,50,50,70,1,Adam
80,0.000858189188875258,0.0,0.0005496047473100214,0.0049751243,64,80,0.001,50,50,70,2,Adam
80,0.006044243928045034,0.0,0.001694730239160433,0.0049751243,64,80,0.001,50,70,30,1,Adam
80,0.00227452558465302,0.0,0.0009940556917366786,0.0049751243,64,80,0.001,50,70,30,2,Adam
80,0.008721670135855675,0.0,0.0017836108810699253,0.0049751243,64,80,0.001,50,70,50,1,Adam
80,0.0005011815810576081,0.0,0.0005160795637077434,0.0049751243,64,80,0.001,50,70,50,2,Adam
80,0.003917085938155651,0.0,0.0009797339832099776,0.0049751243,64,80,0.001,50,70,70,1,Adam
80,0.0003373550425749272,0.0,0.00043156864757207107,0.0049751243,64,80,0.001,50,70,70,2,Adam
80,0.0077858781442046165,0.0,0.0016994006139462562,0.0049751243,64,80,0.001,70,30,30,1,Adam
80,0.0008933430653996766,0.0,0.0006400049642071277,0.0049751243,64,80,0.001,70,30,30,2,Adam
80,0.0047215865924954414,0.0,0.0008840772820826601,0.0049751243,64,80,0.001,70,30,50,1,Adam
80,0.0011859085643664002,0.0,0.000631400693870562,0.0049751243,64,80,0.001,70,30,50,2,Adam
80,0.006162616424262524,0.0,0.0009795127069318103,0.0049751243,64,80,0.001,70,30,70,1,Adam
80,0.0007589802844449878,0.0,0.0004542401223790957,0.0049751243,64,80,0.001,70,30,70,2,Adam
80,0.006243569776415825,0.0,0.0015367960603096852,0.0049751243,64,80,0.001,70,50,30,1,Adam
80,0.0016169181326404214,0.0,0.0006847901112545948,0.0049751243,64,80,0.001,70,50,30,2,Adam
80,0.004692745395004749,0.0,0.0011065363158837924,0.0049751243,64,80,0.001,70,50,50,1,Adam
80,0.0007753500249236822,0.0,0.0005992078262877034,0.0049751243,64,80,0.001,70,50,50,2,Adam
80,0.004555695690214634,0.0,0.001533405082670981,0.0049751243,64,80,0.001,70,50,70,1,Adam
80,0.00015976846043486148,0.0,0.00030737894968609254,0.0049751243,64,80,0.001,70,50,70,2,Adam
80,0.00415031099691987,0.0,0.0012863136194322018,0.0049751243,64,80,0.001,70,70,30,1,Adam
80,0.00017610148643143475,0.0,0.00043162108666555427,0.0049751243,64,80,0.001,70,70,30,2,Adam
80,0.0043210964649915695,0.0,0.0009393664575019731,0.0049751243,64,80,0.001,70,70,50,1,Adam
80,0.0003341121191624552,0.0,0.00043711551302633904,0.0049751243,64,80,0.001,70,70,50,2,Adam
80,0.0074750520288944244,0.0,0.0009749459446783163,0.0049751243,64,80,0.001,70,70,70,1,Adam
80,0.00047376364818774164,0.0,0.0004274811759586469,0.0049751243,64,80,0.001,70,70,70,2,Adam
20,0.004107887391000986,0.0,0.0009810929047638802,0.0049751243,128,20,0.1,30,30,30,1,Adam
20,0.024655554443597794,0.0,0.010177138085426087,0.0049751243,128,20,0.1,30,30,30,2,Adam
20,0.00455548707395792,0.0,0.0021632073843267873,0.0049751243,128,20,0.1,30,30,50,1,Adam
20,0.01772305928170681,0.0,0.01500670120249785,0.0049751243,128,20,0.1,30,30,50,2,Adam
20,0.007072784006595612,0.0,0.004933807259861065,0.0049751243,128,20,0.1,30,30,70,1,Adam
20,0.002052751835435629,0.0,0.005527529406792193,0.0049751243,128,20,0.1,30,30,70,2,Adam
20,0.0038378299213945866,0.0,0.00151457839740431,0.0049751243,128,20,0.1,30,50,30,1,Adam
20,0.01679292321205139,0.0,0.02231820630122773,0.0049751243,128,20,0.1,30,50,30,2,Adam
20,0.0006970686954446137,0.0,0.0010340527077645656,0.0049751243,128,20,0.1,30,50,50,1,Adam
20,0.01742688938975334,0.0,0.021512655494966317,0.0049751243,128,20,0.1,30,50,50,2,Adam
20,0.008229310624301434,0.0,0.007606981398621157,0.0049751243,128,20,0.1,30,50,70,1,Adam
20,0.01615476980805397,0.0,0.02227808012446361,0.0049751243,128,20,0.1,30,50,70,2,Adam
20,0.0002266699739266187,0.0,0.0014674883516533161,0.0049751243,128,20,0.1,30,70,30,1,Adam
20,0.027355527505278587,0.0,0.011486712333500682,0.0049751243,128,20,0.1,30,70,30,2,Adam
20,0.00547646451741457,0.0,0.0021626264469661004,0.0049751243,128,20,0.1,30,70,50,1,Adam
20,0.008321307599544525,0.0,0.0025168218503970265,0.0049751243,128,20,0.1,30,70,50,2,Adam
20,0.005457836203277111,0.0,0.006258296759437714,0.0049751243,128,20,0.1,30,70,70,1,Adam
20,0.002534116618335247,0.0,0.003613177131495406,0.0049751243,128,20,0.1,30,70,70,2,Adam
20,0.01390333753079176,0.0,0.007639138340783208,0.0049751243,128,20,0.1,50,30,30,1,Adam
20,0.02625933848321438,0.0,0.014871054477248322,0.0049751243,128,20,0.1,50,30,30,2,Adam
20,0.002300957450643182,0.0,0.0017026148178146698,0.0049751243,128,20,0.1,50,30,50,1,Adam
20,0.029431354254484177,0.0,0.007557751631725635,0.0049751243,128,20,0.1,50,30,50,2,Adam
20,0.006383747793734074,0.0,0.0009682011033005234,0.0049751243,128,20,0.1,50,30,70,1,Adam
20,0.017668480053544044,0.0,0.0223395657442992,0.0049751243,128,20,0.1,50,30,70,2,Adam
20,0.02494712732732296,0.0,0.013485319217416778,0.0049751243,128,20,0.1,50,50,30,1,Adam
20,0.00041956425411626697,0.0,0.0009956646239181136,0.0049751243,128,20,0.1,50,50,30,2,Adam
20,0.003615396562963724,0.0,0.0028704770629882663,0.0049751243,128,20,0.1,50,50,50,1,Adam
20,0.0053308093920350075,0.0,0.01671829234011731,0.0049751243,128,20,0.1,50,50,50,2,Adam
20,0.013421798124909401,0.0,0.004347566783947138,0.0049751243,128,20,0.1,50,50,70,1,Adam
20,0.01471266895532608,0.0,0.022365204823106083,0.0049751243,128,20,0.1,50,50,70,2,Adam
20,0.009751515462994576,0.0,0.0035529529023683856,0.0049751243,128,20,0.1,50,70,30,1,Adam
20,0.016593854874372482,0.0,0.022294359837672605,0.0049751243,128,20,0.1,50,70,30,2,Adam
20,0.008340987376868725,0.0,0.005922482339711628,0.0049751243,128,20,0.1,50,70,50,1,Adam
20,0.03052460588514805,0.0,0.010995143806719366,0.0049751243,128,20,0.1,50,70,50,2,Adam
20,0.010007769800722599,0.0,0.004587270975094381,0.0049751243,128,20,0.1,50,70,70,1,Adam
20,0.15267843008041382,0.0,0.10171390751108009,0.0049751243,128,20,0.1,50,70,70,2,Adam
20,0.020108750090003014,0.0,0.005740131010574785,0.0049751243,128,20,0.1,70,30,30,1,Adam
20,0.01577768102288246,0.0,0.022295772464047025,0.0049751243,128,20,0.1,70,30,30,2,Adam
20,0.02616192027926445,0.0,0.010609650108685245,0.0049751243,128,20,0.1,70,30,50,1,Adam
20,0.015888335183262825,0.0,0.022195767472261815,0.0049751243,128,20,0.1,70,30,50,2,Adam
20,0.00011402599920984358,0.0,0.0013543540740441253,0.0049751243,128,20,0.1,70,30,70,1,Adam
20,0.017945358529686928,0.0,0.022359305862986033,0.0049751243,128,20,0.1,70,30,70,2,Adam
20,0.018575435504317284,0.0,0.004427968420143893,0.0049751243,128,20,0.1,70,50,30,1,Adam
20,0.0029399902559816837,0.0,0.0031249994430598334,0.0049751243,128,20,0.1,70,50,30,2,Adam
20,0.02929689921438694,0.0,0.007881679359026512,0.0049751243,128,20,0.1,70,50,50,1,Adam
20,0.01725529506802559,0.0,0.022257284488325094,0.0049751243,128,20,0.1,70,50,50,2,Adam
20,0.017022494226694107,0.0,0.02244062048952971,0.0049751243,128,20,0.1,70,50,70,1,Adam
20,0.15194307267665863,0.0,0.1014498057427691,0.0049751243,128,20,0.1,70,50,70,2,Adam
20,0.009723830036818981,0.0,0.012123888094367376,0.0049751243,128,20,0.1,70,70,30,1,Adam
20,0.018084226176142693,0.0,0.022378084449032647,0.0049751243,128,20,0.1,70,70,30,2,Adam
20,0.04024035483598709,0.0,0.014654924272934891,0.0049751243,128,20,0.1,70,70,50,1,Adam
20,0.014312172308564186,0.0,0.02235930332385782,0.0049751243,128,20,0.1,70,70,50,2,Adam
20,0.01964433863759041,0.0,0.008570542183718574,0.0049751243,128,20,0.1,70,70,70,1,Adam
20,0.01508332323282957,0.0,0.02246152827358661,0.0049751243,128,20,0.1,70,70,70,2,Adam
20,0.013466933742165565,0.0,0.007867120454245391,0.0049751243,128,20,0.01,30,30,30,1,Adam
20,0.013247882016003132,0.0,0.011794881431839953,0.0049751243,128,20,0.01,30,30,30,2,Adam
20,0.0135738430544734,0.0,0.008400204779107624,0.0049751243,128,20,0.01,30,30,50,1,Adam
20,0.015973877161741257,0.0,0.008157886092120143,0.0049751243,128,20,0.01,30,30,50,2,Adam
20,0.01755474880337715,0.0,0.007296120381881645,0.0049751243,128,20,0.01,30,30,70,1,Adam
20,0.015603301115334034,0.0,0.007886407799573976,0.0049751243,128,20,0.01,30,30,70,2,Adam
20,0.009983023628592491,0.0,0.009663161539023196,0.0049751243,128,20,0.01,30,50,30,1,Adam
20,0.016713429242372513,0.0,0.010078853709780755,0.0049751243,128,20,0.01,30,50,30,2,Adam
20,0.0126154450699687,0.0,0.008053933200773909,0.0049751243,128,20,0.01,30,50,50,1,Adam
20,0.013896423391997814,0.0,0.006630178142468727,0.0049751243,128,20,0.01,30,50,50,2,Adam
20,0.018681960180401802,0.0,0.006797281876947749,0.0049751243,128,20,0.01,30,50,70,1,Adam
20,0.012275425717234612,0.0,0.007775082778815755,0.0049751243,128,20,0.01,30,50,70,2,Adam
20,0.007058029528707266,0.0,0.010850195680276968,0.0049751243,128,20,0.01,30,70,30,1,Adam
20,0.01055818609893322,0.0,0.008497886308723718,0.0049751243,128,20,0.01,30,70,30,2,Adam
20,0.013429144397377968,0.0,0.0091701411359494,0.0049751243,128,20,0.01,30,70,50,1,Adam
20,0.018771942704916,0.0,0.008120334663182793,0.0049751243,128,20,0.01,30,70,50,2,Adam
20,0.018635163083672523,0.0,0.0074577995793736395,0.0049751243,128,20,0.01,30,70,70,1,Adam
20,0.01630200445652008,0.0,0.00653092225605798,0.0049751243,128,20,0.01,30,70,70,2,Adam
20,0.009976783767342567,0.0,0.006579792335518261,0.0049751243,128,20,0.01,50,30,30,1,Adam
20,0.015677910298109055,0.0,0.008280813462327962,0.0049751243,128,20,0.01,50,30,30,2,Adam
20,0.012448091991245747,0.0,0.007394810186337624,0.0049751243,128,20,0.01,50,30,50,1,Adam
20,0.013660107739269733,0.0,0.00630493516297038,0.0049751243,128,20,0.01,50,30,50,2,Adam
20,0.012718597427010536,0.0,0.0068069446034988955,0.0049751243,128,20,0.01,50,30,70,1,Adam
20,0.012470463290810585,0.0,0.009226950812176685,0.0049751243,128,20,0.01,50,30,70,2,Adam
20,0.010211225599050522,0.0,0.007232869729696221,0.0049751243,128,20,0.01,50,50,30,1,Adam
20,0.011935396119952202,0.0,0.006228847665462031,0.0049751243,128,20,0.01,50,50,30,2,Adam
20,0.013832837343215942,0.0,0.0057524923508551285,0.0049751243,128,20,0.01,50,50,50,1,Adam
20,0.013490892946720123,0.0,0.006078082002439902,0.0049751243,128,20,0.01,50,50,50,2,Adam
20,0.008347948081791401,0.0,0.005878151343458921,0.0049751243,128,20,0.01,50,50,70,1,Adam
20,0.014354318380355835,0.0,0.006343939327704373,0.0049751243,128,20,0.01,50,50,70,2,Adam
20,0.013199182227253914,0.0,0.007909344187219492,0.0049751243,128,20,0.01,50,70,30,1,Adam
20,0.02300386317074299,0.0,0.006275411611839907,0.0049751243,128,20,0.01,50,70,30,2,Adam
20,0.011247767135500908,0.0,0.006646937225013971,0.0049751243,128,20,0.01,50,70,50,1,Adam
20,0.02619321644306183,0.0,0.005050055393068797,0.0049751243,128,20,0.01,50,70,50,2,Adam
20,0.014793830923736095,0.0,0.004970268552557598,0.0049751243,128,20,0.01,50,70,70,1,Adam
20,0.02305496856570244,0.0,0.005486740821055067,0.0049751243,128,20,0.01,50,70,70,2,Adam
20,0.007509132381528616,0.0,0.004618997594100696,0.0049751243,128,20,0.01,70,30,30,1,Adam
20,0.012927567586302757,0.0,0.007590701032096326,0.0049751243,128,20,0.01,70,30,30,2,Adam
20,0.010106056928634644,0.0,0.005196156869850942,0.0049751243,128,20,0.01,70,30,50,1,Adam
20,0.011378304101526737,0.0,0.007556989098625693,0.0049751243,128,20,0.01,70,30,50,2,Adam
20,0.014753023162484169,0.0,0.005800943200786908,0.0049751243,128,20,0.01,70,30,70,1,Adam
20,0.015933234244585037,0.0,0.00603310340338975,0.0049751243,128,20,0.01,70,30,70,2,Adam
20,0.0114493602886796,0.0,0.006165434914497446,0.0049751243,128,20,0.01,70,50,30,1,Adam
20,0.022267697378993034,0.0,0.005867185550672349,0.0049751243,128,20,0.01,70,50,30,2,Adam
20,0.008934163488447666,0.0,0.00553265422703096,0.0049751243,128,20,0.01,70,50,50,1,Adam
20,0.01876985654234886,0.0,0.00567535734712262,0.0049751243,128,20,0.01,70,50,50,2,Adam
20,0.01797511801123619,0.0,0.004227501985417744,0.0049751243,128,20,0.01,70,50,70,1,Adam
20,0.013787711970508099,0.0,0.0064817895135142614,0.0049751243,128,20,0.01,70,50,70,2,Adam
20,0.009385576471686363,0.0,0.005019876614806071,0.0049751243,128,20,0.01,70,70,30,1,Adam
20,0.018970264121890068,0.0,0.0049832113323483,0.0049751243,128,20,0.01,70,70,30,2,Adam
20,0.014694313518702984,0.0,0.00464083579605195,0.0049751243,128,20,0.01,70,70,50,1,Adam
20,0.02239418402314186,0.0,0.005735287720810121,0.0049751243,128,20,0.01,70,70,50,2,Adam
20,0.01800593174993992,0.0,0.0049939244633438575,0.0049751243,128,20,0.01,70,70,70,1,Adam
20,0.030972296372056007,0.0,0.005187927629446509,0.0049751243,128,20,0.01,70,70,70,2,Adam
20,0.00609166594222188,0.0,0.033589516363259575,0.0049751243,128,20,0.001,30,30,30,1,Adam
20,0.006742686964571476,0.0,0.03757513946487536,0.0049751243,128,20,0.001,30,30,30,2,Adam
20,0.0046961959451437,0.0,0.025648002628589153,0.0049751243,128,20,0.001,30,30,50,1,Adam
20,0.00753756845369935,0.0,0.04120462311811708,0.0049751243,128,20,0.001,30,30,50,2,Adam
20,0.005432152654975653,0.0,0.01826508137958115,0.0049751243,128,20,0.001,30,30,70,1,Adam
20,0.005144400056451559,0.0,0.028822323020121353,0.0049751243,128,20,0.001,30,30,70,2,Adam
20,0.005746872629970312,0.0,0.032828212164305336,0.0049751243,128,20,0.001,30,50,30,1,Adam
20,0.004947775509208441,0.0,0.028321823679763287,0.0049751243,128,20,0.001,30,50,30,2,Adam
20,0.004584110341966152,0.0,0.02409572358155132,0.0049751243,128,20,0.001,30,50,50,1,Adam
20,0.005188543349504471,0.0,0.021718898371084414,0.0049751243,128,20,0.001,30,50,50,2,Adam
20,0.004469647537916899,0.0,0.022126775373941036,0.0049751243,128,20,0.001,30,50,70,1,Adam
20,0.006131928414106369,0.0,0.02023323735602163,0.0049751243,128,20,0.001,30,50,70,2,Adam
20,0.0046181026846170425,0.0,0.025313782779064344,0.0049751243,128,20,0.001,30,70,30,1,Adam
20,0.00475574005395174,0.0,0.025562196321303573,0.0049751243,128,20,0.001,30,70,30,2,Adam
20,0.004661235958337784,0.0,0.02487211351037322,0.0049751243,128,20,0.001,30,70,50,1,Adam
20,0.010644936934113503,0.0,0.016158469614401386,0.0049751243,128,20,0.001,30,70,50,2,Adam
20,0.0045019472017884254,0.0,0.022414755937990857,0.0049751243,128,20,0.001,30,70,70,1,Adam
20,0.0065417117439210415,0.0,0.018865719103991097,0.0049751243,128,20,0.001,30,70,70,2,Adam
20,0.004782088100910187,0.0,0.01852655558110173,0.0049751243,128,20,0.001,50,30,30,1,Adam
20,0.005189964082092047,0.0,0.030209974427498988,0.0049751243,128,20,0.001,50,30,30,2,Adam
20,0.008201584219932556,0.0,0.01547770291122038,0.0049751243,128,20,0.001,50,30,50,1,Adam
20,0.004819372668862343,0.0,0.02358569776574474,0.0049751243,128,20,0.001,50,30,50,2,Adam
20,0.008751742541790009,0.0,0.015409518927521078,0.0049751243,128,20,0.001,50,30,70,1,Adam
20,0.005123398266732693,0.0,0.022334087927320702,0.0049751243,128,20,0.001,50,30,70,2,Adam
20,0.005709162913262844,0.0,0.016986184721043456,0.0049751243,128,20,0.001,50,50,30,1,Adam
20,0.005418112501502037,0.0,0.020125712235620367,0.0049751243,128,20,0.001,50,50,30,2,Adam
20,0.007767426781356335,0.0,0.015412750686356677,0.0049751243,128,20,0.001,50,50,50,1,Adam
20,0.007672590669244528,0.0,0.016795429081391932,0.0049751243,128,20,0.001,50,50,50,2,Adam
20,0.00951578002423048,0.0,0.01487920949448697,0.0049751243,128,20,0.001,50,50,70,1,Adam
20,0.01093088649213314,0.0,0.01551344856360362,0.0049751243,128,20,0.001,50,50,70,2,Adam
20,0.004535181913524866,0.0,0.020661946849443426,0.0049751243,128,20,0.001,50,70,30,1,Adam
20,0.008521215990185738,0.0,0.016328191963853825,0.0049751243,128,20,0.001,50,70,30,2,Adam
20,0.005762319080531597,0.0,0.016308614530077026,0.0049751243,128,20,0.001,50,70,50,1,Adam
20,0.01319966185837984,0.0,0.01625690068030239,0.0049751243,128,20,0.001,50,70,50,2,Adam
20,0.00877724215388298,0.0,0.01528501258560674,0.0049751243,128,20,0.001,50,70,70,1,Adam
20,0.015881430357694626,0.0,0.016848968156608777,0.0049751243,128,20,0.001,50,70,70,2,Adam
20,0.00578282680362463,0.0,0.015669074238495742,0.0049751243,128,20,0.001,70,30,30,1,Adam
20,0.004526930395513773,0.0,0.023978345059043733,0.0049751243,128,20,0.001,70,30,30,2,Adam
20,0.009239178150892258,0.0,0.01508919032874392,0.0049751243,128,20,0.001,70,30,50,1,Adam
20,0.005126869771629572,0.0,0.020874240912904785,0.0049751243,128,20,0.001,70,30,50,2,Adam
20,0.012501132674515247,0.0,0.01587463798121878,0.0049751243,128,20,0.001,70,30,70,1,Adam
20,0.006366795860230923,0.0,0.018105709114440934,0.0049751243,128,20,0.001,70,30,70,2,Adam
20,0.007481378968805075,0.0,0.015055151392163625,0.0049751243,128,20,0.001,70,50,30,1,Adam
20,0.00498627033084631,0.0,0.020256880022103515,0.0049751243,128,20,0.001,70,50,30,2,Adam
20,0.009225618094205856,0.0,0.014838323089762113,0.0049751243,128,20,0.001,70,50,50,1,Adam
20,0.0066480995155870914,0.0,0.01754372635513396,0.0049751243,128,20,0.001,70,50,50,2,Adam
20,0.009572172537446022,0.0,0.015993329283980586,0.0049751243,128,20,0.001,70,50,70,1,Adam
20,0.013814618811011314,0.0,0.016938604850006932,0.0049751243,128,20,0.001,70,50,70,2,Adam
20,0.0064907437190413475,0.0,0.01547744820144639,0.0049751243,128,20,0.001,70,70,30,1,Adam
20,0.010305284522473812,0.0,0.01542971444904656,0.0049751243,128,20,0.001,70,70,30,2,Adam
20,0.010120434686541557,0.0,0.01486302746357906,0.0049751243,128,20,0.001,70,70,50,1,Adam
20,0.015915293246507645,0.0,0.017064685576516598,0.0049751243,128,20,0.001,70,70,50,2,Adam
20,0.012205169536173344,0.0,0.016615436926706514,0.0049751243,128,20,0.001,70,70,70,1,Adam
20,0.015813516452908516,0.0,0.018673429265618324,0.0049751243,128,20,0.001,70,70,70,2,Adam
50,0.001614253269508481,0.0,0.0002265713595065858,0.0049751243,128,50,0.1,30,30,30,1,Adam
50,0.007983732037246227,0.0,0.002165459096431732,0.0049751243,128,50,0.1,30,30,30,2,Adam
50,0.005700726993381977,0.0,0.00025448373612132276,0.0049751243,128,50,0.1,30,30,50,1,Adam
50,0.014064046554267406,0.0,0.022312460411618006,0.0049751243,128,50,0.1,30,30,50,2,Adam
50,0.00486243050545454,0.0,0.000400932544097536,0.0049751243,128,50,0.1,30,30,70,1,Adam
50,0.00015813687059562653,0.0,0.0009105960883093599,0.0049751243,128,50,0.1,30,30,70,2,Adam
50,0.003003514837473631,0.0,0.0002228160484622126,0.0049751243,128,50,0.1,30,50,30,1,Adam
50,0.01578715816140175,0.0,0.02228576487940342,0.0049751243,128,50,0.1,30,50,30,2,Adam
50,0.003325939644128084,0.0,0.00029986047368978536,0.0049751243,128,50,0.1,30,50,50,1,Adam
50,0.03262745961546898,0.0,0.004861803099846662,0.0049751243,128,50,0.1,30,50,50,2,Adam
50,0.002431334927678108,0.0,0.00023482490703926898,0.0049751243,128,50,0.1,30,50,70,1,Adam
50,0.015081922523677349,0.0,0.021507804203241027,0.0049751243,128,50,0.1,30,50,70,2,Adam
50,0.005389946512877941,0.0,0.00066170287729746,0.0049751243,128,50,0.1,30,70,30,1,Adam
50,0.01127034891396761,0.0,0.014437119893507282,0.0049751243,128,50,0.1,30,70,30,2,Adam
50,0.0020011255983263254,0.0,0.00045403093881488067,0.0049751243,128,50,0.1,30,70,50,1,Adam
50,0.01663239300251007,0.0,0.02231965054623523,0.0049751243,128,50,0.1,30,70,50,2,Adam
50,0.0036430067848414183,0.0,0.00039443291407495517,0.0049751243,128,50,0.1,30,70,70,1,Adam
50,0.15267843008041382,0.0,0.10171390221041826,0.0049751243,128,50,0.1,30,70,70,2,Adam
50,0.0062478454783558846,0.0,0.0003715375985947915,0.0049751243,128,50,0.1,50,30,30,1,Adam
50,0.0004750257357954979,0.0,0.0002973968599255739,0.0049751243,128,50,0.1,50,30,30,2,Adam
50,0.009012850932776928,0.0,0.00043537607155879265,0.0049751243,128,50,0.1,50,30,50,1,Adam
50,0.0006379953701980412,0.0,0.0006450719581754758,0.0049751243,128,50,0.1,50,30,50,2,Adam
50,0.0009736243519000709,0.0,0.000314317492186671,0.0049751243,128,50,0.1,50,30,70,1,Adam
50,0.0014335924061015248,0.0,0.00024426686539852165,0.0049751243,128,50,0.1,50,30,70,2,Adam
50,0.0008471991750411689,0.0,0.0002900039765865667,0.0049751243,128,50,0.1,50,50,30,1,Adam
50,0.00025712960632517934,0.0,0.0009966166267190036,0.0049751243,128,50,0.1,50,50,30,2,Adam
50,0.006130137015134096,0.0,0.0002846262103238546,0.0049751243,128,50,0.1,50,50,50,1,Adam
50,0.016183100640773773,0.0,0.022287574082390585,0.0049751243,128,50,0.1,50,50,50,2,Adam
50,0.004083795938640833,0.0,0.0002395777043797289,0.0049751243,128,50,0.1,50,50,70,1,Adam
50,0.016801416873931885,0.0,0.022290693799877047,0.0049751243,128,50,0.1,50,50,70,2,Adam
50,0.0007251249626278877,0.0,0.00019561888668014301,0.0049751243,128,50,0.1,50,70,30,1,Adam
50,0.0006453893729485571,0.0,0.0007019445671646656,0.0049751243,128,50,0.1,50,70,30,2,Adam
50,0.006449643522500992,0.0,0.0007596637463470486,0.0049751243,128,50,0.1,50,70,50,1,Adam
50,0.006333180703222752,0.0,0.015220772525972098,0.0049751243,128,50,0.1,50,70,50,2,Adam
50,0.001935330219566822,0.0,0.0002677184489059878,0.0049751243,128,50,0.1,50,70,70,1,Adam
50,0.0032954339403659105,0.0,0.00010904563753489191,0.0049751243,128,50,0.1,50,70,70,2,Adam
50,0.007719279732555151,0.0,0.00043184131086196993,0.0049751243,128,50,0.1,70,30,30,1,Adam
50,0.0003840132267214358,0.0,0.00024208992523308009,0.0049751243,128,50,0.1,70,30,30,2,Adam
50,0.010492009110748768,0.0,0.0033264593673008147,0.0049751243,128,50,0.1,70,30,50,1,Adam
50,0.0186273492872715,0.0,0.022444666775675557,0.0049751243,128,50,0.1,70,30,50,2,Adam
50,0.00010878443572437391,0.0,0.00022600797877823052,0.0049751243,128,50,0.1,70,30,70,1,Adam
50,0.01622644253075123,0.0,0.022284973005008934,0.0049751243,128,50,0.1,70,30,70,2,Adam
50,0.01145850121974945,0.0,0.0006577343536906908,0.0049751243,128,50,0.1,70,50,30,1,Adam
50,0.0002216252323705703,0.0,9.648969329763853e-05,0.0049751243,128,50,0.1,70,50,30,2,Adam
50,0.007642771117389202,0.0,0.00024188812079304245,0.0049751243,128,50,0.1,70,50,50,1,Adam
50,0.017099348828196526,0.0,0.02228505733371967,0.0049751243,128,50,0.1,70,50,50,2,Adam
50,0.007120336405932903,0.0,0.001730221566924853,0.0049751243,128,50,0.1,70,50,70,1,Adam
50,0.013276897370815277,0.0,0.02235609129886722,0.0049751243,128,50,0.1,70,50,70,2,Adam
50,0.005955919623374939,0.0,0.00033175640965960176,0.0049751243,128,50,0.1,70,70,30,1,Adam
50,0.01583082787692547,0.0,0.022294529783191967,0.0049751243,128,50,0.1,70,70,30,2,Adam
50,0.010085774585604668,0.0,0.00035272819883148395,0.0049751243,128,50,0.1,70,70,50,1,Adam
50,0.008551876991987228,0.0,0.016069069824445604,0.0049751243,128,50,0.1,70,70,50,2,Adam
50,0.0013575870543718338,0.0,0.00022067701161968806,0.0049751243,128,50,0.1,70,70,70,1,Adam
50,0.015911204740405083,0.0,0.022307702094613024,0.0049751243,128,50,0.1,70,70,70,2,Adam
50,0.0002441920223645866,0.0,0.00038051907484540115,0.0049751243,128,50,0.01,30,30,30,1,Adam
50,0.00020087258599232882,0.0,0.0004523041962462927,0.0049751243,128,50,0.01,30,30,30,2,Adam
50,0.00036893118522129953,0.0,0.0003155888804229931,0.0049751243,128,50,0.01,30,30,50,1,Adam
50,0.00026654682005755603,0.0,0.00033236588209529236,0.0049751243,128,50,0.01,30,30,50,2,Adam
50,0.0005626349593512714,0.0,0.00034455424846516024,0.0049751243,128,50,0.01,30,30,70,1,Adam
50,0.00010633093916112557,0.0,0.00032143941596822246,0.0049751243,128,50,0.01,30,30,70,2,Adam
50,0.0001901461073430255,0.0,0.00043335012032821846,0.0049751243,128,50,0.01,30,50,30,1,Adam
50,0.0001274050446227193,0.0,0.0003974830796328183,0.0049751243,128,50,0.01,30,50,30,2,Adam
50,0.0003193481534253806,0.0,0.00034237777352662046,0.0049751243,128,50,0.01,30,50,50,1,Adam
50,0.0002196647401433438,0.0,0.00030733827766221,0.0049751243,128,50,0.01,30,50,50,2,Adam
50,0.000371862348401919,0.0,0.00033334373387586865,0.0049751243,128,50,0.01,30,50,70,1,Adam
50,0.00010183994891121984,0.0,0.0002908373517401294,0.0049751243,128,50,0.01,30,50,70,2,Adam
50,0.0004883619258180261,0.0,0.0003687533916585815,0.0049751243,128,50,0.01,30,70,30,1,Adam
50,0.0001781197206582874,0.0,0.0003055342461795671,0.0049751243,128,50,0.01,30,70,30,2,Adam
50,0.00043431721860542893,0.0,0.00039035400702381755,0.0049751243,128,50,0.01,30,70,50,1,Adam
50,0.00015724930563010275,0.0,0.00033499418849945625,0.0049751243,128,50,0.01,30,70,50,2,Adam
50,0.00031113045406527817,0.0,0.0003129674131293962,0.0049751243,128,50,0.01,30,70,70,1,Adam
50,0.00010637808736646548,0.0,0.0002859195283688234,0.0049751243,128,50,0.01,30,70,70,2,Adam
50,0.0005258963210508227,0.0,0.00030693857586277715,0.0049751243,128,50,0.01,50,30,30,1,Adam
50,0.00025556253967806697,0.0,0.0004240718112148771,0.0049751243,128,50,0.01,50,30,30,2,Adam
50,0.0003638017224147916,0.0,0.00032312087196305356,0.0049751243,128,50,0.01,50,30,50,1,Adam
50,8.080888801487163e-05,0.0,0.0003938541317008788,0.0049751243,128,50,0.01,50,30,50,2,Adam
50,0.00021549477241933346,0.0,0.0002621827014045447,0.0049751243,128,50,0.01,50,30,70,1,Adam
50,6.685541302431375e-05,0.0,0.0004094312861167932,0.0049751243,128,50,0.01,50,30,70,2,Adam
50,0.00017532636411488056,0.0,0.0003085022238233771,0.0049751243,128,50,0.01,50,50,30,1,Adam
50,0.00017332872084807605,0.0,0.00033794486398845724,0.0049751243,128,50,0.01,50,50,30,2,Adam
50,0.00019478716421872377,0.0,0.0003230010755290625,0.0049751243,128,50,0.01,50,50,50,1,Adam
50,8.784272358752787e-05,0.0,0.00033856286066097775,0.0049751243,128,50,0.01,50,50,50,2,Adam
50,0.00011755675222957507,0.0,0.0002619040467798367,0.0049751243,128,50,0.01,50,50,70,1,Adam
50,8.72973250807263e-05,0.0,0.0002919315327618002,0.0049751243,128,50,0.01,50,50,70,2,Adam
50,0.0002841822279151529,0.0,0.00034849713811307997,0.0049751243,128,50,0.01,50,70,30,1,Adam
50,0.0001373474660795182,0.0,0.0003453672448560058,0.0049751243,128,50,0.01,50,70,30,2,Adam
50,0.0001515430340077728,0.0,0.000284806745728033,0.0049751243,128,50,0.01,50,70,50,1,Adam
50,8.335374877788126e-05,0.0,0.00029317669576817005,0.0049751243,128,50,0.01,50,70,50,2,Adam
50,0.0007467243121936917,0.0,0.00028199754728917126,0.0049751243,128,50,0.01,50,70,70,1,Adam
50,6.221661169547588e-05,0.0,0.000279379818607029,0.0049751243,128,50,0.01,50,70,70,2,Adam
50,0.0006322282715700567,0.0,0.00037378308566551264,0.0049751243,128,50,0.01,70,30,30,1,Adam
50,9.79390024440363e-05,0.0,0.00040428057114306413,0.0049751243,128,50,0.01,70,30,30,2,Adam
50,0.00019220677495468408,0.0,0.00027046788936198237,0.0049751243,128,50,0.01,70,30,50,1,Adam
50,0.00018868425104301423,0.0,0.0003675814785772184,0.0049751243,128,50,0.01,70,30,50,2,Adam
50,0.00028065149672329426,0.0,0.00024366934044722154,0.0049751243,128,50,0.01,70,30,70,1,Adam
50,0.00012995270662941039,0.0,0.0003113013120838418,0.0049751243,128,50,0.01,70,30,70,2,Adam
50,0.00035998501698486507,0.0,0.00033527929990306794,0.0049751243,128,50,0.01,70,50,30,1,Adam
50,9.762750414665788e-05,0.0,0.0004210521767335244,0.0049751243,128,50,0.01,70,50,30,2,Adam
50,0.00028928404208272696,0.0,0.0003013347503752332,0.0049751243,128,50,0.01,70,50,50,1,Adam
50,0.000171904539456591,0.0,0.00033601398584988916,0.0049751243,128,50,0.01,70,50,50,2,Adam
50,0.00011342288053128868,0.0,0.00030405783318608663,0.0049751243,128,50,0.01,70,50,70,1,Adam
50,8.868898294167593e-05,0.0,0.00030650192928449504,0.0049751243,128,50,0.01,70,50,70,2,Adam
50,0.0005400626105256379,0.0,0.00031393589941316764,0.0049751243,128,50,0.01,70,70,30,1,Adam
50,6.68501525069587e-05,0.0,0.00035822820045813846,0.0049751243,128,50,0.01,70,70,30,2,Adam
50,0.00040633510798215866,0.0,0.0002884404254215422,0.0049751243,128,50,0.01,70,70,50,1,Adam
50,7.580889359815046e-05,0.0,0.0002967578536177527,0.0049751243,128,50,0.01,70,70,50,2,Adam
50,0.00015247093688230962,0.0,0.00027449828539557975,0.0049751243,128,50,0.01,70,70,70,1,Adam
50,0.00018528159125708044,0.0,0.00029551126445129293,0.0049751243,128,50,0.01,70,70,70,2,Adam
50,0.006775792688131332,0.0,0.014139758460038336,0.0049751243,128,50,0.001,30,30,30,1,Adam
50,0.00846760906279087,0.0,0.013743459307287462,0.0049751243,128,50,0.001,30,30,30,2,Adam
50,0.007803286425769329,0.0,0.013392734721265918,0.0049751243,128,50,0.001,30,30,50,1,Adam
50,0.00840022973716259,0.0,0.013626609715767464,0.0049751243,128,50,0.001,30,30,50,2,Adam
50,0.00727411825209856,0.0,0.01268163734852378,0.0049751243,128,50,0.001,30,30,70,1,Adam
50,0.007080570794641972,0.0,0.013401121753661786,0.0049751243,128,50,0.001,30,30,70,2,Adam
50,0.006991179194301367,0.0,0.013328386827450783,0.0049751243,128,50,0.001,30,50,30,1,Adam
50,0.008583447895944118,0.0,0.012594766451499949,0.0049751243,128,50,0.001,30,50,30,2,Adam
50,0.008029410615563393,0.0,0.012989361358074407,0.0049751243,128,50,0.001,30,50,50,1,Adam
50,0.008298038505017757,0.0,0.01130988739375303,0.0049751243,128,50,0.001,30,50,50,2,Adam
50,0.00800919346511364,0.0,0.013008779127947727,0.0049751243,128,50,0.001,30,50,70,1,Adam
50,0.007942046038806438,0.0,0.012960646977991014,0.0049751243,128,50,0.001,30,50,70,2,Adam
50,0.006917337421327829,0.0,0.013767196671731437,0.0049751243,128,50,0.001,30,70,30,1,Adam
50,0.007164396345615387,0.0,0.012315817334832837,0.0049751243,128,50,0.001,30,70,30,2,Adam
50,0.006590391509234905,0.0,0.012717353921402153,0.0049751243,128,50,0.001,30,70,50,1,Adam
50,0.007875325158238411,0.0,0.01170913085563859,0.0049751243,128,50,0.001,30,70,50,2,Adam
50,0.00912617426365614,0.0,0.012122378791149576,0.0049751243,128,50,0.001,30,70,70,1,Adam
50,0.007926026359200478,0.0,0.011786498898519805,0.0049751243,128,50,0.001,30,70,70,2,Adam
50,0.006253373809158802,0.0,0.012732116815944513,0.0049751243,128,50,0.001,50,30,30,1,Adam
50,0.007174553815275431,0.0,0.012949891786892615,0.0049751243,128,50,0.001,50,30,30,2,Adam
50,0.006394305732101202,0.0,0.01189155002305312,0.0049751243,128,50,0.001,50,30,50,1,Adam
50,0.008508684113621712,0.0,0.011818903637354944,0.0049751243,128,50,0.001,50,30,50,2,Adam
50,0.007952893152832985,0.0,0.01183132672988212,0.0049751243,128,50,0.001,50,30,70,1,Adam
50,0.008175089955329895,0.0,0.012112830024194065,0.0049751243,128,50,0.001,50,30,70,2,Adam
50,0.007684978656470776,0.0,0.012419888791419677,0.0049751243,128,50,0.001,50,50,30,1,Adam
50,0.00701420521363616,0.0,0.011480735837301212,0.0049751243,128,50,0.001,50,50,30,2,Adam
50,0.007221276871860027,0.0,0.011203341338950307,0.0049751243,128,50,0.001,50,50,50,1,Adam
50,0.007172892801463604,0.0,0.010798996527544895,0.0049751243,128,50,0.001,50,50,50,2,Adam
50,0.0069444128312170506,0.0,0.011283802243867028,0.0049751243,128,50,0.001,50,50,70,1,Adam
50,0.008005544543266296,0.0,0.009892330657857568,0.0049751243,128,50,0.001,50,50,70,2,Adam
50,0.006657185964286327,0.0,0.01246574044746546,0.0049751243,128,50,0.001,50,70,30,1,Adam
50,0.006445317529141903,0.0,0.01098900377305586,0.0049751243,128,50,0.001,50,70,30,2,Adam
50,0.007150663994252682,0.0,0.012072138529993705,0.0049751243,128,50,0.001,50,70,50,1,Adam
50,0.00851583294570446,0.0,0.010082916722665378,0.0049751243,128,50,0.001,50,70,50,2,Adam
50,0.007316808216273785,0.0,0.010683021804697775,0.0049751243,128,50,0.001,50,70,70,1,Adam
50,0.006933294236660004,0.0,0.01147796370700669,0.0049751243,128,50,0.001,50,70,70,2,Adam
50,0.007494878023862839,0.0,0.011355821145188748,0.0049751243,128,50,0.001,70,30,30,1,Adam
50,0.006428626365959644,0.0,0.010844531228107896,0.0049751243,128,50,0.001,70,30,30,2,Adam
50,0.007023693062365055,0.0,0.010797440755500723,0.0049751243,128,50,0.001,70,30,50,1,Adam
50,0.006440372206270695,0.0,0.011618594189559048,0.0049751243,128,50,0.001,70,30,50,2,Adam
50,0.007022002246230841,0.0,0.010316439524330014,0.0049751243,128,50,0.001,70,30,70,1,Adam
50,0.007532570511102676,0.0,0.011097209268615614,0.0049751243,128,50,0.001,70,30,70,2,Adam
50,0.00710138026624918,0.0,0.012220604604675401,0.0049751243,128,50,0.001,70,50,30,1,Adam
50,0.006156495306640863,0.0,0.011254175297396989,0.0049751243,128,50,0.001,70,50,30,2,Adam
50,0.006376577075570822,0.0,0.01133707018374507,0.0049751243,128,50,0.001,70,50,50,1,Adam
50,0.008161412551999092,0.0,0.009557017106655522,0.0049751243,128,50,0.001,70,50,50,2,Adam
50,0.006293321959674358,0.0,0.01047301427252702,0.0049751243,128,50,0.001,70,50,70,1,Adam
50,0.008154148235917091,0.0,0.009794286670005736,0.0049751243,128,50,0.001,70,50,70,2,Adam
50,0.006937993224710226,0.0,0.011703820421884012,0.0049751243,128,50,0.001,70,70,30,1,Adam
50,0.007433637045323849,0.0,0.009256900691274387,0.0049751243,128,50,0.001,70,70,30,2,Adam
50,0.008293405175209045,0.0,0.009959957289013697,0.0049751243,128,50,0.001,70,70,50,1,Adam
50,0.009173652157187462,0.0,0.009172913155041228,0.0049751243,128,50,0.001,70,70,50,2,Adam
50,0.008937164209783077,0.0,0.009566248918128252,0.0049751243,128,50,0.001,70,70,70,1,Adam
50,0.0070222122594714165,0.0,0.009598098977918352,0.0049751243,128,50,0.001,70,70,70,2,Adam
80,0.0051672435365617275,0.0,0.00032268619829144753,0.0049751243,128,80,0.1,30,30,30,1,Adam
80,0.0003823895822279155,0.0,0.001617510364604048,0.0049751243,128,80,0.1,30,30,30,2,Adam
80,0.003304509911686182,0.0,0.00035591756163943394,0.0049751243,128,80,0.1,30,30,50,1,Adam
80,0.01670227199792862,0.0,0.02233241116674385,0.0049751243,128,80,0.1,30,30,50,2,Adam
80,0.0007406453369185328,0.0,0.0001553051442716419,0.0049751243,128,80,0.1,30,30,70,1,Adam
80,0.0007019640179350972,0.0,0.000524637119934908,0.0049751243,128,80,0.1,30,30,70,2,Adam
80,0.0010373962577432394,0.0,0.0001551028363787759,0.0049751243,128,80,0.1,30,50,30,1,Adam
80,0.00041483616223558784,0.0,0.00031016390658891876,0.0049751243,128,80,0.1,30,50,30,2,Adam
80,0.002852771896868944,0.0,0.0001849654888350804,0.0049751243,128,80,0.1,30,50,50,1,Adam
80,0.0003228503046557307,0.0,0.0003321475267702185,0.0049751243,128,80,0.1,30,50,50,2,Adam
80,0.0008933892240747809,0.0,0.0005948992083497827,0.0049751243,128,80,0.1,30,50,70,1,Adam
80,0.0010959578212350607,0.0,0.0005504884266245888,0.0049751243,128,80,0.1,30,50,70,2,Adam
80,0.00010319389548385516,0.0,9.930471116323626e-05,0.0049751243,128,80,0.1,30,70,30,1,Adam
80,0.0007386368815787137,0.0,0.00019553523734837437,0.0049751243,128,80,0.1,30,70,30,2,Adam
80,0.002835717750713229,0.0,0.00047970336655720104,0.0049751243,128,80,0.1,30,70,50,1,Adam
80,0.01608477532863617,0.0,0.022282848051234858,0.0049751243,128,80,0.1,30,70,50,2,Adam
80,0.003338172333315015,0.0,0.000568929504816286,0.0049751243,128,80,0.1,30,70,70,1,Adam
80,0.017053639516234398,0.0,0.02227587447460018,0.0049751243,128,80,0.1,30,70,70,2,Adam
80,0.005725161638110876,0.0,0.0005005319055172138,0.0049751243,128,80,0.1,50,30,30,1,Adam
80,0.0008870139718055725,0.0,0.0002369544949829671,0.0049751243,128,80,0.1,50,30,30,2,Adam
80,0.007443190552294254,0.0,0.0002889282292216108,0.0049751243,128,80,0.1,50,30,50,1,Adam
80,0.0010802983306348324,0.0,0.00023114048865443068,0.0049751243,128,80,0.1,50,30,50,2,Adam
80,0.001986659597605467,0.0,0.00020205577984869257,0.0049751243,128,80,0.1,50,30,70,1,Adam
80,0.019279761239886284,0.0,0.022437604033012887,0.0049751243,128,80,0.1,50,30,70,2,Adam
80,0.0018316898494958878,0.0,0.00028612589479808635,0.0049751243,128,80,0.1,50,50,30,1,Adam
80,0.0028814724646508694,0.0,0.00021611644703412974,0.0049751243,128,80,0.1,50,50,30,2,Adam
80,0.0066480813547968864,0.0,0.0003321985137852752,0.0049751243,128,80,0.1,50,50,50,1,Adam
80,0.021288981661200523,0.0,0.010005190787809108,0.0049751243,128,80,0.1,50,50,50,2,Adam
80,0.0003757420345209539,0.0,0.0003388285362080611,0.0049751243,128,80,0.1,50,50,70,1,Adam
80,0.00042194570414721966,0.0,7.619397128386011e-05,0.0049751243,128,80,0.1,50,50,70,2,Adam
80,0.0057366047985851765,0.0,0.00023427115975119248,0.0049751243,128,80,0.1,50,70,30,1,Adam
80,0.00041819861507974565,0.0,0.0001992452592850751,0.0049751243,128,80,0.1,50,70,30,2,Adam
80,0.0007018570904619992,0.0,0.000219897871888567,0.0049751243,128,80,0.1,50,70,50,1,Adam
80,0.017703091725707054,0.0,0.022617230599570038,0.0049751243,128,80,0.1,50,70,50,2,Adam
80,0.0005426454590633512,0.0,0.00014959037541678241,0.0049751243,128,80,0.1,50,70,70,1,Adam
80,0.15267843008041382,0.0,0.10171390250695879,0.0049751243,128,80,0.1,50,70,70,2,Adam
80,0.004405940417200327,0.0,0.00034963499232825465,0.0049751243,128,80,0.1,70,30,30,1,Adam
80,0.00018417369574308395,0.0,0.0001522127791731827,0.0049751243,128,80,0.1,70,30,30,2,Adam
80,0.0013225777074694633,0.0,0.00028858728414640034,0.0049751243,128,80,0.1,70,30,50,1,Adam
80,0.00039739819476380944,0.0,0.00016463326444601483,0.0049751243,128,80,0.1,70,30,50,2,Adam
80,7.440366607625037e-05,0.0,0.0002894957151828074,0.0049751243,128,80,0.1,70,30,70,1,Adam
80,0.0007992881583049893,0.0,0.0009151694743629934,0.0049751243,128,80,0.1,70,30,70,2,Adam
80,0.0042937686666846275,0.0,0.00019827876125626842,0.0049751243,128,80,0.1,70,50,30,1,Adam
80,0.0008453838527202606,0.0,0.0009218997273371736,0.0049751243,128,80,0.1,70,50,30,2,Adam
80,0.0011343811638653278,0.0,0.0002696213970685943,0.0049751243,128,80,0.1,70,50,50,1,Adam
80,0.0009054901311174035,0.0,0.0003042422546032093,0.0049751243,128,80,0.1,70,50,50,2,Adam
80,0.004215906374156475,0.0,0.0002090844283875458,0.0049751243,128,80,0.1,70,50,70,1,Adam
80,0.00016280919953715056,0.0,6.0354883570295866e-05,0.0049751243,128,80,0.1,70,50,70,2,Adam
80,0.004242404364049435,0.0,0.00023244500718547486,0.0049751243,128,80,0.1,70,70,30,1,Adam
80,0.016669606789946556,0.0,0.022299681896742304,0.0049751243,128,80,0.1,70,70,30,2,Adam
80,0.0005415068008005619,0.0,0.00020196234373855336,0.0049751243,128,80,0.1,70,70,50,1,Adam
80,0.0002823527611326426,0.0,0.00020025190387606918,0.0049751243,128,80,0.1,70,70,50,2,Adam
80,0.00011360102507751435,0.0,0.00020126354600017918,0.0049751243,128,80,0.1,70,70,70,1,Adam
80,0.15267843008041382,0.0,0.10171390999460694,0.0049751243,128,80,0.1,70,70,70,2,Adam
80,0.00011441262904554605,0.0,0.00030480757160506106,0.0049751243,128,80,0.01,30,30,30,1,Adam
80,0.00015949206135701388,0.0,0.0003520529013502398,0.0049751243,128,80,0.01,30,30,30,2,Adam
80,0.00017769713304005563,0.0,0.00022738598969380432,0.0049751243,128,80,0.01,30,30,50,1,Adam
80,0.00020798147306777537,0.0,0.0003259491646866226,0.0049751243,128,80,0.01,30,30,50,2,Adam
80,0.0001205888474942185,0.0,0.00025341896386875016,0.0049751243,128,80,0.01,30,30,70,1,Adam
80,6.428329652408138e-05,0.0,0.00026258506113663316,0.0049751243,128,80,0.01,30,30,70,2,Adam
80,0.0002172391687054187,0.0,0.0002828103499440708,0.0049751243,128,80,0.01,30,50,30,1,Adam
80,0.00011969669867539778,0.0,0.0002991349315583539,0.0049751243,128,80,0.01,30,50,30,2,Adam
80,0.0002059122343780473,0.0,0.00024787312211637936,0.0049751243,128,80,0.01,30,50,50,1,Adam
80,0.00010043669317383319,0.0,0.00024184579535304053,0.0049751243,128,80,0.01,30,50,50,2,Adam
80,0.0002681391197256744,0.0,0.00026165391043389205,0.0049751243,128,80,0.01,30,50,70,1,Adam
80,0.00010485116217751056,0.0,0.0002315474799498267,0.0049751243,128,80,0.01,30,50,70,2,Adam
80,0.0001804495113901794,0.0,0.0002715906092957292,0.0049751243,128,80,0.01,30,70,30,1,Adam
80,0.0002493457868695259,0.0,0.00034055648086620357,0.0049751243,128,80,0.01,30,70,30,2,Adam
80,0.00019733647059183568,0.0,0.00023571379463633161,0.0049751243,128,80,0.01,30,70,50,1,Adam
80,0.00014120554260443896,0.0,0.0002288356191271323,0.0049751243,128,80,0.01,30,70,50,2,Adam
80,0.0002369728172197938,0.0,0.0002215868539746795,0.0049751243,128,80,0.01,30,70,70,1,Adam
80,0.00010997270146617666,0.0,0.00022944356361172388,0.0049751243,128,80,0.01,30,70,70,2,Adam
80,0.00012513920955825597,0.0,0.00025681366180231916,0.0049751243,128,80,0.01,50,30,30,1,Adam
80,0.00027759053045883775,0.0,0.00030679899019962965,0.0049751243,128,80,0.01,50,30,30,2,Adam
80,0.00017037584620993584,0.0,0.00023670676325051698,0.0049751243,128,80,0.01,50,30,50,1,Adam
80,0.00016894210421014577,0.0,0.00025498876562434717,0.0049751243,128,80,0.01,50,30,50,2,Adam
80,0.00018301706586498767,0.0,0.00021496183509400938,0.0049751243,128,80,0.01,50,30,70,1,Adam
80,0.00014784080849494785,0.0,0.0002479005823767888,0.0049751243,128,80,0.01,50,30,70,2,Adam
80,0.00013056196621619165,0.0,0.0002523678508691434,0.0049751243,128,80,0.01,50,50,30,1,Adam
80,0.00011993017687927932,0.0,0.0002803853252527318,0.0049751243,128,80,0.01,50,50,30,2,Adam
80,0.0001650003541726619,0.0,0.00023682825255731297,0.0049751243,128,80,0.01,50,50,50,1,Adam
80,0.00013179484813008457,0.0,0.00027789184704900196,0.0049751243,128,80,0.01,50,50,50,2,Adam
80,0.00016677197709213942,0.0,0.00023873509455180325,0.0049751243,128,80,0.01,50,50,70,1,Adam
80,0.0001514251489425078,0.0,0.00023144730246586455,0.0049751243,128,80,0.01,50,50,70,2,Adam
80,0.00014206340711098164,0.0,0.0002549330681326118,0.0049751243,128,80,0.01,50,70,30,1,Adam
80,0.00019355714903213084,0.0,0.00037569608406131316,0.0049751243,128,80,0.01,50,70,30,2,Adam
80,0.0002035855723079294,0.0,0.00022728785867246785,0.0049751243,128,80,0.01,50,70,50,1,Adam
80,0.00019440270261839032,0.0,0.0002705874987206056,0.0049751243,128,80,0.01,50,70,50,2,Adam
80,0.00010208343155682087,0.0,0.00020543093817998928,0.0049751243,128,80,0.01,50,70,70,1,Adam
80,7.735878898529336e-05,0.0,0.00021448755617698294,0.0049751243,128,80,0.01,50,70,70,2,Adam
80,0.00015145547513384372,0.0,0.00028129126754964685,0.0049751243,128,80,0.01,70,30,30,1,Adam
80,0.00015691298176534474,0.0,0.0003144098218444698,0.0049751243,128,80,0.01,70,30,30,2,Adam
80,0.00016983653767965734,0.0,0.00022772721118300652,0.0049751243,128,80,0.01,70,30,50,1,Adam
80,0.000161318777827546,0.0,0.0002818484122393449,0.0049751243,128,80,0.01,70,30,50,2,Adam
80,0.00013495745952241123,0.0,0.00021288988866208501,0.0049751243,128,80,0.01,70,30,70,1,Adam
80,0.00017015577759593725,0.0,0.0002421282132767808,0.0049751243,128,80,0.01,70,30,70,2,Adam
80,0.0001494955358793959,0.0,0.00025948929074521535,0.0049751243,128,80,0.01,70,50,30,1,Adam
80,0.00016706882161088288,0.0,0.00031238766598505943,0.0049751243,128,80,0.01,70,50,30,2,Adam
80,0.00011251667456235737,0.0,0.00021766200428539005,0.0049751243,128,80,0.01,70,50,50,1,Adam
80,0.00017637702694628388,0.0,0.0002668866754766665,0.0049751243,128,80,0.01,70,50,50,2,Adam
80,0.0001881002535810694,0.0,0.0002201033898904938,0.0049751243,128,80,0.01,70,50,70,1,Adam
80,0.0002635918208397925,0.0,0.00028152513232045063,0.0049751243,128,80,0.01,70,50,70,2,Adam
80,0.00029618869302794337,0.0,0.0002748349422892435,0.0049751243,128,80,0.01,70,70,30,1,Adam
80,0.00024785465211607516,0.0,0.00032525299353274836,0.0049751243,128,80,0.01,70,70,30,2,Adam
80,0.00015139408060349524,0.0,0.00023425050298173667,0.0049751243,128,80,0.01,70,70,50,1,Adam
80,0.00011869317677337676,0.0,0.00025269343889554714,0.0049751243,128,80,0.01,70,70,50,2,Adam
80,0.0001699495769571513,0.0,0.0002128833136579198,0.0049751243,128,80,0.01,70,70,70,1,Adam
80,0.00017886361456476152,0.0,0.0002510188460472823,0.0049751243,128,80,0.01,70,70,70,2,Adam
80,0.007996276952326298,0.0,0.008766896244305284,0.0049751243,128,80,0.001,30,30,30,1,Adam
80,0.006806506309658289,0.0,0.00621840440255789,0.0049751243,128,80,0.001,30,30,30,2,Adam
80,0.009200409054756165,0.0,0.00707763371136577,0.0049751243,128,80,0.001,30,30,50,1,Adam
80,0.010050558485090733,0.0,0.004605996105078589,0.0049751243,128,80,0.001,30,30,50,2,Adam
80,0.006216241512447596,0.0,0.007924943814860351,0.0049751243,128,80,0.001,30,30,70,1,Adam
80,0.008526826277375221,0.0,0.005227744437995094,0.0049751243,128,80,0.001,30,30,70,2,Adam
80,0.006806619465351105,0.0,0.00951553625402166,0.0049751243,128,80,0.001,30,50,30,1,Adam
80,0.009420468471944332,0.0,0.005088171873019257,0.0049751243,128,80,0.001,30,50,30,2,Adam
80,0.008233645930886269,0.0,0.0077268478845185905,0.0049751243,128,80,0.001,30,50,50,1,Adam
80,0.004103379789739847,0.0,0.005729227261942121,0.0049751243,128,80,0.001,30,50,50,2,Adam
80,0.01049724593758583,0.0,0.006654962334337074,0.0049751243,128,80,0.001,30,50,70,1,Adam
80,0.00862355437129736,0.0,0.004159137710873315,0.0049751243,128,80,0.001,30,50,70,2,Adam
80,0.007570226676762104,0.0,0.009140696269992869,0.0049751243,128,80,0.001,30,70,30,1,Adam
80,0.008691365830600262,0.0,0.004436925359403909,0.0049751243,128,80,0.001,30,70,30,2,Adam
80,0.006312536541372538,0.0,0.009188793923946755,0.0049751243,128,80,0.001,30,70,50,1,Adam
80,0.01107279397547245,0.0,0.004247917183234694,0.0049751243,128,80,0.001,30,70,50,2,Adam
80,0.01098295021802187,0.0,0.006681812051405657,0.0049751243,128,80,0.001,30,70,70,1,Adam
80,0.006728769280016422,0.0,0.004134662069417351,0.0049751243,128,80,0.001,30,70,70,2,Adam
80,0.006944284774363041,0.0,0.007662669825020121,0.0049751243,128,80,0.001,50,30,30,1,Adam
80,0.006462448742240667,0.0,0.0051707682565818374,0.0049751243,128,80,0.001,50,30,30,2,Adam
80,0.0073200250044465065,0.0,0.006244092565771211,0.0049751243,128,80,0.001,50,30,50,1,Adam
80,0.007580875419080257,0.0,0.004366908020882019,0.0049751243,128,80,0.001,50,30,50,2,Adam
80,0.009116601198911667,0.0,0.005210468499221612,0.0049751243,128,80,0.001,50,30,70,1,Adam
80,0.009490098804235458,0.0,0.004330240122844183,0.0049751243,128,80,0.001,50,30,70,2,Adam
80,0.006401039659976959,0.0,0.0072773472748845075,0.0049751243,128,80,0.001,50,50,30,1,Adam
80,0.00885657500475645,0.0,0.0040523897166090525,0.0049751243,128,80,0.001,50,50,30,2,Adam
80,0.008996082469820976,0.0,0.005519970417467516,0.0049751243,128,80,0.001,50,50,50,1,Adam
80,0.010428845882415771,0.0,0.0038274292838736553,0.0049751243,128,80,0.001,50,50,50,2,Adam
80,0.009148001670837402,0.0,0.005879374865016237,0.0049751243,128,80,0.001,50,50,70,1,Adam
80,0.009284129366278648,0.0,0.003348334739911393,0.0049751243,128,80,0.001,50,50,70,2,Adam
80,0.006128557957708836,0.0,0.007534096763464645,0.0049751243,128,80,0.001,50,70,30,1,Adam
80,0.011102555319666862,0.0,0.0034855527117551854,0.0049751243,128,80,0.001,50,70,30,2,Adam
80,0.0073369815945625305,0.0,0.006061157288113192,0.0049751243,128,80,0.001,50,70,50,1,Adam
80,0.009133913554251194,0.0,0.00329488942015045,0.0049751243,128,80,0.001,50,70,50,2,Adam
80,0.010565060190856457,0.0,0.005065317407009465,0.0049751243,128,80,0.001,50,70,70,1,Adam
80,0.012573872692883015,0.0,0.0033742078436325438,0.0049751243,128,80,0.001,50,70,70,2,Adam
80,0.007832166738808155,0.0,0.006516209819738693,0.0049751243,128,80,0.001,70,30,30,1,Adam
80,0.006968260742723942,0.0,0.004396569006960487,0.0049751243,128,80,0.001,70,30,30,2,Adam
80,0.008420886471867561,0.0,0.005664470406314034,0.0049751243,128,80,0.001,70,30,50,1,Adam
80,0.009377856738865376,0.0,0.0037151011221333227,0.0049751243,128,80,0.001,70,30,50,2,Adam
80,0.01164156012237072,0.0,0.004470134295282227,0.0049751243,128,80,0.001,70,30,70,1,Adam
80,0.009454253129661083,0.0,0.00363022356122658,0.0049751243,128,80,0.001,70,30,70,2,Adam
80,0.010334743186831474,0.0,0.005268569076572781,0.0049751243,128,80,0.001,70,50,30,1,Adam
80,0.008934862911701202,0.0,0.0037977871906698045,0.0049751243,128,80,0.001,70,50,30,2,Adam
80,0.009223955683410168,0.0,0.005126599708933439,0.0049751243,128,80,0.001,70,50,50,1,Adam
80,0.008878424763679504,0.0,0.003438662728341065,0.0049751243,128,80,0.001,70,50,50,2,Adam
80,0.01151497196406126,0.0,0.004495478999703678,0.0049751243,128,80,0.001,70,50,70,1,Adam
80,0.007676564157009125,0.0,0.0032638845552889566,0.0049751243,128,80,0.001,70,50,70,2,Adam
80,0.008451857604086399,0.0,0.00585154181031223,0.0049751243,128,80,0.001,70,70,30,1,Adam
80,0.009157819673418999,0.0,0.0030372932991151935,0.0049751243,128,80,0.001,70,70,30,2,Adam
80,0.009091682732105255,0.0,0.005424191341248911,0.0049751243,128,80,0.001,70,70,50,1,Adam
80,0.010670552030205727,0.0,0.0030314933105524797,0.0049751243,128,80,0.001,70,70,50,2,Adam
80,0.013681745156645775,0.0,0.004063978835254611,0.0049751243,128,80,0.001,70,70,70,1,Adam
80,0.011397045105695724,0.0,0.003097122365988754,0.0049751243,128,80,0.001,70,70,70,2,Adam
